laptop_ID,Company,TypeName,Inches,OpSys,Touchscreen,IPS,ResX,ResY,PPI,Cpu_brand,Cpu_family,Cpu_speed,Gpu_brand,Gpu_dedicated,HDD,SSD,Flash,Hybrid,Total_Storage,Ram_GB,Weight_kg,Cpu_gen,Gpu_model_num,Gpu_is_integrated,Cpu_power,Gpu_power,Has_SSD,Has_HDD,Storage_speed,Weight_per_inch,Ram_per_kg,Weight_norm,Ram_norm,Company_category,OS_category
1118,HP,Workstation,17.3,Windows 7,0,1,1920.0,1080.0,127.33567457123111,Intel,i7,2.6,AMD,1,1000.0,0.0,0.0,0.0,1000.0,8,3.0,67.0,6150.0,0,174.20000000000002,6150.0,0,1,1,0.17341040462427745,2.6666666666666665,0.6382978723404255,0.25,Business,Windows
153,Dell,Gaming,15.6,Windows 10,0,0,1920.0,1080.0,141.21199808219862,Intel,i7,2.8,Nvidia,1,0.0,512.0,0.0,0.0,512.0,16,2.56,77.0,1050.0,0,215.6,1050.0,1,0,2,0.1641025641025641,6.25,0.5446808510638298,0.5,Business,Windows
275,Apple,Ultrabook,13.3,macOS,0,1,2560.0,1600.0,226.98300468106115,Intel,i5,2.9,Intel,0,0.0,512.0,0.0,0.0,512.0,8,1.37,72.0,550.0,1,208.79999999999998,0.0,1,0,2,0.10300751879699248,5.839416058394161,0.2914893617021277,0.25,Premium,macOS
1100,HP,Notebook,14.0,Windows 7,0,0,1920.0,1080.0,157.3505121487356,Intel,i5,2.3,Intel,0,500.0,0.0,0.0,0.0,500.0,4,1.54,62.0,520.0,1,142.6,0.0,0,1,1,0.11,2.5974025974025974,0.3276595744680851,0.125,Business,Windows
131,Dell,Notebook,17.3,Windows 10,0,0,1920.0,1080.0,127.33567457123111,Intel,i7,1.8,AMD,1,2000.0,256.0,0.0,0.0,2256.0,16,2.8,85.0,530.0,0,153.0,530.0,1,1,3,0.16184971098265893,5.714285714285714,0.5957446808510638,0.5,Business,Windows
1126,Dell,Notebook,15.6,Windows 7,0,0,1366.0,768.0,100.45466986113651,Intel,i5,2.3,AMD,1,500.0,0.0,0.0,0.0,500.0,4,2.24,62.0,315.0,0,142.6,315.0,0,1,1,0.1435897435897436,1.7857142857142856,0.4765957446808511,0.125,Business,Windows
203,HP,Notebook,17.3,Windows 10,0,0,1920.0,1080.0,127.33567457123111,Intel,i7,1.8,Nvidia,1,0.0,256.0,0.0,0.0,256.0,8,2.5,85.0,930.0,0,153.0,930.0,1,0,2,0.1445086705202312,3.2,0.5319148936170213,0.25,Business,Windows
853,Dell,Notebook,15.6,Windows 10,0,0,1366.0,768.0,100.45466986113651,Intel,i5,2.5,Intel,0,0.0,128.0,0.0,0.0,128.0,8,2.18,72.0,620.0,1,180.0,0.0,1,0,2,0.13974358974358975,3.6697247706422016,0.46382978723404256,0.25,Business,Windows
1244,Dell,Ultrabook,13.3,Windows 10,1,0,3200.0,1800.0,276.053530085501,Intel,i7,2.7,Intel,0,0.0,256.0,0.0,0.0,256.0,8,1.29,75.0,620.0,1,202.5,0.0,1,0,2,0.09699248120300752,6.201550387596899,0.274468085106383,0.25,Business,Windows
585,MSI,Gaming,17.3,Windows 10,0,0,1920.0,1080.0,127.33567457123111,Intel,i7,2.9,Nvidia,1,1000.0,512.0,0.0,0.0,1512.0,16,4.14,78.0,1070.0,0,226.2,1070.0,1,1,3,0.23930635838150285,3.8647342995169085,0.8808510638297872,0.5,Budget,Windows
819,HP,Gaming,17.3,Windows 10,0,1,1920.0,1080.0,127.33567457123111,Intel,i7,2.8,AMD,1,1000.0,0.0,0.0,0.0,1000.0,12,3.74,77.0,580.0,0,215.6,580.0,0,1,1,0.2161849710982659,3.2085561497326203,0.7957446808510639,0.375,Business,Windows
438,Lenovo,Notebook,13.3,Windows 10,0,1,1920.0,1080.0,165.6321180513006,Intel,i7,2.7,Intel,0,0.0,256.0,0.0,0.0,256.0,8,1.4,75.0,620.0,1,202.5,0.0,1,0,2,0.10526315789473684,5.714285714285714,0.2978723404255319,0.25,Business,Windows
296,Asus,Gaming,17.3,Windows 10,0,0,1920.0,1080.0,127.33567457123111,Intel,i7,2.8,Nvidia,1,1000.0,0.0,0.0,0.0,1000.0,8,3.0,77.0,1050.0,0,215.6,1050.0,0,1,1,0.17341040462427745,2.6666666666666665,0.6382978723404255,0.25,Budget,Windows
993,Asus,Gaming,17.3,Windows 10,0,0,1920.0,1080.0,127.33567457123111,Intel,i7,2.8,Nvidia,1,1000.0,256.0,0.0,0.0,1256.0,16,2.99,77.0,1050.0,0,215.6,1050.0,1,1,3,0.17283236994219653,5.351170568561873,0.6361702127659574,0.5,Budget,Windows
898,Asus,Gaming,17.3,Windows 10,0,0,1920.0,1080.0,127.33567457123111,Intel,i5,2.5,Nvidia,1,1000.0,128.0,0.0,0.0,1128.0,12,2.2,73.0,1050.0,0,182.5,1050.0,1,1,3,0.12716763005780346,5.454545454545454,0.46808510638297873,0.375,Budget,Windows
831,Lenovo,Ultrabook,14.0,Windows 10,0,1,1920.0,1080.0,157.3505121487356,Intel,i7,2.7,Intel,0,0.0,512.0,0.0,0.0,512.0,8,1.13,75.0,620.0,1,202.5,0.0,1,0,2,0.08071428571428571,7.079646017699115,0.24042553191489358,0.25,Business,Windows
326,Lenovo,Notebook,17.3,Windows 10,0,0,1600.0,900.0,106.11306214269258,Intel,i5,2.5,Nvidia,1,1000.0,0.0,0.0,0.0,1000.0,4,2.79,72.0,920.0,0,180.0,920.0,0,1,1,0.16127167630057804,1.4336917562724014,0.5936170212765958,0.125,Business,Windows
543,Dell,Notebook,15.6,Windows 10,0,0,1920.0,1080.0,141.21199808219862,Intel,i5,1.6,AMD,1,0.0,256.0,0.0,0.0,256.0,8,2.2,82.0,530.0,0,131.20000000000002,530.0,1,0,2,0.14102564102564105,3.6363636363636362,0.46808510638297873,0.25,Business,Windows
1203,Asus,Gaming,15.6,Windows 10,0,1,1920.0,1080.0,141.21199808219862,Intel,i7,2.6,Nvidia,1,1000.0,256.0,0.0,0.0,1256.0,8,2.591,67.0,960.0,0,174.20000000000002,960.0,1,1,3,0.1660897435897436,3.0876109610189113,0.5512765957446809,0.25,Budget,Windows
202,HP,Gaming,17.3,Windows 10,0,1,1920.0,1080.0,127.33567457123111,Intel,i7,2.8,Nvidia,1,1000.0,256.0,0.0,0.0,1256.0,16,3.35,77.0,1050.0,0,215.6,1050.0,1,1,3,0.1936416184971098,4.776119402985074,0.7127659574468085,0.5,Business,Windows
1184,Lenovo,Notebook,15.6,Windows 10,0,1,1920.0,1080.0,141.21199808219862,Intel,i5,2.5,Intel,0,0.0,256.0,0.0,0.0,256.0,8,1.95,72.0,620.0,1,180.0,0.0,1,0,2,0.125,4.102564102564103,0.4148936170212766,0.25,Business,Windows
709,Lenovo,Notebook,15.6,Windows 10,0,0,1920.0,1080.0,141.21199808219862,AMD,Other,2.9,AMD,1,0.0,256.0,0.0,0.0,256.0,4,2.2,94.0,530.0,0,272.59999999999997,530.0,1,0,2,0.14102564102564105,1.8181818181818181,0.46808510638297873,0.125,Business,Windows
175,HP,Notebook,17.3,Windows 10,0,1,1920.0,1080.0,127.33567457123111,Intel,i5,2.5,AMD,1,2000.0,0.0,0.0,0.0,2000.0,6,2.71,72.0,520.0,0,180.0,520.0,0,1,1,0.15664739884393064,2.2140221402214024,0.5765957446808511,0.1875,Business,Windows
1124,Asus,Gaming,15.6,Windows 10,0,1,1920.0,1080.0,141.21199808219862,Intel,i7,2.6,Nvidia,1,1000.0,128.0,0.0,0.0,1128.0,16,2.59,67.0,960.0,0,174.20000000000002,960.0,1,1,3,0.16602564102564102,6.177606177606178,0.551063829787234,0.5,Budget,Windows
430,Asus,Notebook,15.6,Linux,0,0,1920.0,1080.0,141.21199808219862,Intel,i3,2.4,Nvidia,1,1000.0,0.0,0.0,0.0,1000.0,8,2.3,71.0,940.0,0,170.4,940.0,0,1,1,0.14743589743589744,3.4782608695652177,0.4893617021276595,0.25,Budget,Linux
737,HP,Notebook,15.6,Windows 10,0,0,1920.0,1080.0,141.21199808219862,AMD,Other,0.0,AMD,1,1000.0,0.0,0.0,0.0,1000.0,4,2.1,94.0,520.0,0,0.0,520.0,0,1,1,0.13461538461538464,1.9047619047619047,0.44680851063829785,0.125,Business,Windows
406,Lenovo,Ultrabook,14.0,Windows 10,0,1,2560.0,1440.0,209.8006828649808,Intel,i7,2.7,Intel,0,0.0,1000.0,0.0,0.0,1000.0,16,1.13,75.0,620.0,1,202.5,0.0,1,0,2,0.08071428571428571,14.15929203539823,0.24042553191489358,0.5,Business,Windows
987,Toshiba,Notebook,14.0,Windows 10,0,0,1920.0,1080.0,157.3505121487356,Intel,i5,2.3,Intel,0,0.0,256.0,0.0,0.0,256.0,8,1.95,62.0,520.0,1,142.6,0.0,1,0,2,0.1392857142857143,4.102564102564103,0.4148936170212766,0.25,Budget,Windows
730,Lenovo,Ultrabook,14.0,Windows 10,0,1,1920.0,1080.0,157.3505121487356,Intel,i5,2.5,Intel,0,0.0,256.0,0.0,0.0,256.0,8,1.32,72.0,620.0,1,180.0,0.0,1,0,2,0.09428571428571429,6.0606060606060606,0.28085106382978725,0.25,Business,Windows
303,Lenovo,Notebook,15.6,Windows 10,0,0,1920.0,1080.0,141.21199808219862,AMD,Other,2.4,AMD,1,1000.0,0.0,0.0,0.0,1000.0,6,2.4,96.0,430.0,0,230.39999999999998,430.0,0,1,1,0.15384615384615385,2.5,0.5106382978723404,0.1875,Business,Windows
1080,Dell,Ultrabook,13.3,Windows 10,0,0,1920.0,1080.0,165.6321180513006,Intel,i7,2.7,Intel,0,0.0,256.0,0.0,0.0,256.0,8,1.29,75.0,620.0,1,202.5,0.0,1,0,2,0.09699248120300752,6.201550387596899,0.274468085106383,0.25,Business,Windows
542,Dell,Notebook,15.6,Windows 10,0,0,1920.0,1080.0,141.21199808219862,Intel,i7,2.8,Nvidia,1,0.0,256.0,0.0,0.0,256.0,8,1.93,76.0,930.0,0,212.79999999999998,930.0,1,0,2,0.12371794871794872,4.145077720207254,0.4106382978723404,0.25,Business,Windows
753,Acer,Notebook,14.0,Chrome OS,0,0,1366.0,768.0,111.93520355955211,Intel,Celeron,1.6,Intel,0,0.0,0.0,32.0,0.0,32.0,2,1.68,30.0,400.0,1,48.0,0.0,0,0,0,0.12,1.1904761904761905,0.35744680851063826,0.0625,Budget,Other
876,HP,Notebook,15.6,Windows 10,0,0,1920.0,1080.0,141.21199808219862,Intel,i5,2.3,Intel,0,500.0,0.0,0.0,0.0,500.0,4,2.07,62.0,520.0,1,142.6,0.0,0,1,1,0.1326923076923077,1.9323671497584543,0.4404255319148936,0.125,Business,Windows
1104,Acer,Notebook,15.6,Windows 10,0,0,1366.0,768.0,100.45466986113651,AMD,Other,2.2,AMD,1,500.0,0.0,0.0,0.0,500.0,4,2.4,74.0,0.0,0,162.8,0.0,0,1,1,0.15384615384615385,1.6666666666666667,0.5106382978723404,0.125,Budget,Windows
535,Dell,Notebook,15.6,Windows 10,0,0,1920.0,1080.0,141.21199808219862,Intel,i5,2.5,AMD,1,500.0,0.0,0.0,0.0,500.0,4,2.3,72.0,430.0,0,180.0,430.0,0,1,1,0.14743589743589744,1.7391304347826089,0.4893617021276595,0.125,Business,Windows
83,Apple,Ultrabook,12.0,macOS,0,1,2304.0,1440.0,226.41554716935852,Intel,i5,1.3,Intel,0,0.0,512.0,0.0,0.0,512.0,8,0.92,72.0,615.0,1,93.60000000000001,0.0,1,0,2,0.07666666666666667,8.695652173913043,0.19574468085106383,0.25,Premium,macOS
598,Lenovo,Notebook,15.6,Windows 10,0,0,1920.0,1080.0,141.21199808219862,AMD,Other,3.6,AMD,1,0.0,512.0,0.0,0.0,512.0,12,2.2,97.0,530.0,0,349.2,530.0,1,0,2,0.14102564102564105,5.454545454545454,0.46808510638297873,0.375,Business,Windows
477,HP,2 in 1 Convertible,13.3,Windows 10,1,1,3840.0,2160.0,331.2642361026012,Intel,i7,1.8,Intel,0,0.0,512.0,0.0,0.0,512.0,8,1.29,85.0,620.0,1,153.0,0.0,1,0,2,0.09699248120300752,6.201550387596899,0.274468085106383,0.25,Business,Windows
1120,Dell,Ultrabook,12.5,Windows 7,0,0,1366.0,768.0,125.36742798669837,Intel,i5,2.3,Intel,0,0.0,256.0,0.0,0.0,256.0,8,1.5,62.0,520.0,1,142.6,0.0,1,0,2,0.12,5.333333333333333,0.3191489361702127,0.25,Business,Windows
359,HP,Workstation,15.6,Windows 10,0,0,1920.0,1080.0,141.21199808219862,Intel,i7,2.8,Nvidia,1,0.0,256.0,0.0,0.0,256.0,8,2.6,77.0,1200.0,0,215.6,1200.0,1,0,2,0.16666666666666669,3.0769230769230766,0.5531914893617021,0.25,Business,Windows
862,Asus,Gaming,15.6,Windows 10,0,0,1920.0,1080.0,141.21199808219862,Intel,i7,2.8,Nvidia,1,1000.0,128.0,0.0,0.0,1128.0,16,2.1,77.0,1060.0,0,215.6,1060.0,1,1,3,0.13461538461538464,7.619047619047619,0.44680851063829785,0.5,Budget,Windows
448,Dell,Notebook,15.6,Windows 10,0,0,1920.0,1080.0,141.21199808219862,Intel,i5,1.6,AMD,1,0.0,256.0,0.0,0.0,256.0,4,2.2,82.0,530.0,0,131.20000000000002,530.0,1,0,2,0.14102564102564105,1.8181818181818181,0.46808510638297873,0.125,Business,Windows
19,Lenovo,Notebook,15.6,No OS,0,0,1920.0,1080.0,141.21199808219862,Intel,i3,2.4,Nvidia,1,1000.0,0.0,0.0,0.0,1000.0,8,2.2,71.0,940.0,0,170.4,940.0,0,1,1,0.14102564102564105,3.6363636363636362,0.46808510638297873,0.25,Business,Other
1206,Dell,Ultrabook,13.3,Linux,1,0,3200.0,1800.0,276.053530085501,Intel,i5,2.4,Intel,0,0.0,256.0,0.0,0.0,256.0,8,1.23,63.0,520.0,1,151.2,0.0,1,0,2,0.09248120300751879,6.504065040650406,0.26170212765957446,0.25,Business,Linux
551,Asus,Notebook,15.6,Windows 10,0,0,1366.0,768.0,100.45466986113651,AMD,Other,1.8,AMD,1,500.0,0.0,0.0,0.0,500.0,4,2.0,71.0,0.0,0,127.8,0.0,0,1,1,0.12820512820512822,2.0,0.425531914893617,0.125,Budget,Windows
651,Asus,Gaming,15.6,No OS,0,1,1920.0,1080.0,141.21199808219862,Intel,i7,2.8,Nvidia,1,1000.0,0.0,0.0,0.0,1000.0,8,2.5,77.0,1050.0,0,215.6,1050.0,0,1,1,0.16025641025641027,3.2,0.5319148936170213,0.25,Budget,Other
264,Lenovo,2 in 1 Convertible,15.6,Windows 10,1,1,1920.0,1080.0,141.21199808219862,Intel,i7,2.8,Nvidia,1,0.0,512.0,0.0,0.0,512.0,8,2.0,77.0,1050.0,0,215.6,1050.0,1,0,2,0.12820512820512822,4.0,0.425531914893617,0.25,Business,Windows
211,Dell,Ultrabook,13.3,Windows 10,1,1,3840.0,2160.0,331.2642361026012,Intel,i7,1.8,Intel,0,0.0,256.0,0.0,0.0,256.0,8,1.21,85.0,620.0,1,153.0,0.0,1,0,2,0.09097744360902255,6.6115702479338845,0.2574468085106383,0.25,Business,Windows
569,HP,Ultrabook,13.3,Windows 10,1,1,3200.0,1800.0,276.053530085501,Intel,Other,1.2,Intel,0,0.0,512.0,0.0,0.0,512.0,16,1.16,72.0,515.0,1,86.39999999999999,0.0,1,0,2,0.08721804511278194,13.793103448275863,0.24680851063829784,0.5,Business,Windows
165,Acer,Notebook,17.3,Windows 10,0,1,1920.0,1080.0,127.33567457123111,Intel,i5,1.6,Nvidia,1,0.0,256.0,0.0,0.0,256.0,4,3.0,82.0,150.0,0,131.20000000000002,150.0,1,0,2,0.17341040462427745,1.3333333333333333,0.6382978723404255,0.125,Budget,Windows
653,Lenovo,Notebook,14.0,Windows 10,0,0,1366.0,768.0,111.93520355955211,Intel,Celeron,1.6,Intel,0,0.0,0.0,32.0,0.0,32.0,4,1.43,30.0,0.0,1,48.0,0.0,0,0,0,0.10214285714285713,2.7972027972027975,0.30425531914893617,0.125,Business,Windows
965,Dell,Ultrabook,14.0,Windows 10,0,0,1920.0,1080.0,157.3505121487356,Intel,i7,2.8,Intel,0,0.0,256.0,0.0,0.0,256.0,8,1.36,76.0,620.0,1,212.79999999999998,0.0,1,0,2,0.09714285714285716,5.88235294117647,0.2893617021276596,0.25,Business,Windows
910,Dell,Notebook,15.6,Windows 10,0,0,1366.0,768.0,100.45466986113651,Intel,i3,2.0,AMD,1,1000.0,0.0,0.0,0.0,1000.0,4,2.18,60.0,420.0,0,120.0,420.0,0,1,1,0.13974358974358975,1.8348623853211008,0.46382978723404256,0.125,Business,Windows
923,Dell,Notebook,14.0,Windows 10,0,0,1920.0,1080.0,157.3505121487356,Intel,i5,2.8,Intel,0,0.0,256.0,0.0,0.0,256.0,8,1.6,74.0,620.0,1,207.2,0.0,1,0,2,0.1142857142857143,5.0,0.3404255319148936,0.25,Business,Windows
1153,Dell,Notebook,15.6,Windows 10,0,0,1366.0,768.0,100.45466986113651,Intel,i5,2.5,AMD,1,1000.0,0.0,0.0,0.0,1000.0,8,2.5,72.0,445.0,0,180.0,445.0,0,1,1,0.16025641025641027,3.2,0.5319148936170213,0.25,Business,Windows
1068,Dell,Ultrabook,13.3,Windows 10,1,0,3200.0,1800.0,276.053530085501,Intel,i7,2.7,Intel,0,0.0,1000.0,0.0,0.0,1000.0,16,1.2,75.0,620.0,1,202.5,0.0,1,0,2,0.09022556390977443,13.333333333333334,0.2553191489361702,0.5,Business,Windows
507,Asus,Netbook,11.6,Windows 10 S,0,0,1366.0,768.0,135.0942111925629,Intel,Celeron,1.1,Intel,0,0.0,0.0,64.0,0.0,64.0,4,1.2,33.0,500.0,1,36.300000000000004,0.0,0,0,0,0.10344827586206896,3.3333333333333335,0.2553191489361702,0.125,Budget,Windows
909,HP,Notebook,15.6,Windows 10,0,0,1920.0,1080.0,141.21199808219862,Intel,i7,2.7,Nvidia,1,1000.0,0.0,0.0,0.0,1000.0,8,2.04,75.0,930.0,0,202.5,930.0,0,1,1,0.13076923076923078,3.9215686274509802,0.4340425531914894,0.25,Business,Windows
1008,Dell,2 in 1 Convertible,13.3,Windows 10,1,0,1920.0,1080.0,165.6321180513006,Intel,i5,2.5,Intel,0,0.0,256.0,0.0,0.0,256.0,8,1.68,72.0,620.0,1,180.0,0.0,1,0,2,0.1263157894736842,4.761904761904762,0.35744680851063826,0.25,Business,Windows
1318,Lenovo,Notebook,14.0,Windows 10,0,0,1366.0,768.0,111.93520355955211,Intel,Celeron,1.6,Intel,0,0.0,0.0,64.0,0.0,64.0,2,1.5,30.0,0.0,1,48.0,0.0,0,0,0,0.10714285714285714,1.3333333333333333,0.3191489361702127,0.0625,Business,Windows
238,Dell,Notebook,14.0,Windows 10,0,0,1920.0,1080.0,157.3505121487356,Intel,i5,2.5,Intel,0,0.0,256.0,0.0,0.0,256.0,8,1.6,72.0,620.0,1,180.0,0.0,1,0,2,0.1142857142857143,5.0,0.3404255319148936,0.25,Business,Windows
691,HP,Notebook,17.3,Windows 10,0,1,1920.0,1080.0,127.33567457123111,Intel,i3,0.0,AMD,1,0.0,256.0,0.0,0.0,256.0,4,2.5,60.0,520.0,0,0.0,520.0,1,0,2,0.1445086705202312,1.6,0.5319148936170213,0.125,Business,Windows
614,Lenovo,Notebook,15.6,Windows 10,0,0,1920.0,1080.0,141.21199808219862,Intel,i5,2.5,Intel,0,1000.0,0.0,0.0,0.0,1000.0,6,2.4,72.0,620.0,1,180.0,0.0,0,1,1,0.15384615384615385,2.5,0.5106382978723404,0.1875,Business,Windows
35,Apple,Ultrabook,13.3,Mac OS X,0,0,1440.0,900.0,127.67794013309688,Intel,i5,1.6,Intel,0,0.0,0.0,256.0,0.0,256.0,8,1.35,72.0,6000.0,1,115.2,0.0,0,0,0,0.10150375939849623,5.925925925925926,0.2872340425531915,0.25,Premium,macOS
966,Toshiba,Notebook,13.3,Windows 7,0,0,1920.0,1080.0,165.6321180513006,Intel,i5,2.3,Intel,0,0.0,256.0,0.0,0.0,256.0,8,1.2,62.0,520.0,1,142.6,0.0,1,0,2,0.09022556390977443,6.666666666666667,0.2553191489361702,0.25,Budget,Windows
426,Lenovo,Ultrabook,14.0,Windows 10,0,1,1920.0,1080.0,157.3505121487356,Intel,i7,1.8,AMD,1,0.0,256.0,0.0,0.0,256.0,8,1.75,85.0,550.0,0,153.0,550.0,1,0,2,0.125,4.571428571428571,0.3723404255319149,0.25,Business,Windows
869,Dell,Notebook,13.3,Windows 10,1,0,1920.0,1080.0,165.6321180513006,Intel,i5,2.3,Intel,0,1000.0,0.0,0.0,0.0,1000.0,8,1.62,62.0,520.0,1,142.6,0.0,0,1,1,0.12180451127819548,4.938271604938271,0.3446808510638298,0.25,Business,Windows
843,Lenovo,Notebook,14.0,Windows 10,0,1,1920.0,1080.0,157.3505121487356,Intel,i5,2.6,Intel,0,0.0,256.0,0.0,0.0,256.0,8,1.32,73.0,620.0,1,189.8,0.0,1,0,2,0.09428571428571429,6.0606060606060606,0.28085106382978725,0.25,Business,Windows
671,HP,Notebook,15.6,Windows 10,0,0,1920.0,1080.0,141.21199808219862,Intel,i3,0.0,AMD,1,1000.0,0.0,0.0,0.0,1000.0,6,2.04,60.0,430.0,0,0.0,430.0,0,1,1,0.13076923076923078,2.941176470588235,0.4340425531914894,0.1875,Business,Windows
955,Asus,Notebook,17.3,Windows 10,0,0,1600.0,900.0,106.11306214269258,Intel,Pentium,1.6,Nvidia,1,1000.0,0.0,0.0,0.0,1000.0,4,2.8,37.0,920.0,0,59.2,920.0,0,1,1,0.16184971098265893,1.4285714285714286,0.5957446808510638,0.125,Budget,Windows
1295,Acer,Notebook,15.6,Linux,0,0,1366.0,768.0,100.45466986113651,Intel,Celeron,1.6,Intel,0,500.0,0.0,0.0,0.0,500.0,4,2.4,30.0,400.0,1,48.0,0.0,0,1,1,0.15384615384615385,1.6666666666666667,0.5106382978723404,0.125,Budget,Linux
562,Asus,Notebook,15.6,Linux,0,0,1366.0,768.0,100.45466986113651,Intel,Celeron,1.1,Intel,0,500.0,0.0,0.0,0.0,500.0,4,2.0,33.0,500.0,1,36.300000000000004,0.0,0,1,1,0.12820512820512822,2.0,0.425531914893617,0.125,Budget,Linux
827,Dell,Gaming,17.3,Windows 10,0,1,1920.0,1080.0,127.33567457123111,Intel,i7,2.8,Nvidia,1,1000.0,128.0,0.0,0.0,1128.0,16,4.36,77.0,1060.0,0,215.6,1060.0,1,1,3,0.2520231213872832,3.6697247706422016,0.9276595744680851,0.5,Business,Windows
393,Dell,Workstation,15.6,Windows 10,0,0,1920.0,1080.0,141.21199808219862,Intel,i5,2.6,AMD,1,500.0,0.0,0.0,0.0,500.0,8,2.23,64.0,5130.0,0,166.4,5130.0,0,1,1,0.14294871794871794,3.587443946188341,0.47446808510638294,0.25,Business,Windows
126,HP,Notebook,17.3,Windows 10,0,0,1920.0,1080.0,127.33567457123111,Intel,i7,1.8,Nvidia,1,0.0,512.0,0.0,0.0,512.0,16,2.5,85.0,930.0,0,153.0,930.0,1,0,2,0.1445086705202312,6.4,0.5319148936170213,0.5,Business,Windows
32,Asus,Notebook,14.0,Windows 10,0,0,1366.0,768.0,111.93520355955211,AMD,Other,1.5,AMD,1,0.0,0.0,32.0,0.0,32.0,2,1.65,61.0,0.0,0,91.5,0.0,0,0,0,0.11785714285714285,1.2121212121212122,0.351063829787234,0.0625,Budget,Windows
294,Lenovo,Notebook,15.6,No OS,0,0,1920.0,1080.0,141.21199808219862,Intel,i7,2.7,Nvidia,1,1000.0,0.0,0.0,0.0,1000.0,8,2.2,75.0,940.0,0,202.5,940.0,0,1,1,0.14102564102564105,3.6363636363636362,0.46808510638297873,0.25,Business,Other
842,Lenovo,Notebook,14.0,Windows 10,0,0,1920.0,1080.0,157.3505121487356,Intel,i5,2.3,Intel,0,0.0,256.0,0.0,0.0,256.0,8,1.7,62.0,520.0,1,142.6,0.0,1,0,2,0.12142857142857143,4.705882352941177,0.36170212765957444,0.25,Business,Windows
567,Acer,2 in 1 Convertible,11.6,Windows 10,1,1,1920.0,1080.0,189.90579052433606,Intel,Celeron,2.0,Intel,0,0.0,0.0,32.0,0.0,32.0,4,1.25,33.0,500.0,1,66.0,0.0,0,0,0,0.10775862068965518,3.2,0.26595744680851063,0.125,Budget,Windows
282,Acer,Notebook,15.6,Windows 10,0,1,1920.0,1080.0,141.21199808219862,Intel,i7,1.8,Nvidia,1,1000.0,0.0,0.0,0.0,1000.0,8,2.2,85.0,130.0,0,153.0,130.0,0,1,1,0.14102564102564105,3.6363636363636362,0.46808510638297873,0.25,Budget,Windows
936,HP,Ultrabook,13.3,Windows 10,1,0,3200.0,1800.0,276.053530085501,Intel,i7,2.7,Intel,0,0.0,256.0,0.0,0.0,256.0,8,1.39,75.0,620.0,1,202.5,0.0,1,0,2,0.10451127819548871,5.755395683453238,0.2957446808510638,0.25,Business,Windows
215,Acer,Notebook,15.6,Linux,0,0,1920.0,1080.0,141.21199808219862,Intel,i7,2.8,Nvidia,1,1000.0,0.0,0.0,0.0,1000.0,8,2.4,77.0,1050.0,0,215.6,1050.0,0,1,1,0.15384615384615385,3.3333333333333335,0.5106382978723404,0.25,Budget,Linux
1027,HP,Ultrabook,14.0,Windows 10,0,0,1920.0,1080.0,157.3505121487356,Intel,i7,2.5,Intel,0,0.0,256.0,0.0,0.0,256.0,8,1.54,65.0,520.0,1,162.5,0.0,1,0,2,0.11,5.194805194805195,0.3276595744680851,0.25,Business,Windows
771,Google,Ultrabook,12.3,Chrome OS,1,0,2400.0,1600.0,234.50740003017813,Intel,i5,1.2,Intel,0,0.0,256.0,0.0,0.0,256.0,8,1.1,72.0,615.0,1,86.39999999999999,0.0,1,0,2,0.08943089430894309,7.2727272727272725,0.23404255319148937,0.25,Budget,Other
1254,HP,Ultrabook,14.0,Windows 7,0,0,2560.0,1440.0,209.8006828649808,Intel,i7,2.5,Intel,0,0.0,256.0,0.0,0.0,256.0,8,1.54,65.0,520.0,1,162.5,0.0,1,0,2,0.11,5.194805194805195,0.3276595744680851,0.25,Business,Windows
1171,Dell,Gaming,15.6,Windows 10,0,0,1920.0,1080.0,141.21199808219862,Intel,i7,2.8,Nvidia,1,1000.0,0.0,0.0,0.0,1000.0,8,2.62,77.0,1050.0,0,215.6,1050.0,0,1,1,0.16794871794871796,3.0534351145038165,0.5574468085106383,0.25,Business,Windows
224,Dell,2 in 1 Convertible,13.3,Windows 10,1,0,1920.0,1080.0,165.6321180513006,Intel,i7,1.8,Intel,0,0.0,512.0,0.0,0.0,512.0,16,1.62,85.0,620.0,1,153.0,0.0,1,0,2,0.12180451127819548,9.876543209876543,0.3446808510638298,0.5,Business,Windows
13,Apple,Ultrabook,15.4,macOS,0,1,2880.0,1800.0,220.53462386625827,Intel,i7,2.8,AMD,1,0.0,256.0,0.0,0.0,256.0,16,1.83,72.0,555.0,0,201.6,555.0,1,0,2,0.11883116883116883,8.743169398907103,0.3893617021276596,0.5,Premium,macOS
574,Fujitsu,Notebook,15.6,Windows 10,0,0,1366.0,768.0,100.45466986113651,Intel,i5,2.5,Intel,0,1000.0,0.0,0.0,0.0,1000.0,8,2.2,72.0,620.0,1,180.0,0.0,0,1,1,0.14102564102564105,3.6363636363636362,0.46808510638297873,0.25,Budget,Windows
341,HP,Notebook,14.0,Windows 10,0,0,1920.0,1080.0,157.3505121487356,Intel,i5,2.6,Intel,0,0.0,256.0,0.0,0.0,256.0,8,1.48,73.0,620.0,1,189.8,0.0,1,0,2,0.10571428571428572,5.405405405405405,0.3148936170212766,0.25,Business,Windows
835,Asus,2 in 1 Convertible,13.3,Windows 10,1,0,1920.0,1080.0,165.6321180513006,Intel,i5,2.5,Intel,0,0.0,256.0,0.0,0.0,256.0,8,1.1,72.0,620.0,1,180.0,0.0,1,0,2,0.08270676691729323,7.2727272727272725,0.23404255319148937,0.25,Budget,Windows
828,Dell,Notebook,14.0,Windows 10,0,0,1366.0,768.0,111.93520355955211,Intel,i5,2.3,Intel,0,500.0,0.0,0.0,0.0,500.0,4,1.76,62.0,520.0,1,142.6,0.0,0,1,1,0.12571428571428572,2.272727272727273,0.37446808510638296,0.125,Business,Windows
1252,Apple,Ultrabook,11.6,Mac OS X,0,0,1366.0,768.0,135.0942111925629,Intel,i5,1.6,Intel,0,0.0,0.0,256.0,0.0,256.0,4,1.08,72.0,6000.0,1,115.2,0.0,0,0,0,0.09310344827586207,3.7037037037037033,0.2297872340425532,0.125,Premium,macOS
386,HP,Gaming,17.3,Windows 10,0,1,1920.0,1080.0,127.33567457123111,Intel,i7,2.8,Nvidia,1,1000.0,128.0,0.0,0.0,1128.0,8,3.35,77.0,1050.0,0,215.6,1050.0,1,1,3,0.1936416184971098,2.388059701492537,0.7127659574468085,0.25,Business,Windows
327,Asus,Notebook,14.0,Windows 10,0,0,1920.0,1080.0,157.3505121487356,Intel,i7,2.7,Intel,0,0.0,256.0,0.0,0.0,256.0,8,2.0,75.0,620.0,1,202.5,0.0,1,0,2,0.14285714285714285,4.0,0.425531914893617,0.25,Budget,Windows
1200,Dell,Notebook,15.6,Linux,0,0,1920.0,1080.0,141.21199808219862,Intel,i7,2.7,Nvidia,1,0.0,256.0,0.0,0.0,256.0,8,1.98,75.0,940.0,0,202.5,940.0,1,0,2,0.12692307692307692,4.040404040404041,0.42127659574468085,0.25,Business,Linux
768,Acer,Notebook,15.6,Windows 10,0,0,1366.0,768.0,100.45466986113651,Intel,i5,2.5,Intel,0,0.0,256.0,0.0,0.0,256.0,4,2.1,72.0,620.0,1,180.0,0.0,1,0,2,0.13461538461538464,1.9047619047619047,0.44680851063829785,0.125,Budget,Windows
964,HP,Workstation,15.6,Windows 10,0,1,1920.0,1080.0,141.21199808219862,Intel,i7,2.7,Nvidia,1,0.0,8.0,0.0,0.0,8.0,8,2.0,68.0,1000.0,0,183.60000000000002,1000.0,1,0,2,0.12820512820512822,4.0,0.425531914893617,0.25,Business,Windows
694,HP,Notebook,15.6,Windows 10,0,0,1366.0,768.0,100.45466986113651,Intel,i5,2.5,AMD,1,500.0,0.0,0.0,0.0,500.0,4,1.86,72.0,520.0,0,180.0,520.0,0,1,1,0.11923076923076924,2.150537634408602,0.39574468085106385,0.125,Business,Windows
985,Dell,Ultrabook,14.0,Windows 10,1,0,2560.0,1440.0,209.8006828649808,Intel,i7,2.6,Intel,0,0.0,256.0,0.0,0.0,256.0,8,1.5,66.0,520.0,1,171.6,0.0,1,0,2,0.10714285714285714,5.333333333333333,0.3191489361702127,0.25,Business,Windows
915,Lenovo,Ultrabook,14.0,Windows 10,0,1,1920.0,1080.0,157.3505121487356,Intel,i7,2.7,Intel,0,0.0,0.0,256.0,0.0,256.0,8,1.13,75.0,620.0,1,202.5,0.0,0,0,0,0.08071428571428571,7.079646017699115,0.24042553191489358,0.25,Business,Windows
462,Dell,2 in 1 Convertible,11.6,Windows 10,1,0,1366.0,768.0,135.0942111925629,Intel,Pentium,1.6,Intel,0,500.0,0.0,0.0,0.0,500.0,4,1.47,37.0,405.0,1,59.2,0.0,0,1,1,0.1267241379310345,2.7210884353741496,0.3127659574468085,0.125,Business,Windows
620,Dell,Notebook,15.6,Linux,0,0,1366.0,768.0,100.45466986113651,Intel,i3,2.0,Intel,0,1000.0,0.0,0.0,0.0,1000.0,4,2.25,60.0,520.0,1,120.0,0.0,0,1,1,0.14423076923076925,1.7777777777777777,0.4787234042553191,0.125,Business,Linux
932,Dell,Gaming,15.6,Windows 10,0,0,1920.0,1080.0,141.21199808219862,Intel,i7,2.8,Nvidia,1,1000.0,128.0,0.0,0.0,1128.0,16,2.6,77.0,1050.0,0,215.6,1050.0,1,1,3,0.16666666666666669,6.153846153846153,0.5531914893617021,0.5,Business,Windows
128,HP,Notebook,15.6,No OS,0,0,1366.0,768.0,100.45466986113651,Intel,Celeron,1.6,Intel,0,500.0,0.0,0.0,0.0,500.0,4,1.86,30.0,400.0,1,48.0,0.0,0,1,1,0.11923076923076924,2.150537634408602,0.39574468085106385,0.125,Business,Other
184,Dell,Notebook,15.6,Linux,0,0,1920.0,1080.0,141.21199808219862,Intel,i7,1.8,AMD,1,2000.0,256.0,0.0,0.0,2256.0,16,2.02,85.0,530.0,0,153.0,530.0,1,1,3,0.1294871794871795,7.920792079207921,0.4297872340425532,0.5,Business,Linux
1146,Lenovo,2 in 1 Convertible,14.0,Windows 7,1,1,1920.0,1080.0,157.3505121487356,Intel,i7,2.6,Nvidia,1,0.0,512.0,0.0,0.0,512.0,8,1.8,66.0,500.0,0,171.6,500.0,1,0,2,0.1285714285714286,4.444444444444445,0.3829787234042553,0.25,Business,Windows
458,Dell,Workstation,15.6,Windows 10,0,1,1920.0,1080.0,141.21199808219862,Intel,i7,2.7,Nvidia,1,0.0,256.0,0.0,0.0,256.0,16,2.17,68.0,620.0,0,183.60000000000002,620.0,1,0,2,0.1391025641025641,7.373271889400922,0.4617021276595744,0.5,Business,Windows
731,Dell,Gaming,17.3,Windows 10,0,0,3840.0,2160.0,254.67134914246222,Intel,i7,2.8,Nvidia,1,1000.0,1000.0,0.0,0.0,2000.0,32,4.36,77.0,1070.0,0,215.6,1070.0,1,1,3,0.2520231213872832,7.339449541284403,0.9276595744680851,1.0,Business,Windows
241,Acer,Notebook,15.6,Linux,0,0,1366.0,768.0,100.45466986113651,Intel,i3,0.0,Intel,0,1000.0,0.0,0.0,0.0,1000.0,4,2.1,60.0,520.0,1,0.0,0.0,0,1,1,0.13461538461538464,1.9047619047619047,0.44680851063829785,0.125,Budget,Linux
465,Microsoft,Ultrabook,13.5,Windows 10 S,1,0,2256.0,1504.0,200.84255993695703,Intel,i7,2.5,Intel,0,0.0,256.0,0.0,0.0,256.0,8,1.25,76.0,640.0,1,190.0,0.0,1,0,2,0.09259259259259259,6.4,0.26595744680851063,0.25,Premium,Windows
739,Dell,Notebook,15.6,Windows 10,0,0,1366.0,768.0,100.45466986113651,Intel,i5,2.5,Intel,0,1000.0,0.0,0.0,0.0,1000.0,12,2.25,72.0,620.0,1,180.0,0.0,0,1,1,0.14423076923076925,5.333333333333333,0.4787234042553191,0.375,Business,Windows
1060,HP,Notebook,14.0,Windows 7,0,0,1920.0,1080.0,157.3505121487356,Intel,i5,2.3,Intel,0,0.0,256.0,0.0,0.0,256.0,8,1.43,62.0,520.0,1,142.6,0.0,1,0,2,0.10214285714285713,5.594405594405595,0.30425531914893617,0.25,Business,Windows
235,Asus,Notebook,15.6,Windows 10,0,0,1366.0,768.0,100.45466986113651,Intel,i3,2.4,Intel,0,1000.0,0.0,0.0,0.0,1000.0,4,2.37,71.0,620.0,1,170.4,0.0,0,1,1,0.15192307692307694,1.6877637130801686,0.5042553191489362,0.125,Budget,Windows
1280,Dell,Notebook,15.6,Windows 10,0,0,1366.0,768.0,100.45466986113651,Intel,i3,2.4,Intel,0,1000.0,0.0,0.0,0.0,1000.0,6,2.3,71.0,620.0,1,170.4,0.0,0,1,1,0.14743589743589744,2.608695652173913,0.4893617021276595,0.1875,Business,Windows
525,HP,Notebook,15.6,Windows 10,0,0,1920.0,1080.0,141.21199808219862,Intel,i5,2.5,Nvidia,1,0.0,256.0,0.0,0.0,256.0,8,2.04,72.0,930.0,0,180.0,930.0,1,0,2,0.13076923076923078,3.9215686274509802,0.4340425531914894,0.25,Business,Windows
970,Dell,2 in 1 Convertible,13.3,Windows 10,1,0,1920.0,1080.0,165.6321180513006,Intel,i5,1.2,Intel,0,0.0,256.0,0.0,0.0,256.0,8,1.24,72.0,615.0,1,86.39999999999999,0.0,1,0,2,0.09323308270676692,6.451612903225807,0.26382978723404255,0.25,Business,Windows
505,Lenovo,Notebook,13.3,Windows 10,0,1,1920.0,1080.0,165.6321180513006,Intel,i3,2.4,Intel,0,0.0,256.0,0.0,0.0,256.0,8,1.4,71.0,620.0,1,170.4,0.0,1,0,2,0.10526315789473684,5.714285714285714,0.2978723404255319,0.25,Business,Windows
464,Microsoft,Ultrabook,13.5,Windows 10 S,1,0,2256.0,1504.0,200.84255993695703,Intel,Other,2.2,Intel,0,0.0,128.0,0.0,0.0,128.0,4,1.252,72.0,615.0,1,158.4,0.0,1,0,2,0.09274074074074073,3.194888178913738,0.2663829787234042,0.125,Premium,Windows
935,HP,Ultrabook,15.6,Windows 10,0,0,1920.0,1080.0,141.21199808219862,Intel,i7,2.5,AMD,1,0.0,256.0,0.0,0.0,256.0,8,1.84,65.0,365.0,0,162.5,365.0,1,0,2,0.11794871794871796,4.3478260869565215,0.39148936170212767,0.25,Business,Windows
677,Acer,Notebook,15.6,Linux,0,0,1366.0,768.0,100.45466986113651,Intel,i3,0.0,Intel,0,0.0,128.0,0.0,0.0,128.0,4,2.1,60.0,520.0,1,0.0,0.0,1,0,2,0.13461538461538464,1.9047619047619047,0.44680851063829785,0.125,Budget,Linux
21,Asus,Netbook,11.6,Windows 10,0,0,1366.0,768.0,135.0942111925629,Intel,Atom,1.44,Intel,0,0.0,0.0,32.0,0.0,32.0,2,0.98,83.0,400.0,1,119.52,0.0,0,0,0,0.08448275862068966,2.0408163265306123,0.20851063829787234,0.0625,Budget,Windows
142,HP,Notebook,13.3,Windows 10,0,1,1920.0,1080.0,165.6321180513006,Intel,i5,2.5,Intel,0,0.0,256.0,0.0,0.0,256.0,4,1.32,72.0,620.0,1,180.0,0.0,1,0,2,0.09924812030075188,3.0303030303030303,0.28085106382978725,0.125,Business,Windows
377,Acer,Notebook,15.6,Windows 10,0,0,1366.0,768.0,100.45466986113651,AMD,Other,0.0,AMD,1,0.0,128.0,0.0,0.0,128.0,4,2.1,94.0,0.0,0,0.0,0.0,1,0,2,0.13461538461538464,1.9047619047619047,0.44680851063829785,0.125,Budget,Windows
116,HP,Notebook,14.0,Windows 10,0,1,1366.0,768.0,111.93520355955211,Intel,i5,1.6,Intel,0,500.0,0.0,0.0,0.0,500.0,4,1.63,82.0,620.0,1,131.20000000000002,0.0,0,1,1,0.11642857142857142,2.4539877300613497,0.3468085106382978,0.125,Business,Windows
736,Dell,Notebook,15.6,Linux,0,0,1366.0,768.0,100.45466986113651,Intel,i5,2.5,AMD,1,1000.0,0.0,0.0,0.0,1000.0,8,2.32,72.0,445.0,0,180.0,445.0,0,1,1,0.14871794871794872,3.4482758620689657,0.4936170212765957,0.25,Business,Linux
1103,HP,Notebook,13.3,Chrome OS,0,0,3200.0,1800.0,276.053530085501,Intel,Pentium,1.5,Intel,0,0.0,0.0,32.0,0.0,32.0,4,1.29,44.0,515.0,1,66.0,0.0,0,0,0,0.09699248120300752,3.1007751937984493,0.274468085106383,0.125,Business,Other
684,Asus,Ultrabook,14.0,Windows 10,0,0,1920.0,1080.0,157.3505121487356,Intel,i5,2.5,Intel,0,0.0,256.0,0.0,0.0,256.0,8,1.1,72.0,620.0,1,180.0,0.0,1,0,2,0.07857142857142858,7.2727272727272725,0.23404255319148937,0.25,Budget,Windows
279,Toshiba,Notebook,15.6,Windows 10,0,0,1366.0,768.0,100.45466986113651,Intel,i7,2.5,Nvidia,1,500.0,0.0,0.0,0.0,500.0,8,2.2,65.0,930.0,0,162.5,930.0,0,1,1,0.14102564102564105,3.6363636363636362,0.46808510638297873,0.25,Budget,Windows
1136,HP,Notebook,13.3,Windows 10,0,0,1920.0,1080.0,165.6321180513006,Intel,i5,2.3,Intel,0,0.0,256.0,0.0,0.0,256.0,8,1.16,62.0,520.0,1,142.6,0.0,1,0,2,0.08721804511278194,6.8965517241379315,0.24680851063829784,0.25,Business,Windows
64,Asus,Notebook,14.0,Windows 10,0,0,1920.0,1080.0,157.3505121487356,Intel,i5,1.6,Intel,0,0.0,256.0,0.0,0.0,256.0,8,1.4,82.0,620.0,1,131.20000000000002,0.0,1,0,2,0.09999999999999999,5.714285714285714,0.2978723404255319,0.25,Budget,Windows
528,HP,Ultrabook,13.3,Windows 10,0,1,1920.0,1080.0,165.6321180513006,Intel,i7,2.7,Intel,0,0.0,256.0,0.0,0.0,256.0,8,1.32,75.0,620.0,1,202.5,0.0,1,0,2,0.09924812030075188,6.0606060606060606,0.28085106382978725,0.25,Business,Windows
738,Acer,Gaming,17.3,Windows 10,0,1,1920.0,1080.0,127.33567457123111,Intel,i7,2.6,Nvidia,1,1000.0,128.0,0.0,0.0,1128.0,16,4.2,67.0,1060.0,0,174.20000000000002,1060.0,1,1,3,0.24277456647398843,3.8095238095238093,0.8936170212765957,0.5,Budget,Windows
261,HP,Notebook,15.6,Windows 10,0,0,1366.0,768.0,100.45466986113651,AMD,Other,2.5,AMD,1,0.0,128.0,0.0,0.0,128.0,8,1.91,92.0,0.0,0,230.0,0.0,1,0,2,0.12243589743589743,4.18848167539267,0.40638297872340423,0.25,Business,Windows
1297,Lenovo,Notebook,15.6,Windows 10,0,1,1920.0,1080.0,141.21199808219862,Intel,i7,2.6,Nvidia,1,1000.0,0.0,0.0,0.0,1000.0,8,2.6,67.0,960.0,0,174.20000000000002,960.0,0,1,1,0.16666666666666669,3.0769230769230766,0.5531914893617021,0.25,Business,Windows
1188,HP,Notebook,15.6,Windows 10,0,0,1920.0,1080.0,141.21199808219862,Intel,i7,2.5,Intel,0,0.0,256.0,0.0,0.0,256.0,8,1.96,65.0,520.0,1,162.5,0.0,1,0,2,0.12564102564102564,4.081632653061225,0.41702127659574467,0.25,Business,Windows
718,Lenovo,Gaming,15.6,Windows 10,0,1,1920.0,1080.0,141.21199808219862,Intel,i7,2.8,Nvidia,1,1000.0,128.0,0.0,0.0,1128.0,8,2.5,77.0,1050.0,0,215.6,1050.0,1,1,3,0.16025641025641027,3.2,0.5319148936170213,0.25,Business,Windows
432,Dell,Gaming,15.6,Windows 10,0,1,1920.0,1080.0,141.21199808219862,Intel,i7,2.8,Nvidia,1,1000.0,128.0,0.0,0.0,1128.0,8,2.62,77.0,1050.0,0,215.6,1050.0,1,1,3,0.16794871794871796,3.0534351145038165,0.5574468085106383,0.25,Business,Windows
213,Lenovo,Notebook,15.6,Windows 10,0,0,1366.0,768.0,100.45466986113651,Intel,i5,2.5,Intel,0,0.0,256.0,0.0,0.0,256.0,8,2.2,72.0,620.0,1,180.0,0.0,1,0,2,0.14102564102564105,3.6363636363636362,0.46808510638297873,0.25,Business,Windows
773,Dell,Notebook,13.3,Windows 10,0,0,1366.0,768.0,117.82653006268643,Intel,i3,0.0,Intel,0,500.0,0.0,0.0,0.0,500.0,4,1.65,60.0,520.0,1,0.0,0.0,0,1,1,0.12406015037593984,2.4242424242424243,0.351063829787234,0.125,Business,Windows
1165,Dell,Notebook,15.6,Windows 10,0,0,1920.0,1080.0,141.21199808219862,Intel,i7,2.7,Nvidia,1,0.0,256.0,0.0,0.0,256.0,8,2.18,75.0,940.0,0,202.5,940.0,1,0,2,0.13974358974358975,3.6697247706422016,0.46382978723404256,0.25,Business,Windows
775,Asus,Notebook,17.3,Windows 10,0,0,1366.0,768.0,90.58340172449303,Intel,Pentium,1.1,Nvidia,1,1000.0,0.0,0.0,0.0,1000.0,4,2.8,42.0,920.0,0,46.2,920.0,0,1,1,0.16184971098265893,1.4285714285714286,0.5957446808510638,0.125,Budget,Windows
59,MSI,Gaming,17.3,Windows 10,0,0,1920.0,1080.0,127.33567457123111,Intel,i7,2.8,Nvidia,1,2000.0,256.0,0.0,0.0,2256.0,16,2.43,77.0,1070.0,0,215.6,1070.0,1,1,3,0.14046242774566475,6.584362139917695,0.5170212765957447,0.5,Budget,Windows
712,Lenovo,Notebook,15.6,No OS,0,0,1366.0,768.0,100.45466986113651,Intel,i3,0.0,Intel,0,500.0,0.0,0.0,0.0,500.0,4,1.9,60.0,520.0,1,0.0,0.0,0,1,1,0.12179487179487179,2.1052631578947367,0.40425531914893614,0.125,Business,Other
791,Toshiba,Ultrabook,14.0,Windows 10,0,1,1920.0,1080.0,157.3505121487356,Intel,i7,2.6,Nvidia,1,0.0,512.0,0.0,0.0,512.0,16,1.47,66.0,930.0,0,171.6,930.0,1,0,2,0.105,10.884353741496598,0.3127659574468085,0.5,Budget,Windows
571,Asus,Notebook,15.6,Windows 10,0,0,1920.0,1080.0,141.21199808219862,Intel,i5,2.5,Nvidia,1,1000.0,128.0,0.0,0.0,1128.0,8,2.5,73.0,1050.0,0,182.5,1050.0,1,1,3,0.16025641025641027,3.2,0.5319148936170213,0.25,Budget,Windows
1277,MSI,Gaming,15.6,Windows 10,0,0,1920.0,1080.0,141.21199808219862,Intel,i7,2.6,Nvidia,1,1000.0,128.0,0.0,0.0,1128.0,8,2.4,67.0,960.0,0,174.20000000000002,960.0,1,1,3,0.15384615384615385,3.3333333333333335,0.5106382978723404,0.25,Budget,Windows
947,Lenovo,2 in 1 Convertible,13.3,Windows 10,1,1,3200.0,1800.0,276.053530085501,Intel,i7,2.2,Intel,0,0.0,1000.0,0.0,0.0,1000.0,16,1.3,65.0,540.0,1,143.0,0.0,1,0,2,0.09774436090225563,12.307692307692307,0.2765957446808511,0.5,Business,Windows
1044,HP,Notebook,14.0,Windows 10,0,0,1366.0,768.0,111.93520355955211,Intel,i5,2.5,Intel,0,0.0,256.0,0.0,0.0,256.0,4,1.64,72.0,620.0,1,180.0,0.0,1,0,2,0.11714285714285713,2.4390243902439024,0.3489361702127659,0.125,Business,Windows
697,Lenovo,Notebook,15.6,Windows 10,0,0,1366.0,768.0,100.45466986113651,Intel,Celeron,1.6,Intel,0,500.0,0.0,0.0,0.0,500.0,4,2.1,38.0,510.0,1,60.800000000000004,0.0,0,1,1,0.13461538461538464,1.9047619047619047,0.44680851063829785,0.125,Business,Windows
591,Dell,Netbook,11.6,Chrome OS,0,0,1366.0,768.0,135.0942111925629,Intel,Celeron,1.6,Intel,0,0.0,0.0,16.0,0.0,16.0,4,1.26,30.0,400.0,1,48.0,0.0,0,0,0,0.10862068965517242,3.1746031746031744,0.2680851063829787,0.125,Business,Other
343,HP,Notebook,15.6,Windows 10,0,0,1920.0,1080.0,141.21199808219862,Intel,i5,2.5,Intel,0,0.0,256.0,0.0,0.0,256.0,8,1.84,72.0,620.0,1,180.0,0.0,1,0,2,0.11794871794871796,4.3478260869565215,0.39148936170212767,0.25,Business,Windows
473,Acer,Notebook,15.6,Windows 10,0,0,1366.0,768.0,100.45466986113651,Intel,i3,0.0,Nvidia,1,500.0,0.0,0.0,0.0,500.0,4,2.2,60.0,940.0,0,0.0,940.0,0,1,1,0.14102564102564105,1.8181818181818181,0.46808510638297873,0.125,Budget,Windows
243,Asus,Gaming,17.3,Windows 10,0,0,1920.0,1080.0,127.33567457123111,Intel,i7,2.9,Nvidia,1,1000.0,512.0,0.0,0.0,1512.0,32,4.7,78.0,1080.0,0,226.2,1080.0,1,1,3,0.27167630057803466,6.808510638297872,1.0,1.0,Budget,Windows
607,HP,Notebook,15.6,Windows 10,0,0,1920.0,1080.0,141.21199808219862,Intel,i7,2.7,Intel,0,0.0,256.0,0.0,0.0,256.0,8,1.84,75.0,620.0,1,202.5,0.0,1,0,2,0.11794871794871796,4.3478260869565215,0.39148936170212767,0.25,Business,Windows
89,HP,Notebook,15.6,Windows 10,0,0,1920.0,1080.0,141.21199808219862,Intel,i5,2.5,Intel,0,0.0,256.0,0.0,0.0,256.0,8,1.96,72.0,620.0,1,180.0,0.0,1,0,2,0.12564102564102564,4.081632653061225,0.41702127659574467,0.25,Business,Windows
1226,Acer,Notebook,17.3,Windows 10,0,0,1600.0,900.0,106.11306214269258,Intel,i3,2.0,Nvidia,1,1000.0,0.0,0.0,0.0,1000.0,8,3.3,60.0,940.0,0,120.0,940.0,0,1,1,0.1907514450867052,2.4242424242424243,0.702127659574468,0.25,Budget,Windows
621,Dell,Notebook,15.6,Linux,0,0,1366.0,768.0,100.45466986113651,Intel,i5,2.6,Intel,0,500.0,0.0,0.0,0.0,500.0,4,1.93,73.0,620.0,1,189.8,0.0,0,1,1,0.12371794871794872,2.072538860103627,0.4106382978723404,0.125,Business,Linux
102,HP,Gaming,15.6,Windows 10,0,1,1920.0,1080.0,141.21199808219862,Intel,i7,2.8,Nvidia,1,1000.0,128.0,0.0,0.0,1128.0,12,2.62,77.0,1050.0,0,215.6,1050.0,1,1,3,0.16794871794871796,4.580152671755725,0.5574468085106383,0.375,Business,Windows
1256,MSI,Gaming,15.6,Windows 10,0,0,1920.0,1080.0,141.21199808219862,Intel,i7,2.6,Nvidia,1,1000.0,128.0,0.0,0.0,1128.0,8,2.3,67.0,960.0,0,174.20000000000002,960.0,1,1,3,0.14743589743589744,3.4782608695652177,0.4893617021276595,0.25,Budget,Windows
242,Asus,Notebook,15.6,Windows 10,0,0,1920.0,1080.0,141.21199808219862,AMD,Other,2.5,AMD,1,1000.0,128.0,0.0,0.0,1128.0,4,2.2,96.0,430.0,0,240.0,430.0,1,1,3,0.14102564102564105,1.8181818181818181,0.46808510638297873,0.125,Budget,Windows
522,Asus,Netbook,11.6,Windows 10,0,0,1366.0,768.0,135.0942111925629,Intel,Celeron,1.1,Intel,0,0.0,0.0,32.0,0.0,32.0,2,1.1,33.0,500.0,1,36.300000000000004,0.0,0,0,0,0.09482758620689656,1.8181818181818181,0.23404255319148937,0.0625,Budget,Windows
584,Lenovo,Gaming,17.3,Windows 10,0,1,1920.0,1080.0,127.33567457123111,Intel,i7,2.7,Nvidia,1,1000.0,256.0,0.0,0.0,1256.0,32,4.6,68.0,1070.0,0,183.60000000000002,1070.0,1,1,3,0.2658959537572254,6.9565217391304355,0.978723404255319,1.0,Business,Windows
1040,HP,Notebook,14.0,Windows 10,0,0,1366.0,768.0,111.93520355955211,Intel,i5,2.5,Intel,0,500.0,0.0,0.0,0.0,500.0,4,2.31,72.0,620.0,1,180.0,0.0,0,1,1,0.165,1.7316017316017316,0.49148936170212765,0.125,Business,Windows
1012,Asus,Gaming,15.6,Windows 10,0,0,1920.0,1080.0,141.21199808219862,Intel,i7,2.8,Nvidia,1,1000.0,256.0,0.0,0.0,1256.0,16,2.5,77.0,1050.0,0,215.6,1050.0,1,1,3,0.16025641025641027,6.4,0.5319148936170213,0.5,Budget,Windows
336,MSI,Gaming,17.3,Windows 10,0,0,1920.0,1080.0,127.33567457123111,Intel,i7,2.8,Nvidia,1,1000.0,256.0,0.0,0.0,1256.0,8,2.7,77.0,1050.0,0,215.6,1050.0,1,1,3,0.15606936416184972,2.962962962962963,0.574468085106383,0.25,Budget,Windows
552,HP,Notebook,15.6,Windows 10,0,0,1920.0,1080.0,141.21199808219862,Intel,i3,2.4,Intel,0,0.0,128.0,0.0,0.0,128.0,4,2.1,71.0,620.0,1,170.4,0.0,1,0,2,0.13461538461538464,1.9047619047619047,0.44680851063829785,0.125,Business,Windows
854,HP,Ultrabook,14.0,Windows 7,0,0,1920.0,1080.0,157.3505121487356,Intel,i7,2.5,Intel,0,0.0,512.0,0.0,0.0,512.0,8,1.54,65.0,520.0,1,162.5,0.0,1,0,2,0.11,5.194805194805195,0.3276595744680851,0.25,Business,Windows
518,Acer,Notebook,15.6,Windows 10,0,0,1920.0,1080.0,141.21199808219862,Intel,i7,2.7,Nvidia,1,500.0,0.0,0.0,0.0,500.0,4,2.2,75.0,940.0,0,202.5,940.0,0,1,1,0.14102564102564105,1.8181818181818181,0.46808510638297873,0.125,Budget,Windows
575,Lenovo,Notebook,15.6,Windows 10,0,0,1920.0,1080.0,141.21199808219862,Intel,Pentium,1.1,Intel,0,500.0,0.0,0.0,0.0,500.0,4,2.2,42.0,505.0,1,46.2,0.0,0,1,1,0.14102564102564105,1.8181818181818181,0.46808510638297873,0.125,Business,Windows
185,Dell,Ultrabook,13.3,Windows 10,0,0,1920.0,1080.0,165.6321180513006,Intel,i5,1.6,Intel,0,0.0,256.0,0.0,0.0,256.0,8,1.23,82.0,620.0,1,131.20000000000002,0.0,1,0,2,0.09248120300751879,6.504065040650406,0.26170212765957446,0.25,Business,Windows
123,Acer,Notebook,15.6,Windows 10,1,1,1920.0,1080.0,141.21199808219862,Intel,i3,2.4,Intel,0,1000.0,0.0,0.0,0.0,1000.0,6,2.1,71.0,620.0,1,170.4,0.0,0,1,1,0.13461538461538464,2.857142857142857,0.44680851063829785,0.1875,Budget,Windows
1043,HP,Notebook,17.3,Windows 10,0,0,1920.0,1080.0,127.33567457123111,Intel,i5,2.5,Nvidia,1,0.0,256.0,0.0,0.0,256.0,8,2.63,72.0,930.0,0,180.0,930.0,1,0,2,0.15202312138728322,3.0418250950570345,0.5595744680851064,0.25,Business,Windows
761,Asus,Notebook,15.6,No OS,0,0,1366.0,768.0,100.45466986113651,Intel,i5,2.3,Nvidia,1,1000.0,0.0,0.0,0.0,1000.0,4,2.45,63.0,950.0,0,144.89999999999998,950.0,0,1,1,0.15705128205128208,1.6326530612244896,0.5212765957446809,0.125,Budget,Other
633,Mediacom,Notebook,14.0,Windows 10,0,0,1920.0,1080.0,157.3505121487356,Intel,Atom,1.44,Intel,0,0.0,0.0,32.0,0.0,32.0,2,1.4,83.0,0.0,1,119.52,0.0,0,0,0,0.09999999999999999,1.4285714285714286,0.2978723404255319,0.0625,Budget,Windows
976,Acer,Notebook,15.6,Windows 10,0,0,1920.0,1080.0,141.21199808219862,Intel,i5,2.5,Nvidia,1,1000.0,128.0,0.0,0.0,1128.0,12,2.4,72.0,950.0,0,180.0,950.0,1,1,3,0.15384615384615385,5.0,0.5106382978723404,0.375,Budget,Windows
1261,Dell,2 in 1 Convertible,17.3,Windows 10,1,0,1920.0,1080.0,127.33567457123111,Intel,i7,2.7,Nvidia,1,0.0,512.0,0.0,0.0,512.0,16,2.77,75.0,940.0,0,202.5,940.0,1,0,2,0.1601156069364162,5.776173285198556,0.5893617021276596,0.5,Business,Windows
1279,Asus,Ultrabook,13.3,Windows 10,0,1,1920.0,1080.0,165.6321180513006,Intel,Other,0.9,Intel,0,0.0,512.0,0.0,0.0,512.0,8,1.2,72.0,515.0,1,64.8,0.0,1,0,2,0.09022556390977443,6.666666666666667,0.2553191489361702,0.25,Budget,Windows
1054,Lenovo,2 in 1 Convertible,15.6,Windows 10,1,1,1920.0,1080.0,141.21199808219862,Intel,i7,2.5,Intel,0,0.0,256.0,0.0,0.0,256.0,4,1.8,65.0,520.0,1,162.5,0.0,1,0,2,0.11538461538461539,2.2222222222222223,0.3829787234042553,0.125,Business,Windows
603,Lenovo,2 in 1 Convertible,13.3,Windows 10,1,1,1920.0,1080.0,165.6321180513006,Intel,i7,2.7,Intel,0,0.0,512.0,0.0,0.0,512.0,8,1.37,75.0,620.0,1,202.5,0.0,1,0,2,0.10300751879699248,5.839416058394161,0.2914893617021277,0.25,Business,Windows
1285,Dell,Notebook,15.6,Linux,0,0,1366.0,768.0,100.45466986113651,Intel,i7,2.7,AMD,1,1000.0,0.0,0.0,0.0,1000.0,8,2.3,75.0,430.0,0,202.5,430.0,0,1,1,0.14743589743589744,3.4782608695652177,0.4893617021276595,0.25,Business,Linux
306,Asus,Gaming,17.3,Windows 10,0,0,1920.0,1080.0,127.33567457123111,Intel,i7,2.8,Nvidia,1,1000.0,256.0,0.0,0.0,1256.0,16,2.9,77.0,1070.0,0,215.6,1070.0,1,1,3,0.1676300578034682,5.517241379310345,0.6170212765957447,0.5,Budget,Windows
1030,HP,Notebook,15.6,Windows 10,0,0,1366.0,768.0,100.45466986113651,Intel,i3,2.4,Intel,0,0.0,256.0,0.0,0.0,256.0,4,2.04,71.0,620.0,1,170.4,0.0,1,0,2,0.13076923076923078,1.9607843137254901,0.4340425531914894,0.125,Business,Windows
538,Toshiba,Notebook,15.6,Windows 10,0,1,1920.0,1080.0,141.21199808219862,Intel,i5,2.5,Intel,0,500.0,0.0,0.0,0.0,500.0,8,2.0,72.0,620.0,1,180.0,0.0,0,1,1,0.12820512820512822,4.0,0.425531914893617,0.25,Budget,Windows
1061,MSI,Gaming,17.3,Windows 10,0,1,1920.0,1080.0,127.33567457123111,Intel,i7,2.7,Nvidia,1,1000.0,256.0,0.0,0.0,1256.0,16,3.78,68.0,980.0,0,183.60000000000002,980.0,1,1,3,0.21849710982658957,4.2328042328042335,0.8042553191489361,0.5,Budget,Windows
674,Dell,Notebook,15.6,Windows 10,0,0,1920.0,1080.0,141.21199808219862,Intel,i5,2.5,Intel,0,1000.0,0.0,0.0,0.0,1000.0,8,2.06,72.0,620.0,1,180.0,0.0,0,1,1,0.13205128205128205,3.883495145631068,0.43829787234042555,0.25,Business,Windows
855,Dell,Notebook,15.6,Windows 10,0,0,1920.0,1080.0,141.21199808219862,Intel,i7,2.7,AMD,1,0.0,256.0,0.0,0.0,256.0,4,2.18,75.0,420.0,0,202.5,420.0,1,0,2,0.13974358974358975,1.8348623853211008,0.46382978723404256,0.125,Business,Windows
347,Lenovo,Notebook,15.6,Windows 10,0,0,1920.0,1080.0,141.21199808219862,AMD,Other,3.6,AMD,1,2000.0,0.0,0.0,0.0,2000.0,12,2.2,97.0,530.0,0,349.2,530.0,0,1,1,0.14102564102564105,5.454545454545454,0.46808510638297873,0.375,Business,Windows
1271,Lenovo,Notebook,14.0,Windows 10,0,1,1920.0,1080.0,157.3505121487356,Intel,i5,2.3,Intel,0,0.0,256.0,0.0,0.0,256.0,8,1.9,62.0,520.0,1,142.6,0.0,1,0,2,0.1357142857142857,4.2105263157894735,0.40425531914893614,0.25,Business,Windows
623,Dell,Notebook,15.6,Linux,0,0,1920.0,1080.0,141.21199808219862,Intel,i5,2.5,AMD,1,0.0,128.0,0.0,0.0,128.0,4,2.18,72.0,420.0,0,180.0,420.0,1,0,2,0.13974358974358975,1.8348623853211008,0.46382978723404256,0.125,Business,Linux
1083,Dell,Gaming,15.6,Windows 10,0,0,3840.0,2160.0,282.42399616439724,Intel,i7,2.6,Nvidia,1,1000.0,256.0,0.0,0.0,1256.0,16,3.21,67.0,970.0,0,174.20000000000002,970.0,1,1,3,0.20576923076923076,4.984423676012461,0.6829787234042553,0.5,Business,Windows
961,Lenovo,Notebook,15.6,No OS,0,0,1920.0,1080.0,141.21199808219862,Intel,i7,2.7,Nvidia,1,1000.0,0.0,0.0,0.0,1000.0,8,2.2,75.0,920.0,0,202.5,920.0,0,1,1,0.14102564102564105,3.6363636363636362,0.46808510638297873,0.25,Business,Other
1290,Lenovo,Notebook,14.0,Windows 10,0,0,1366.0,768.0,111.93520355955211,Intel,Celeron,1.6,Intel,0,0.0,0.0,64.0,0.0,64.0,2,1.5,30.0,0.0,1,48.0,0.0,0,0,0,0.10714285714285714,1.3333333333333333,0.3191489361702127,0.0625,Business,Windows
176,Lenovo,Notebook,15.6,No OS,0,0,1366.0,768.0,100.45466986113651,AMD,Other,2.9,AMD,1,500.0,0.0,0.0,0.0,500.0,4,2.2,92.0,0.0,0,266.8,0.0,0,1,1,0.14102564102564105,1.8181818181818181,0.46808510638297873,0.125,Business,Other
434,Dell,Ultrabook,14.0,Linux,0,0,1920.0,1080.0,157.3505121487356,Intel,i7,2.8,Intel,0,0.0,256.0,0.0,0.0,256.0,8,1.6,76.0,620.0,1,212.79999999999998,0.0,1,0,2,0.1142857142857143,5.0,0.3404255319148936,0.25,Business,Linux
592,MSI,Gaming,17.3,Windows 10,0,0,1920.0,1080.0,127.33567457123111,Intel,i7,2.7,Nvidia,1,1000.0,128.0,0.0,0.0,1128.0,16,4.5,68.0,980.0,0,183.60000000000002,980.0,1,1,3,0.26011560693641617,3.5555555555555554,0.9574468085106382,0.5,Budget,Windows
362,Lenovo,Notebook,15.6,No OS,0,0,1366.0,768.0,100.45466986113651,Intel,Celeron,1.1,Intel,0,1000.0,0.0,0.0,0.0,1000.0,4,2.2,33.0,500.0,1,36.300000000000004,0.0,0,1,1,0.14102564102564105,1.8181818181818181,0.46808510638297873,0.125,Business,Other
92,Asus,Gaming,15.6,Windows 10,0,0,1920.0,1080.0,141.21199808219862,AMD,Other,0.0,AMD,1,1000.0,0.0,0.0,0.0,1000.0,8,2.45,98.0,560.0,0,0.0,560.0,0,1,1,0.15705128205128208,3.265306122448979,0.5212765957446809,0.25,Budget,Windows
37,Acer,Notebook,15.6,Linux,0,0,1366.0,768.0,100.45466986113651,Intel,i3,2.7,Intel,0,1000.0,0.0,0.0,0.0,1000.0,4,2.1,71.0,620.0,1,191.70000000000002,0.0,0,1,1,0.13461538461538464,1.9047619047619047,0.44680851063829785,0.125,Budget,Linux
61,Dell,Notebook,17.3,Windows 10,0,0,1920.0,1080.0,127.33567457123111,Intel,i7,1.8,AMD,1,2000.0,256.0,0.0,0.0,2256.0,16,2.8,85.0,530.0,0,153.0,530.0,1,1,3,0.16184971098265893,5.714285714285714,0.5957446808510638,0.5,Business,Windows
1074,HP,Notebook,15.6,Windows 10,0,0,1920.0,1080.0,141.21199808219862,Intel,i7,2.7,Intel,0,0.0,256.0,0.0,0.0,256.0,8,2.04,75.0,620.0,1,202.5,0.0,1,0,2,0.13076923076923078,3.9215686274509802,0.4340425531914894,0.25,Business,Windows
1315,Asus,Notebook,15.6,Windows 10,0,0,1366.0,768.0,100.45466986113651,Intel,i7,2.5,Nvidia,1,500.0,0.0,0.0,0.0,500.0,4,2.2,65.0,920.0,0,162.5,920.0,0,1,1,0.14102564102564105,1.8181818181818181,0.46808510638297873,0.125,Budget,Windows
951,MSI,Gaming,15.6,Windows 10,0,0,1920.0,1080.0,141.21199808219862,Intel,i7,2.8,Nvidia,1,1000.0,128.0,0.0,0.0,1128.0,8,2.2,77.0,1050.0,0,215.6,1050.0,1,1,3,0.14102564102564105,3.6363636363636362,0.46808510638297873,0.25,Budget,Windows
670,Lenovo,Notebook,15.6,Windows 10,0,0,1920.0,1080.0,141.21199808219862,Intel,i5,2.3,Intel,0,500.0,0.0,0.0,0.0,500.0,4,2.2,62.0,520.0,1,142.6,0.0,0,1,1,0.14102564102564105,1.8181818181818181,0.46808510638297873,0.125,Business,Windows
1002,Dell,Notebook,15.6,Windows 10,0,0,1366.0,768.0,100.45466986113651,Intel,i7,2.7,AMD,1,1000.0,0.0,0.0,0.0,1000.0,8,2.36,75.0,445.0,0,202.5,445.0,0,1,1,0.15128205128205127,3.3898305084745766,0.502127659574468,0.25,Business,Windows
657,Lenovo,Ultrabook,12.5,Windows 10,0,1,1920.0,1080.0,176.23257360658386,Intel,i7,2.7,Intel,0,0.0,256.0,0.0,0.0,256.0,8,1.36,75.0,620.0,1,202.5,0.0,1,0,2,0.10880000000000001,5.88235294117647,0.2893617021276596,0.25,Business,Windows
595,Lenovo,Notebook,15.6,Windows 10,1,0,1366.0,768.0,100.45466986113651,Intel,i7,1.8,Intel,0,1000.0,0.0,0.0,0.0,1000.0,12,2.2,85.0,620.0,1,153.0,0.0,0,1,1,0.14102564102564105,5.454545454545454,0.46808510638297873,0.375,Business,Windows
144,Lenovo,Notebook,14.0,Windows 10,0,1,1920.0,1080.0,157.3505121487356,Intel,i5,1.6,AMD,1,0.0,256.0,0.0,0.0,256.0,8,1.75,82.0,550.0,0,131.20000000000002,550.0,1,0,2,0.125,4.571428571428571,0.3723404255319149,0.25,Business,Windows
972,Dell,Ultrabook,13.3,Windows 10,0,0,3200.0,1800.0,276.053530085501,Intel,i7,2.5,Intel,0,0.0,256.0,0.0,0.0,256.0,8,1.3,65.0,520.0,1,162.5,0.0,1,0,2,0.09774436090225563,6.153846153846153,0.2765957446808511,0.25,Business,Windows
995,Toshiba,Notebook,13.3,Windows 7,0,0,1920.0,1080.0,165.6321180513006,Intel,i5,2.3,Intel,0,0.0,128.0,0.0,0.0,128.0,4,1.2,62.0,520.0,1,142.6,0.0,1,0,2,0.09022556390977443,3.3333333333333335,0.2553191489361702,0.125,Budget,Windows
318,Acer,Notebook,15.6,Windows 10,0,0,1920.0,1080.0,141.21199808219862,AMD,Other,2.2,AMD,1,0.0,256.0,0.0,0.0,256.0,8,2.23,74.0,0.0,0,162.8,0.0,1,0,2,0.14294871794871794,3.587443946188341,0.47446808510638294,0.25,Budget,Windows
1056,Toshiba,Notebook,15.6,Windows 10,0,1,1920.0,1080.0,141.21199808219862,Intel,i7,2.5,Nvidia,1,0.0,256.0,0.0,0.0,256.0,16,2.4,65.0,930.0,0,162.5,930.0,1,0,2,0.15384615384615385,6.666666666666667,0.5106382978723404,0.5,Budget,Windows
840,Lenovo,Ultrabook,14.0,Windows 10,0,1,2560.0,1440.0,209.8006828649808,Intel,i7,2.6,Intel,0,0.0,512.0,0.0,0.0,512.0,16,1.1,66.0,520.0,1,171.6,0.0,1,0,2,0.07857142857142858,14.545454545454545,0.23404255319148937,0.5,Business,Windows
619,Dell,Notebook,15.6,Linux,0,0,1366.0,768.0,100.45466986113651,Intel,i3,2.0,Intel,0,1000.0,0.0,0.0,0.0,1000.0,4,2.18,60.0,520.0,1,120.0,0.0,0,1,1,0.13974358974358975,1.8348623853211008,0.46382978723404256,0.125,Business,Linux
447,Lenovo,Notebook,17.3,Windows 10,0,0,1600.0,900.0,106.11306214269258,AMD,Other,2.5,AMD,1,1000.0,0.0,0.0,0.0,1000.0,8,2.8,92.0,0.0,0,230.0,0.0,0,1,1,0.16184971098265893,2.857142857142857,0.5957446808510638,0.25,Business,Windows
780,Samsung,2 in 1 Convertible,15.0,Windows 10,1,0,1920.0,1080.0,146.86047800548656,Intel,i7,2.7,AMD,1,0.0,256.0,0.0,0.0,256.0,16,1.71,75.0,540.0,0,202.5,540.0,1,0,2,0.114,9.35672514619883,0.3638297872340425,0.5,Budget,Windows
654,Acer,Ultrabook,14.0,Windows 10,0,1,1920.0,1080.0,157.3505121487356,Intel,i5,2.5,Intel,0,0.0,256.0,0.0,0.0,256.0,8,1.8,72.0,620.0,1,180.0,0.0,1,0,2,0.1285714285714286,4.444444444444445,0.3829787234042553,0.25,Budget,Windows
838,Acer,Notebook,14.0,Windows 10,0,1,1920.0,1080.0,157.3505121487356,Intel,i3,2.4,Intel,0,0.0,128.0,0.0,0.0,128.0,8,1.5,71.0,620.0,1,170.4,0.0,1,0,2,0.10714285714285714,5.333333333333333,0.3191489361702127,0.25,Budget,Windows
655,Razer,Gaming,14.0,Windows 10,0,0,1920.0,1080.0,157.3505121487356,Intel,i7,2.8,Nvidia,1,0.0,256.0,0.0,0.0,256.0,16,1.95,77.0,1060.0,0,215.6,1060.0,1,0,2,0.1392857142857143,8.205128205128206,0.4148936170212766,0.5,Premium,Windows
384,Asus,Notebook,14.0,Windows 10,0,0,1366.0,768.0,111.93520355955211,Intel,Celeron,1.1,Intel,0,0.0,0.0,32.0,0.0,32.0,4,1.5,33.0,500.0,1,36.300000000000004,0.0,0,0,0,0.10714285714285714,2.6666666666666665,0.3191489361702127,0.125,Budget,Windows
813,Dell,Netbook,11.6,Windows 10,0,0,1366.0,768.0,135.0942111925629,Intel,Pentium,1.1,Intel,0,0.0,128.0,0.0,0.0,128.0,4,1.63,42.0,505.0,1,46.2,0.0,1,0,2,0.14051724137931035,2.4539877300613497,0.3468085106382978,0.125,Business,Windows
1038,Dell,Notebook,15.6,Windows 10,0,0,1920.0,1080.0,141.21199808219862,Intel,i5,2.4,Intel,0,500.0,0.0,0.0,0.0,500.0,8,2.09,63.0,520.0,1,151.2,0.0,0,1,1,0.13397435897435897,3.8277511961722492,0.44468085106382976,0.25,Business,Windows
1232,Asus,Gaming,17.3,Windows 10,0,0,1920.0,1080.0,127.33567457123111,Intel,i7,2.8,Nvidia,1,1000.0,256.0,0.0,0.0,1256.0,16,2.9,77.0,1060.0,0,215.6,1060.0,1,1,3,0.1676300578034682,5.517241379310345,0.6170212765957447,0.5,Budget,Windows
808,Dell,Notebook,15.6,Windows 10,0,0,1920.0,1080.0,141.21199808219862,Intel,i3,0.0,AMD,1,0.0,256.0,0.0,0.0,256.0,8,2.0,60.0,420.0,0,0.0,420.0,1,0,2,0.12820512820512822,4.0,0.425531914893617,0.25,Business,Windows
509,Lenovo,2 in 1 Convertible,13.9,Windows 10,1,1,1920.0,1080.0,158.48253022174808,Intel,i5,1.6,Intel,0,0.0,256.0,0.0,0.0,256.0,8,1.4,82.0,620.0,1,131.20000000000002,0.0,1,0,2,0.10071942446043164,5.714285714285714,0.2978723404255319,0.25,Business,Windows
366,HP,Notebook,15.6,Windows 10,0,0,1366.0,768.0,100.45466986113651,Intel,i3,0.0,Intel,0,500.0,0.0,0.0,0.0,500.0,4,1.86,60.0,520.0,1,0.0,0.0,0,1,1,0.11923076923076924,2.150537634408602,0.39574468085106385,0.125,Business,Windows
267,HP,Notebook,15.6,Windows 10,0,1,1920.0,1080.0,141.21199808219862,Intel,i5,1.6,Intel,0,500.0,0.0,0.0,0.0,500.0,4,2.1,82.0,620.0,1,131.20000000000002,0.0,0,1,1,0.13461538461538464,1.9047619047619047,0.44680851063829785,0.125,Business,Windows
1228,Apple,Ultrabook,12.0,Mac OS X,0,1,2304.0,1440.0,226.41554716935852,Intel,Other,1.2,Intel,0,0.0,0.0,512.0,0.0,512.0,8,0.92,72.0,515.0,1,86.39999999999999,0.0,0,0,0,0.07666666666666667,8.695652173913043,0.19574468085106383,0.25,Premium,macOS
112,Lenovo,Notebook,14.0,Windows 10,0,1,1920.0,1080.0,157.3505121487356,Intel,i7,2.7,Intel,0,0.0,256.0,0.0,0.0,256.0,8,1.58,75.0,620.0,1,202.5,0.0,1,0,2,0.11285714285714286,5.063291139240506,0.33617021276595743,0.25,Business,Windows
354,Asus,2 in 1 Convertible,11.6,Windows 10,1,0,1366.0,768.0,135.0942111925629,Intel,Celeron,1.1,Intel,0,0.0,0.0,32.0,0.0,32.0,4,1.5,33.0,500.0,1,36.300000000000004,0.0,0,0,0,0.12931034482758622,2.6666666666666665,0.3191489361702127,0.125,Budget,Windows
792,Lenovo,Notebook,15.6,No OS,0,0,1366.0,768.0,100.45466986113651,Intel,Celeron,1.6,Intel,0,1000.0,0.0,0.0,0.0,1000.0,8,2.2,37.0,405.0,1,59.2,0.0,0,1,1,0.14102564102564105,3.6363636363636362,0.46808510638297873,0.25,Business,Other
2,Apple,Ultrabook,13.3,macOS,0,0,1440.0,900.0,127.67794013309688,Intel,i5,1.8,Intel,0,0.0,0.0,128.0,0.0,128.0,8,1.34,72.0,6000.0,1,129.6,0.0,0,0,0,0.10075187969924812,5.970149253731343,0.2851063829787234,0.25,Premium,macOS
616,Acer,Notebook,14.0,Windows 10,0,0,1366.0,768.0,111.93520355955211,Intel,Pentium,1.6,Intel,0,0.0,0.0,128.0,0.0,128.0,4,1.6,37.0,405.0,1,59.2,0.0,0,0,0,0.1142857142857143,2.5,0.3404255319148936,0.125,Budget,Windows
1197,HP,Notebook,15.6,Windows 10,0,0,1366.0,768.0,100.45466986113651,Intel,i3,2.3,Intel,0,500.0,0.0,0.0,0.0,500.0,4,2.07,61.0,520.0,1,140.29999999999998,0.0,0,1,1,0.1326923076923077,1.9323671497584543,0.4404255319148936,0.125,Business,Windows
610,MSI,Gaming,17.3,Windows 10,0,0,1920.0,1080.0,127.33567457123111,Intel,i7,2.7,Nvidia,1,1000.0,128.0,0.0,0.0,1128.0,16,4.14,68.0,970.0,0,183.60000000000002,970.0,1,1,3,0.23930635838150285,3.8647342995169085,0.8808510638297872,0.5,Budget,Windows
894,Lenovo,Notebook,15.6,Windows 10,0,1,1920.0,1080.0,141.21199808219862,Intel,i7,2.5,Nvidia,1,1000.0,0.0,0.0,0.0,1000.0,8,2.2,65.0,940.0,0,162.5,940.0,0,1,1,0.14102564102564105,3.6363636363636362,0.46808510638297873,0.25,Business,Windows
204,Dell,Gaming,15.6,Windows 10,0,1,3840.0,2160.0,282.42399616439724,Intel,i7,2.8,Nvidia,1,1000.0,512.0,0.0,0.0,1512.0,16,2.65,77.0,1060.0,0,215.6,1060.0,1,1,3,0.16987179487179488,6.037735849056604,0.5638297872340425,0.5,Business,Windows
924,HP,Ultrabook,12.5,Windows 10,1,0,3840.0,2160.0,352.4651472131677,Intel,Other,1.2,Intel,0,0.0,240.0,0.0,0.0,240.0,8,1.09,72.0,515.0,1,86.39999999999999,0.0,1,0,2,0.0872,7.339449541284403,0.23191489361702128,0.25,Business,Windows
644,Dell,Ultrabook,13.3,Windows 10,1,0,3200.0,1800.0,276.053530085501,Intel,i5,1.6,Intel,0,0.0,256.0,0.0,0.0,256.0,8,1.23,82.0,620.0,1,131.20000000000002,0.0,1,0,2,0.09248120300751879,6.504065040650406,0.26170212765957446,0.25,Business,Windows
568,Lenovo,Notebook,15.6,Windows 10,0,0,1920.0,1080.0,141.21199808219862,Intel,i3,2.7,Intel,0,0.0,128.0,0.0,0.0,128.0,4,2.05,71.0,620.0,1,191.70000000000002,0.0,1,0,2,0.13141025641025642,1.9512195121951221,0.4361702127659574,0.125,Business,Windows
1263,Asus,Gaming,15.6,Windows 10,0,1,1920.0,1080.0,141.21199808219862,Intel,i7,2.8,Nvidia,1,1000.0,256.0,0.0,0.0,1256.0,16,2.5,77.0,1050.0,0,215.6,1050.0,1,1,3,0.16025641025641027,6.4,0.5319148936170213,0.5,Budget,Windows
23,HP,Notebook,15.6,No OS,0,0,1366.0,768.0,100.45466986113651,AMD,Other,1.5,AMD,1,500.0,0.0,0.0,0.0,500.0,4,1.86,90.0,0.0,0,135.0,0.0,0,1,1,0.11923076923076924,2.150537634408602,0.39574468085106385,0.125,Business,Other
5,Apple,Ultrabook,13.3,macOS,0,1,2560.0,1600.0,226.98300468106115,Intel,i5,3.1,Intel,0,0.0,256.0,0.0,0.0,256.0,8,1.37,72.0,650.0,1,223.20000000000002,0.0,1,0,2,0.10300751879699248,5.839416058394161,0.2914893617021277,0.25,Premium,macOS
255,Dell,2 in 1 Convertible,15.6,Windows 10,1,1,1920.0,1080.0,141.21199808219862,Intel,i7,1.8,Intel,0,1000.0,0.0,0.0,0.0,1000.0,8,2.08,85.0,620.0,1,153.0,0.0,0,1,1,0.13333333333333333,3.846153846153846,0.4425531914893617,0.25,Business,Windows
440,Lenovo,Workstation,15.6,Windows 10,0,1,3840.0,2160.0,282.42399616439724,Intel,i7,2.8,Nvidia,1,0.0,512.0,0.0,0.0,512.0,16,2.3,76.0,940.0,0,212.79999999999998,940.0,1,0,2,0.14743589743589744,6.9565217391304355,0.4893617021276595,0.5,Business,Windows
166,Dell,Notebook,15.6,Windows 10,0,0,1920.0,1080.0,141.21199808219862,Intel,i5,1.6,AMD,1,0.0,256.0,0.0,0.0,256.0,8,2.13,82.0,520.0,0,131.20000000000002,520.0,1,0,2,0.13653846153846153,3.755868544600939,0.45319148936170206,0.25,Business,Windows
470,Lenovo,Notebook,14.0,No OS,0,1,1920.0,1080.0,157.3505121487356,Intel,i7,2.7,AMD,1,0.0,512.0,0.0,0.0,512.0,8,1.5,75.0,460.0,0,202.5,460.0,1,0,2,0.10714285714285714,5.333333333333333,0.3191489361702127,0.25,Business,Other
236,HP,Notebook,15.6,Windows 10,0,0,1366.0,768.0,100.45466986113651,AMD,Other,1.5,AMD,1,500.0,0.0,0.0,0.0,500.0,4,2.1,90.0,0.0,0,135.0,0.0,0,1,1,0.13461538461538464,1.9047619047619047,0.44680851063829785,0.125,Business,Windows
431,Dell,Gaming,17.3,Windows 10,0,1,2560.0,1440.0,169.78089942830815,Intel,i7,2.9,Nvidia,1,1000.0,256.0,0.0,0.0,1256.0,16,4.42,78.0,1070.0,0,226.2,1070.0,1,1,3,0.25549132947976877,3.6199095022624435,0.9404255319148935,0.5,Business,Windows
387,Lenovo,Notebook,15.6,No OS,0,0,1920.0,1080.0,141.21199808219862,Intel,i3,0.0,Intel,0,0.0,128.0,0.0,0.0,128.0,4,1.85,60.0,520.0,1,0.0,0.0,1,0,2,0.1185897435897436,2.162162162162162,0.39361702127659576,0.125,Business,Other
978,HP,Notebook,15.6,Windows 10,0,0,1366.0,768.0,100.45466986113651,Intel,i5,2.5,Nvidia,1,1000.0,0.0,0.0,0.0,1000.0,8,2.04,72.0,930.0,0,180.0,930.0,0,1,1,0.13076923076923078,3.9215686274509802,0.4340425531914894,0.25,Business,Windows
136,Acer,Notebook,15.6,Windows 10,0,0,1920.0,1080.0,141.21199808219862,Intel,i3,2.7,Nvidia,1,0.0,256.0,0.0,0.0,256.0,4,2.2,71.0,130.0,0,191.70000000000002,130.0,1,0,2,0.14102564102564105,1.8181818181818181,0.46808510638297873,0.125,Budget,Windows
475,HP,Gaming,17.3,Windows 10,0,1,1920.0,1080.0,127.33567457123111,Intel,i7,2.8,Nvidia,1,1000.0,0.0,0.0,0.0,1000.0,12,3.78,77.0,1060.0,0,215.6,1060.0,0,1,1,0.21849710982658957,3.174603174603175,0.8042553191489361,0.375,Business,Windows
270,Dell,2 in 1 Convertible,15.6,Windows 10,1,0,1920.0,1080.0,141.21199808219862,Intel,i5,1.6,Intel,0,0.0,256.0,0.0,0.0,256.0,8,2.67,82.0,620.0,1,131.20000000000002,0.0,1,0,2,0.17115384615384616,2.9962546816479403,0.5680851063829787,0.25,Business,Windows
339,Lenovo,Notebook,15.6,Windows 10,0,0,1920.0,1080.0,141.21199808219862,Intel,i3,0.0,Intel,0,1000.0,0.0,0.0,0.0,1000.0,4,1.85,60.0,520.0,1,0.0,0.0,0,1,1,0.1185897435897436,2.162162162162162,0.39361702127659576,0.125,Business,Windows
1114,Asus,Gaming,17.3,Windows 10,0,1,1920.0,1080.0,127.33567457123111,Intel,i7,2.6,Nvidia,1,1000.0,128.0,0.0,0.0,1128.0,16,4.3,67.0,980.0,0,174.20000000000002,980.0,1,1,3,0.24855491329479767,3.7209302325581395,0.9148936170212765,0.5,Budget,Windows
493,Dell,Workstation,15.6,Windows 10,0,1,1920.0,1080.0,141.21199808219862,Intel,i7,2.7,Nvidia,1,0.0,512.0,0.0,0.0,512.0,16,2.17,68.0,620.0,0,183.60000000000002,620.0,1,0,2,0.1391025641025641,7.373271889400922,0.4617021276595744,0.5,Business,Windows
197,Lenovo,Notebook,17.3,No OS,0,0,1600.0,900.0,106.11306214269258,Intel,i5,1.6,Nvidia,1,0.0,256.0,0.0,0.0,256.0,8,2.8,82.0,150.0,0,131.20000000000002,150.0,1,0,2,0.16184971098265893,2.857142857142857,0.5957446808510638,0.25,Business,Other
427,Lenovo,2 in 1 Convertible,15.6,Windows 10,1,1,3840.0,2160.0,282.42399616439724,Intel,i7,2.8,Nvidia,1,0.0,512.0,0.0,0.0,512.0,16,2.0,77.0,1050.0,0,215.6,1050.0,1,0,2,0.12820512820512822,8.0,0.425531914893617,0.5,Business,Windows
748,Dell,Notebook,15.6,Windows 10,0,0,1920.0,1080.0,141.21199808219862,Intel,i7,2.7,Nvidia,1,1000.0,128.0,0.0,0.0,1128.0,8,2.0,75.0,940.0,0,202.5,940.0,1,1,3,0.12820512820512822,4.0,0.425531914893617,0.25,Business,Windows
78,Lenovo,Notebook,15.6,No OS,0,0,1920.0,1080.0,141.21199808219862,Intel,i5,2.5,Intel,0,2000.0,0.0,0.0,0.0,2000.0,8,2.2,72.0,620.0,1,180.0,0.0,0,1,1,0.14102564102564105,3.6363636363636362,0.46808510638297873,0.25,Business,Other
788,Asus,Notebook,15.6,Windows 10,0,0,1920.0,1080.0,141.21199808219862,Intel,Pentium,1.1,Intel,0,0.0,128.0,0.0,0.0,128.0,8,2.0,42.0,505.0,1,46.2,0.0,1,0,2,0.12820512820512822,4.0,0.425531914893617,0.25,Budget,Windows
376,Asus,2 in 1 Convertible,15.6,Windows 10,1,0,1920.0,1080.0,141.21199808219862,Intel,i7,2.7,Nvidia,1,2000.0,512.0,0.0,0.0,2512.0,12,2.26,75.0,940.0,0,202.5,940.0,1,1,3,0.14487179487179486,5.3097345132743365,0.48085106382978715,0.375,Budget,Windows
984,Dell,2 in 1 Convertible,13.3,Windows 10,1,0,3200.0,1800.0,276.053530085501,Intel,i7,1.3,Intel,0,0.0,512.0,0.0,0.0,512.0,16,1.22,72.0,615.0,1,93.60000000000001,0.0,1,0,2,0.09172932330827067,13.114754098360656,0.25957446808510637,0.5,Business,Windows
1125,HP,Notebook,13.3,Windows 10,1,0,3200.0,1800.0,276.053530085501,Intel,Other,1.1,Intel,0,0.0,256.0,0.0,0.0,256.0,8,1.16,72.0,515.0,1,79.2,0.0,1,0,2,0.08721804511278194,6.8965517241379315,0.24680851063829784,0.25,Business,Windows
749,Dell,Notebook,15.6,Windows 10,0,0,1366.0,768.0,100.45466986113651,Intel,i3,0.0,Intel,0,0.0,256.0,0.0,0.0,256.0,8,2.0,60.0,520.0,1,0.0,0.0,1,0,2,0.12820512820512822,4.0,0.425531914893617,0.25,Business,Windows
1147,Asus,Notebook,14.0,Windows 10,0,0,1366.0,768.0,111.93520355955211,Intel,Celeron,1.1,Intel,0,0.0,0.0,32.0,0.0,32.0,4,1.5,33.0,500.0,1,36.300000000000004,0.0,0,0,0,0.10714285714285714,2.6666666666666665,0.3191489361702127,0.125,Budget,Windows
373,Lenovo,Gaming,15.6,No OS,0,1,1920.0,1080.0,141.21199808219862,Intel,i5,2.5,Nvidia,1,1000.0,128.0,0.0,0.0,1128.0,8,2.4,73.0,1050.0,0,182.5,1050.0,1,1,3,0.15384615384615385,3.3333333333333335,0.5106382978723404,0.25,Business,Other
151,MSI,Gaming,17.3,Windows 10,0,0,1920.0,1080.0,127.33567457123111,Intel,i7,2.8,Nvidia,1,1000.0,256.0,0.0,0.0,1256.0,16,2.9,77.0,1070.0,0,215.6,1070.0,1,1,3,0.1676300578034682,5.517241379310345,0.6170212765957447,0.5,Budget,Windows
1129,Lenovo,2 in 1 Convertible,10.1,Android,1,1,1920.0,1200.0,224.17380907857276,Intel,Atom,1.44,Intel,0,0.0,0.0,64.0,0.0,64.0,4,0.69,85.0,400.0,1,122.39999999999999,0.0,0,0,0,0.06831683168316831,5.797101449275363,0.14680851063829786,0.125,Business,Other
488,Dell,Notebook,15.6,Windows 10,0,0,1366.0,768.0,100.45466986113651,Intel,i3,2.4,Intel,0,1000.0,0.0,0.0,0.0,1000.0,4,2.18,71.0,620.0,1,170.4,0.0,0,1,1,0.13974358974358975,1.8348623853211008,0.46382978723404256,0.125,Business,Windows
1207,Acer,Gaming,17.3,Windows 10,0,1,1920.0,1080.0,127.33567457123111,Intel,i7,2.8,Nvidia,1,1000.0,256.0,0.0,0.0,1256.0,16,4.2,77.0,1070.0,0,215.6,1070.0,1,1,3,0.24277456647398843,3.8095238095238093,0.8936170212765957,0.5,Budget,Windows
895,Dell,Notebook,15.6,Windows 10,0,0,1366.0,768.0,100.45466986113651,Intel,Pentium,1.6,Intel,0,500.0,0.0,0.0,0.0,500.0,4,2.2,37.0,0.0,1,59.2,0.0,0,1,1,0.14102564102564105,1.8181818181818181,0.46808510638297873,0.125,Business,Windows
228,HP,Notebook,15.6,Windows 10,0,0,1920.0,1080.0,141.21199808219862,Intel,i5,1.6,Intel,0,1000.0,0.0,0.0,0.0,1000.0,8,2.1,82.0,620.0,1,131.20000000000002,0.0,0,1,1,0.13461538461538464,3.8095238095238093,0.44680851063829785,0.25,Business,Windows
1130,Dell,Ultrabook,13.3,Windows 10,0,0,1920.0,1080.0,165.6321180513006,Intel,i7,2.4,Intel,0,0.0,256.0,0.0,0.0,256.0,8,1.23,75.0,640.0,1,180.0,0.0,1,0,2,0.09248120300751879,6.504065040650406,0.26170212765957446,0.25,Business,Windows
1229,Asus,Notebook,15.6,Windows 10,0,0,1920.0,1080.0,141.21199808219862,Intel,i7,2.8,Nvidia,1,1000.0,128.0,0.0,0.0,1128.0,16,2.2,77.0,1060.0,0,215.6,1060.0,1,1,3,0.14102564102564105,7.2727272727272725,0.46808510638297873,0.5,Budget,Windows
727,HP,Notebook,17.3,Windows 10,0,0,1920.0,1080.0,127.33567457123111,Intel,i7,2.7,Nvidia,1,0.0,256.0,0.0,0.0,256.0,8,2.63,75.0,930.0,0,202.5,930.0,1,0,2,0.15202312138728322,3.0418250950570345,0.5595744680851064,0.25,Business,Windows
1048,HP,Notebook,15.6,Windows 10,0,0,1920.0,1080.0,141.21199808219862,Intel,i7,2.5,Intel,0,0.0,256.0,0.0,0.0,256.0,8,1.84,65.0,520.0,1,162.5,0.0,1,0,2,0.11794871794871796,4.3478260869565215,0.39148936170212767,0.25,Business,Windows
647,Dell,Notebook,15.6,Windows 10,1,0,3840.0,2160.0,282.42399616439724,Intel,i7,2.8,Nvidia,1,0.0,1000.0,0.0,0.0,1000.0,16,2.06,77.0,1050.0,0,215.6,1050.0,1,0,2,0.13205128205128205,7.766990291262136,0.43829787234042555,0.5,Business,Windows
148,Asus,Ultrabook,14.0,Windows 10,0,0,1920.0,1080.0,157.3505121487356,Intel,i7,1.8,Intel,0,0.0,256.0,0.0,0.0,256.0,8,1.25,85.0,620.0,1,153.0,0.0,1,0,2,0.08928571428571429,6.4,0.26595744680851063,0.25,Budget,Windows
53,HP,Notebook,15.6,Windows 10,0,0,1920.0,1080.0,141.21199808219862,AMD,Other,2.5,AMD,1,0.0,256.0,0.0,0.0,256.0,4,1.86,92.0,0.0,0,230.0,0.0,1,0,2,0.11923076923076924,2.150537634408602,0.39574468085106385,0.125,Business,Windows
490,Chuwi,Notebook,15.6,Windows 10,0,0,1920.0,1080.0,141.21199808219862,Intel,Atom,1.44,Intel,0,0.0,0.0,64.0,0.0,64.0,4,1.89,83.0,0.0,1,119.52,0.0,0,0,0,0.12115384615384615,2.1164021164021167,0.40212765957446805,0.125,Budget,Windows
1166,HP,Notebook,15.6,Windows 7,0,0,1920.0,1080.0,141.21199808219862,Intel,i5,2.3,Intel,0,0.0,256.0,0.0,0.0,256.0,8,1.88,62.0,520.0,1,142.6,0.0,1,0,2,0.12051282051282051,4.25531914893617,0.39999999999999997,0.25,Business,Windows
1035,Toshiba,Ultrabook,13.3,Windows 10,0,0,1920.0,1080.0,165.6321180513006,Intel,i5,2.3,Intel,0,0.0,256.0,0.0,0.0,256.0,8,1.2,62.0,520.0,1,142.6,0.0,1,0,2,0.09022556390977443,6.666666666666667,0.2553191489361702,0.25,Budget,Windows
1072,Dell,2 in 1 Convertible,13.3,Windows 10,1,1,1920.0,1080.0,165.6321180513006,Intel,i7,2.7,Intel,0,0.0,256.0,0.0,0.0,256.0,12,1.6,75.0,620.0,1,202.5,0.0,1,0,2,0.12030075187969924,7.5,0.3404255319148936,0.375,Business,Windows
796,Lenovo,Gaming,15.6,Windows 10,0,1,1920.0,1080.0,141.21199808219862,Intel,i7,2.8,Nvidia,1,1000.0,0.0,0.0,0.0,1000.0,4,2.4,77.0,1050.0,0,215.6,1050.0,0,1,1,0.15384615384615385,1.6666666666666667,0.5106382978723404,0.125,Business,Windows
1234,Acer,Notebook,17.3,Windows 10,0,0,1600.0,900.0,106.11306214269258,Intel,i3,0.0,Nvidia,1,1000.0,0.0,0.0,0.0,1000.0,4,3.3,60.0,940.0,0,0.0,940.0,0,1,1,0.1907514450867052,1.2121212121212122,0.702127659574468,0.125,Budget,Windows
1091,Lenovo,Notebook,15.6,Windows 10,0,1,1920.0,1080.0,141.21199808219862,Intel,i5,2.3,Nvidia,1,1000.0,0.0,0.0,0.0,1000.0,4,2.3,63.0,950.0,0,144.89999999999998,950.0,0,1,1,0.14743589743589744,1.7391304347826089,0.4893617021276595,0.125,Business,Windows
559,Dell,Gaming,17.3,Windows 10,0,1,1920.0,1080.0,127.33567457123111,Intel,i7,2.8,Nvidia,1,1000.0,256.0,0.0,0.0,1256.0,16,4.42,77.0,1070.0,0,215.6,1070.0,1,1,3,0.25549132947976877,3.6199095022624435,0.9404255319148935,0.5,Business,Windows
755,HP,Notebook,15.6,Windows 10,0,0,1920.0,1080.0,141.21199808219862,Intel,i3,0.0,Intel,0,0.0,256.0,0.0,0.0,256.0,8,1.86,60.0,520.0,1,0.0,0.0,1,0,2,0.11923076923076924,4.301075268817204,0.39574468085106385,0.25,Business,Windows
188,Xiaomi,Notebook,15.6,No OS,0,1,1920.0,1080.0,141.21199808219862,Intel,i5,1.6,Nvidia,1,0.0,256.0,0.0,0.0,256.0,8,1.95,82.0,150.0,0,131.20000000000002,150.0,1,0,2,0.125,4.102564102564103,0.4148936170212766,0.25,Budget,Other
847,Lenovo,Notebook,14.0,Chrome OS,0,0,1366.0,768.0,111.93520355955211,Intel,Celeron,1.6,Intel,0,0.0,0.0,16.0,0.0,16.0,4,1.5,31.0,400.0,1,49.6,0.0,0,0,0,0.10714285714285714,2.6666666666666665,0.3191489361702127,0.125,Business,Other
982,Dell,Gaming,17.3,Windows 10,0,1,1920.0,1080.0,127.33567457123111,Intel,i7,2.8,Nvidia,1,1000.0,256.0,0.0,0.0,1256.0,32,4.42,77.0,1070.0,0,215.6,1070.0,1,1,3,0.25549132947976877,7.239819004524887,0.9404255319148935,1.0,Business,Windows
669,Lenovo,Notebook,15.6,Windows 10,0,0,1366.0,768.0,100.45466986113651,Intel,Celeron,1.1,Intel,0,500.0,0.0,0.0,0.0,500.0,4,2.2,33.0,500.0,1,36.300000000000004,0.0,0,1,1,0.14102564102564105,1.8181818181818181,0.46808510638297873,0.125,Business,Windows
899,Acer,Netbook,11.6,Chrome OS,0,1,1366.0,768.0,135.0942111925629,Intel,Celeron,1.6,Intel,0,0.0,0.0,32.0,0.0,32.0,4,1.25,30.0,400.0,1,48.0,0.0,0,0,0,0.10775862068965518,3.2,0.26595744680851063,0.125,Budget,Other
710,Lenovo,Notebook,15.6,Windows 10,0,0,1366.0,768.0,100.45466986113651,AMD,Other,3.6,AMD,1,1000.0,0.0,0.0,0.0,1000.0,8,2.2,97.0,0.0,0,349.2,0.0,0,1,1,0.14102564102564105,3.6363636363636362,0.46808510638297873,0.25,Business,Windows
946,HP,Notebook,15.6,No OS,0,0,1366.0,768.0,100.45466986113651,Intel,Celeron,1.6,Intel,0,1000.0,0.0,0.0,0.0,1000.0,4,1.86,30.0,400.0,1,48.0,0.0,0,1,1,0.11923076923076924,2.150537634408602,0.39574468085106385,0.125,Business,Other
1138,Dell,Notebook,15.6,Linux,0,0,1366.0,768.0,100.45466986113651,Intel,i5,2.3,Intel,0,500.0,0.0,0.0,0.0,500.0,4,2.09,62.0,520.0,1,142.6,0.0,0,1,1,0.13397435897435897,1.9138755980861246,0.44468085106382976,0.125,Business,Linux
650,Lenovo,Ultrabook,14.0,Windows 10,0,1,1920.0,1080.0,157.3505121487356,Intel,i7,2.7,Intel,0,0.0,512.0,0.0,0.0,512.0,16,1.14,75.0,620.0,1,202.5,0.0,1,0,2,0.08142857142857142,14.035087719298247,0.24255319148936166,0.5,Business,Windows
7,Apple,Ultrabook,15.4,Mac OS X,0,1,2880.0,1800.0,220.53462386625827,Intel,i7,2.2,Intel,0,0.0,0.0,256.0,0.0,256.0,16,2.04,72.0,0.0,1,158.4,0.0,0,0,0,0.13246753246753246,7.8431372549019605,0.4340425531914894,0.5,Premium,macOS
403,Lenovo,Notebook,15.6,Windows 10,0,1,1920.0,1080.0,141.21199808219862,Intel,i7,1.8,AMD,1,0.0,256.0,0.0,0.0,256.0,8,2.1,85.0,550.0,0,153.0,550.0,1,0,2,0.13461538461538464,3.8095238095238093,0.44680851063829785,0.25,Business,Windows
27,Apple,Ultrabook,13.3,Mac OS X,0,0,1440.0,900.0,127.67794013309688,Intel,i5,1.6,Intel,0,0.0,0.0,128.0,0.0,128.0,8,1.35,72.0,6000.0,1,115.2,0.0,0,0,0,0.10150375939849623,5.925925925925926,0.2872340425531915,0.25,Premium,macOS
1286,HP,Netbook,11.6,Windows 10,0,0,1366.0,768.0,135.0942111925629,Intel,Celeron,1.6,Intel,0,0.0,0.0,32.0,0.0,32.0,2,1.17,30.0,400.0,1,48.0,0.0,0,0,0,0.10086206896551723,1.7094017094017095,0.24893617021276593,0.0625,Business,Windows
266,Lenovo,Notebook,15.6,No OS,0,0,1920.0,1080.0,141.21199808219862,Intel,i3,0.0,Intel,0,0.0,256.0,0.0,0.0,256.0,4,2.2,60.0,520.0,1,0.0,0.0,1,0,2,0.14102564102564105,1.8181818181818181,0.46808510638297873,0.125,Business,Other
1198,Lenovo,2 in 1 Convertible,14.0,Windows 10,1,1,2560.0,1440.0,209.8006828649808,Intel,i5,2.3,Intel,0,0.0,256.0,0.0,0.0,256.0,8,1.36,62.0,520.0,1,142.6,0.0,1,0,2,0.09714285714285716,5.88235294117647,0.2893617021276596,0.25,Business,Windows
246,Asus,Notebook,17.3,Windows 10,0,0,1920.0,1080.0,127.33567457123111,Intel,i7,1.8,Nvidia,1,1000.0,128.0,0.0,0.0,1128.0,8,2.1,85.0,150.0,0,153.0,150.0,1,1,3,0.12138728323699421,3.8095238095238093,0.44680851063829785,0.25,Budget,Windows
1311,Lenovo,Notebook,15.6,Windows 10,0,1,1920.0,1080.0,141.21199808219862,Intel,i7,2.6,Nvidia,1,1000.0,0.0,0.0,0.0,1000.0,8,2.6,67.0,960.0,0,174.20000000000002,960.0,0,1,1,0.16666666666666669,3.0769230769230766,0.5531914893617021,0.25,Business,Windows
579,HP,Notebook,15.6,Windows 10,0,1,1920.0,1080.0,141.21199808219862,AMD,Other,0.0,AMD,1,0.0,256.0,0.0,0.0,256.0,6,1.95,94.0,530.0,0,0.0,530.0,1,0,2,0.125,3.076923076923077,0.4148936170212766,0.1875,Business,Windows
503,Lenovo,Notebook,15.6,Windows 10,0,0,1920.0,1080.0,141.21199808219862,Intel,i7,1.8,Intel,0,0.0,256.0,0.0,0.0,256.0,8,2.17,85.0,620.0,1,153.0,0.0,1,0,2,0.1391025641025641,3.686635944700461,0.4617021276595744,0.25,Business,Windows
766,HP,Workstation,15.6,Windows 7,0,0,1920.0,1080.0,141.21199808219862,Intel,i7,2.6,Nvidia,1,0.0,256.0,0.0,0.0,256.0,8,2.59,67.0,1000.0,0,174.20000000000002,1000.0,1,0,2,0.16602564102564102,3.088803088803089,0.551063829787234,0.25,Business,Windows
879,Acer,Notebook,14.0,Windows 10,0,1,1920.0,1080.0,157.3505121487356,Intel,i5,2.5,Intel,0,0.0,256.0,0.0,0.0,256.0,8,1.56,72.0,620.0,1,180.0,0.0,1,0,2,0.11142857142857143,5.128205128205128,0.33191489361702126,0.25,Budget,Windows
370,Lenovo,Notebook,15.6,No OS,0,0,1366.0,768.0,100.45466986113651,Intel,i3,0.0,Nvidia,1,0.0,256.0,0.0,0.0,256.0,8,2.2,60.0,920.0,0,0.0,920.0,1,0,2,0.14102564102564105,3.6363636363636362,0.46808510638297873,0.25,Business,Other
586,Dell,Notebook,15.6,Linux,0,0,1920.0,1080.0,141.21199808219862,Intel,i7,2.7,AMD,1,0.0,256.0,0.0,0.0,256.0,8,2.2,75.0,430.0,0,202.5,430.0,1,0,2,0.14102564102564105,3.6363636363636362,0.46808510638297873,0.25,Business,Linux
99,Dell,Notebook,15.6,Linux,0,0,1920.0,1080.0,141.21199808219862,Intel,i3,0.0,AMD,1,0.0,256.0,0.0,0.0,256.0,4,2.2,60.0,430.0,0,0.0,430.0,1,0,2,0.14102564102564105,1.8181818181818181,0.46808510638297873,0.125,Business,Linux
171,Dell,Gaming,15.6,Windows 10,0,0,1920.0,1080.0,141.21199808219862,Intel,i7,2.8,Nvidia,1,1000.0,128.0,0.0,0.0,1128.0,8,2.56,77.0,1050.0,0,215.6,1050.0,1,1,3,0.1641025641025641,3.125,0.5446808510638298,0.25,Business,Windows
40,HP,Notebook,15.6,Windows 10,0,0,1920.0,1080.0,141.21199808219862,Intel,i5,1.6,Nvidia,1,0.0,256.0,0.0,0.0,256.0,8,2.1,82.0,930.0,0,131.20000000000002,930.0,1,0,2,0.13461538461538464,3.8095238095238093,0.44680851063829785,0.25,Business,Windows
992,HP,Notebook,15.6,Windows 10,0,0,1366.0,768.0,100.45466986113651,Intel,i7,2.7,Intel,0,1000.0,0.0,0.0,0.0,1000.0,6,2.04,75.0,620.0,1,202.5,0.0,0,1,1,0.13076923076923078,2.941176470588235,0.4340425531914894,0.1875,Business,Windows
1081,Asus,Gaming,17.3,Windows 10,0,1,1920.0,1080.0,127.33567457123111,Intel,i7,2.7,Nvidia,1,0.0,1000.0,0.0,0.0,1000.0,64,3.58,68.0,980.0,0,183.60000000000002,980.0,1,0,2,0.2069364161849711,17.877094972067038,0.7617021276595745,2.0,Budget,Windows
890,HP,Notebook,15.6,Windows 10,0,0,1920.0,1080.0,141.21199808219862,Intel,i5,2.5,Intel,0,0.0,256.0,0.0,0.0,256.0,4,2.04,72.0,620.0,1,180.0,0.0,1,0,2,0.13076923076923078,1.9607843137254901,0.4340425531914894,0.125,Business,Windows
278,Lenovo,2 in 1 Convertible,14.0,Windows 10,1,0,2560.0,1440.0,209.8006828649808,Intel,i7,2.6,Intel,0,0.0,512.0,0.0,0.0,512.0,16,1.36,66.0,520.0,1,171.6,0.0,1,0,2,0.09714285714285716,11.76470588235294,0.2893617021276596,0.5,Business,Windows
57,HP,Notebook,15.6,Windows 10,0,0,1920.0,1080.0,141.21199808219862,Intel,i3,0.0,Intel,0,0.0,128.0,0.0,0.0,128.0,4,1.91,60.0,520.0,1,0.0,0.0,1,0,2,0.12243589743589743,2.094240837696335,0.40638297872340423,0.125,Business,Windows
778,Acer,Notebook,15.6,Linux,0,0,1366.0,768.0,100.45466986113651,Intel,Pentium,1.1,Intel,0,1000.0,0.0,0.0,0.0,1000.0,4,2.1,42.0,505.0,1,46.2,0.0,0,1,1,0.13461538461538464,1.9047619047619047,0.44680851063829785,0.125,Budget,Linux
848,Asus,Notebook,15.6,Windows 10,0,0,1920.0,1080.0,141.21199808219862,Intel,i5,2.5,Intel,0,128.0,0.0,0.0,0.0,128.0,8,2.3,72.0,620.0,1,180.0,0.0,0,1,1,0.14743589743589744,3.4782608695652177,0.4893617021276595,0.25,Budget,Windows
1320,Asus,Notebook,15.6,Windows 10,0,0,1366.0,768.0,100.45466986113651,Intel,Celeron,1.6,Intel,0,500.0,0.0,0.0,0.0,500.0,4,2.2,30.0,0.0,1,48.0,0.0,0,1,1,0.14102564102564105,1.8181818181818181,0.46808510638297873,0.125,Budget,Windows
449,Lenovo,Ultrabook,12.5,Windows 10,0,1,1920.0,1080.0,176.23257360658386,Intel,i5,2.5,Intel,0,0.0,256.0,0.0,0.0,256.0,8,1.36,72.0,620.0,1,180.0,0.0,1,0,2,0.10880000000000001,5.88235294117647,0.2893617021276596,0.25,Business,Windows
537,Dell,Gaming,17.3,Windows 10,0,1,1920.0,1080.0,127.33567457123111,Intel,i7,2.8,Nvidia,1,1000.0,128.0,0.0,0.0,1128.0,16,4.42,77.0,1070.0,0,215.6,1070.0,1,1,3,0.25549132947976877,3.6199095022624435,0.9404255319148935,0.5,Business,Windows
983,Lenovo,Notebook,15.6,Windows 10,0,0,1920.0,1080.0,141.21199808219862,Intel,i5,2.5,Nvidia,1,0.0,256.0,0.0,0.0,256.0,6,2.4,72.0,920.0,0,180.0,920.0,1,0,2,0.15384615384615385,2.5,0.5106382978723404,0.1875,Business,Windows
229,Dell,Gaming,17.3,Windows 10,0,1,1920.0,1080.0,127.33567457123111,Intel,i7,2.8,Nvidia,1,1000.0,256.0,0.0,0.0,1256.0,16,4.42,77.0,1060.0,0,215.6,1060.0,1,1,3,0.25549132947976877,3.6199095022624435,0.9404255319148935,0.5,Business,Windows
411,MSI,Gaming,17.3,Windows 10,0,0,1920.0,1080.0,127.33567457123111,Intel,i7,2.8,Nvidia,1,1000.0,256.0,0.0,0.0,1256.0,16,2.8,77.0,1070.0,0,215.6,1070.0,1,1,3,0.16184971098265893,5.714285714285714,0.5957446808510638,0.5,Budget,Windows
216,Asus,Gaming,17.3,Windows 10,0,0,1920.0,1080.0,127.33567457123111,Intel,i7,2.8,Nvidia,1,1000.0,256.0,0.0,0.0,1256.0,16,2.9,77.0,1050.0,0,215.6,1050.0,1,1,3,0.1676300578034682,5.517241379310345,0.6170212765957447,0.5,Budget,Windows
1063,Asus,Netbook,11.6,Chrome OS,0,0,1366.0,768.0,135.0942111925629,Intel,Celeron,1.6,Intel,0,0.0,0.0,16.0,0.0,16.0,4,1.2,30.0,400.0,1,48.0,0.0,0,0,0,0.10344827586206896,3.3333333333333335,0.2553191489361702,0.125,Budget,Other
896,HP,2 in 1 Convertible,13.3,Windows 10,1,0,1920.0,1080.0,165.6321180513006,Intel,i5,2.5,Intel,0,0.0,256.0,0.0,0.0,256.0,4,1.28,72.0,620.0,1,180.0,0.0,1,0,2,0.09624060150375939,3.125,0.2723404255319149,0.125,Business,Windows
824,Lenovo,Ultrabook,14.0,Windows 10,0,0,1920.0,1080.0,157.3505121487356,Intel,i7,2.7,Intel,0,0.0,256.0,0.0,0.0,256.0,8,1.32,75.0,620.0,1,202.5,0.0,1,0,2,0.09428571428571429,6.0606060606060606,0.28085106382978725,0.25,Business,Windows
1085,Dell,Notebook,15.6,Windows 10,0,0,1366.0,768.0,100.45466986113651,Intel,i3,2.3,Intel,0,500.0,0.0,0.0,0.0,500.0,4,2.06,61.0,520.0,1,140.29999999999998,0.0,0,1,1,0.13205128205128205,1.941747572815534,0.43829787234042555,0.125,Business,Windows
6,Acer,Notebook,15.6,Windows 10,0,0,1366.0,768.0,100.45466986113651,AMD,Other,0.0,AMD,1,500.0,0.0,0.0,0.0,500.0,4,2.1,94.0,0.0,0,0.0,0.0,0,1,1,0.13461538461538464,1.9047619047619047,0.44680851063829785,0.125,Budget,Windows
44,Acer,Notebook,15.6,Windows 10,0,1,1920.0,1080.0,141.21199808219862,Intel,i5,1.6,Intel,0,0.0,256.0,0.0,0.0,256.0,4,2.2,82.0,620.0,1,131.20000000000002,0.0,1,0,2,0.14102564102564105,1.8181818181818181,0.46808510638297873,0.125,Budget,Windows
1140,Lenovo,2 in 1 Convertible,14.0,Windows 10,1,1,1920.0,1080.0,157.3505121487356,Intel,i7,2.5,Intel,0,0.0,256.0,0.0,0.0,256.0,8,1.8,65.0,520.0,1,162.5,0.0,1,0,2,0.1285714285714286,4.444444444444445,0.3829787234042553,0.25,Business,Windows
1016,Dell,Notebook,15.6,Windows 10,0,0,1366.0,768.0,100.45466986113651,Intel,i3,2.4,Intel,0,0.0,128.0,0.0,0.0,128.0,4,2.18,71.0,620.0,1,170.4,0.0,1,0,2,0.13974358974358975,1.8348623853211008,0.46382978723404256,0.125,Business,Windows
513,Asus,Notebook,15.6,Windows 10,0,0,1920.0,1080.0,141.21199808219862,Intel,i7,2.7,Intel,0,1000.0,256.0,0.0,0.0,1256.0,8,2.0,75.0,620.0,1,202.5,0.0,1,1,3,0.12820512820512822,4.0,0.425531914893617,0.25,Budget,Windows
884,Lenovo,Notebook,13.3,Windows 10,0,1,1920.0,1080.0,165.6321180513006,Intel,i3,2.4,Intel,0,0.0,180.0,0.0,0.0,180.0,4,1.44,71.0,620.0,1,170.4,0.0,1,0,2,0.10827067669172931,2.7777777777777777,0.30638297872340425,0.125,Business,Windows
957,Toshiba,Notebook,15.6,Windows 10,0,0,1366.0,768.0,100.45466986113651,Intel,i5,2.3,Intel,0,0.0,256.0,0.0,0.0,256.0,8,2.2,62.0,520.0,1,142.6,0.0,1,0,2,0.14102564102564105,3.6363636363636362,0.46808510638297873,0.25,Budget,Windows
253,HP,Notebook,13.3,Windows 10,0,1,1920.0,1080.0,165.6321180513006,Intel,i5,1.6,Intel,0,500.0,0.0,0.0,0.0,500.0,4,1.49,82.0,620.0,1,131.20000000000002,0.0,0,1,1,0.11203007518796992,2.684563758389262,0.3170212765957447,0.125,Business,Windows
1033,HP,Notebook,14.0,Windows 10,0,0,1920.0,1080.0,157.3505121487356,Intel,i7,2.5,Intel,0,0.0,256.0,0.0,0.0,256.0,8,1.43,65.0,520.0,1,162.5,0.0,1,0,2,0.10214285714285713,5.594405594405595,0.30425531914893617,0.25,Business,Windows
798,Dell,Gaming,15.6,Windows 10,0,0,1920.0,1080.0,141.21199808219862,Intel,i5,2.5,Nvidia,1,0.0,256.0,0.0,0.0,256.0,8,2.62,73.0,1050.0,0,182.5,1050.0,1,0,2,0.16794871794871796,3.0534351145038165,0.5574468085106383,0.25,Business,Windows
557,Lenovo,Notebook,15.6,Windows 10,0,0,1920.0,1080.0,141.21199808219862,Intel,i3,0.0,Intel,0,0.0,128.0,0.0,0.0,128.0,4,2.2,60.0,520.0,1,0.0,0.0,1,0,2,0.14102564102564105,1.8181818181818181,0.46808510638297873,0.125,Business,Windows
764,Lenovo,2 in 1 Convertible,13.3,Windows 10,1,1,3200.0,1800.0,276.053530085501,Intel,i5,1.8,Intel,0,0.0,256.0,0.0,0.0,256.0,8,1.3,62.0,540.0,1,111.60000000000001,0.0,1,0,2,0.09774436090225563,6.153846153846153,0.2765957446808511,0.25,Business,Windows
516,Lenovo,Gaming,15.6,No OS,0,1,1920.0,1080.0,141.21199808219862,Intel,i7,2.8,Nvidia,1,1000.0,256.0,0.0,0.0,1256.0,8,2.4,77.0,1060.0,0,215.6,1060.0,1,1,3,0.15384615384615385,3.3333333333333335,0.5106382978723404,0.25,Business,Other
873,Toshiba,Notebook,13.3,Windows 10,0,0,1920.0,1080.0,165.6321180513006,Intel,i5,2.5,Intel,0,0.0,128.0,0.0,0.0,128.0,4,1.05,72.0,620.0,1,180.0,0.0,1,0,2,0.07894736842105263,3.8095238095238093,0.22340425531914893,0.125,Budget,Windows
12,HP,Notebook,15.6,No OS,0,0,1920.0,1080.0,141.21199808219862,Intel,i3,0.0,Intel,0,500.0,0.0,0.0,0.0,500.0,4,1.86,60.0,520.0,1,0.0,0.0,0,1,1,0.11923076923076924,2.150537634408602,0.39574468085106385,0.125,Business,Other
629,Dell,Notebook,15.6,Windows 10,0,0,1920.0,1080.0,141.21199808219862,Intel,i5,1.6,AMD,1,1000.0,0.0,0.0,0.0,1000.0,4,2.2,82.0,530.0,0,131.20000000000002,530.0,0,1,1,0.14102564102564105,1.8181818181818181,0.46808510638297873,0.125,Business,Windows
711,Lenovo,Notebook,15.6,Windows 10,0,0,1920.0,1080.0,141.21199808219862,Intel,i5,2.5,Intel,0,2000.0,0.0,0.0,0.0,2000.0,4,2.1,72.0,620.0,1,180.0,0.0,0,1,1,0.13461538461538464,1.9047619047619047,0.44680851063829785,0.125,Business,Windows
96,Asus,Ultrabook,14.0,Windows 10,0,0,1920.0,1080.0,157.3505121487356,Intel,i7,2.7,Intel,0,0.0,256.0,0.0,0.0,256.0,8,1.25,75.0,620.0,1,202.5,0.0,1,0,2,0.08928571428571429,6.4,0.26595744680851063,0.25,Budget,Windows
741,Acer,Notebook,15.6,Windows 10,0,0,1366.0,768.0,100.45466986113651,Intel,i5,2.5,Intel,0,500.0,0.0,0.0,0.0,500.0,4,2.4,72.0,620.0,1,180.0,0.0,0,1,1,0.15384615384615385,1.6666666666666667,0.5106382978723404,0.125,Budget,Windows
833,Lenovo,Ultrabook,14.0,Windows 10,0,1,1920.0,1080.0,157.3505121487356,Intel,i5,2.5,Intel,0,0.0,0.0,256.0,0.0,256.0,8,1.13,72.0,620.0,1,180.0,0.0,0,0,0,0.08071428571428571,7.079646017699115,0.24042553191489358,0.25,Business,Windows
1180,HP,Gaming,15.6,Windows 10,0,1,1920.0,1080.0,141.21199808219862,Intel,i7,2.8,Nvidia,1,1000.0,0.0,0.0,0.0,1000.0,8,2.62,77.0,1050.0,0,215.6,1050.0,0,1,1,0.16794871794871796,3.0534351145038165,0.5574468085106383,0.25,Business,Windows
549,HP,Ultrabook,13.3,Windows 10,0,1,3200.0,1800.0,276.053530085501,Intel,i7,2.7,Intel,0,0.0,256.0,0.0,0.0,256.0,8,1.34,75.0,620.0,1,202.5,0.0,1,0,2,0.10075187969924812,5.970149253731343,0.2851063829787234,0.25,Business,Windows
115,Lenovo,2 in 1 Convertible,13.3,Windows 10,1,1,1920.0,1080.0,165.6321180513006,Intel,i5,2.5,Intel,0,0.0,256.0,0.0,0.0,256.0,8,1.37,72.0,620.0,1,180.0,0.0,1,0,2,0.10300751879699248,5.839416058394161,0.2914893617021277,0.25,Business,Windows
469,Asus,Notebook,15.6,Windows 10,0,0,1920.0,1080.0,141.21199808219862,Intel,i5,2.5,Intel,0,1000.0,0.0,0.0,0.0,1000.0,8,2.37,72.0,620.0,1,180.0,0.0,0,1,1,0.15192307692307694,3.375527426160337,0.5042553191489362,0.25,Budget,Windows
435,HP,Gaming,17.3,Windows 10,0,0,1920.0,1080.0,127.33567457123111,Intel,i7,2.8,Nvidia,1,1000.0,256.0,0.0,0.0,1256.0,12,3.35,77.0,1070.0,0,215.6,1070.0,1,1,3,0.1936416184971098,3.582089552238806,0.7127659574468085,0.375,Business,Windows
221,Lenovo,Notebook,17.3,No OS,0,0,1600.0,900.0,106.11306214269258,Intel,i5,2.5,Nvidia,1,1000.0,0.0,0.0,0.0,1000.0,8,2.8,72.0,940.0,0,180.0,940.0,0,1,1,0.16184971098265893,2.857142857142857,0.5957446808510638,0.25,Business,Other
156,MSI,Gaming,17.3,Windows 10,0,0,1920.0,1080.0,127.33567457123111,Intel,i7,2.8,Nvidia,1,1000.0,256.0,0.0,0.0,1256.0,16,2.8,77.0,1060.0,0,215.6,1060.0,1,1,3,0.16184971098265893,5.714285714285714,0.5957446808510638,0.5,Budget,Windows
1186,HP,Notebook,14.0,Windows 10,0,0,1366.0,768.0,111.93520355955211,Intel,Celeron,1.6,Intel,0,0.0,0.0,32.0,0.0,32.0,2,1.44,30.0,400.0,1,48.0,0.0,0,0,0,0.10285714285714286,1.3888888888888888,0.30638297872340425,0.0625,Business,Windows
8,Apple,Ultrabook,13.3,macOS,0,0,1440.0,900.0,127.67794013309688,Intel,i5,1.8,Intel,0,0.0,0.0,256.0,0.0,256.0,8,1.34,72.0,6000.0,1,129.6,0.0,0,0,0,0.10075187969924812,5.970149253731343,0.2851063829787234,0.25,Premium,macOS
728,Lenovo,Ultrabook,14.0,Windows 10,0,1,2560.0,1440.0,209.8006828649808,Intel,i7,2.5,Intel,0,0.0,512.0,0.0,0.0,512.0,8,1.17,65.0,520.0,1,162.5,0.0,1,0,2,0.08357142857142856,6.837606837606838,0.24893617021276593,0.25,Business,Windows
196,Xiaomi,Ultrabook,13.3,No OS,0,1,1920.0,1080.0,165.6321180513006,Intel,i5,2.5,Nvidia,1,0.0,256.0,0.0,0.0,256.0,8,1.3,72.0,150.0,0,180.0,150.0,1,0,2,0.09774436090225563,6.153846153846153,0.2765957446808511,0.25,Budget,Other
309,Asus,Gaming,15.6,Windows 10,0,0,1920.0,1080.0,141.21199808219862,Intel,i7,2.8,Nvidia,1,1000.0,128.0,0.0,0.0,1128.0,8,2.5,77.0,1050.0,0,215.6,1050.0,1,1,3,0.16025641025641027,3.2,0.5319148936170213,0.25,Budget,Windows
480,Dell,Ultrabook,13.3,Windows 10,1,0,1920.0,1080.0,165.6321180513006,Intel,i5,1.6,Intel,0,0.0,256.0,0.0,0.0,256.0,8,1.42,82.0,620.0,1,131.20000000000002,0.0,1,0,2,0.10676691729323307,5.633802816901409,0.3021276595744681,0.25,Business,Windows
960,Dell,Ultrabook,12.5,Windows 10,1,0,1920.0,1080.0,176.23257360658386,Intel,i5,2.5,Intel,0,0.0,256.0,0.0,0.0,256.0,8,1.36,72.0,0.0,1,180.0,0.0,1,0,2,0.10880000000000001,5.88235294117647,0.2893617021276596,0.25,Business,Windows
365,Dell,Notebook,14.0,Windows 10,0,0,1920.0,1080.0,157.3505121487356,Intel,i5,2.6,Intel,0,0.0,256.0,0.0,0.0,256.0,8,1.36,73.0,620.0,1,189.8,0.0,1,0,2,0.09714285714285716,5.88235294117647,0.2893617021276596,0.25,Business,Windows
10,Acer,Ultrabook,14.0,Windows 10,0,1,1920.0,1080.0,157.3505121487356,Intel,i5,1.6,Intel,0,0.0,256.0,0.0,0.0,256.0,8,1.6,82.0,620.0,1,131.20000000000002,0.0,1,0,2,0.1142857142857143,5.0,0.3404255319148936,0.25,Budget,Windows
424,HP,Ultrabook,14.0,Windows 10,0,0,1920.0,1080.0,157.3505121487356,Intel,i7,2.5,Intel,0,0.0,256.0,0.0,0.0,256.0,8,1.43,65.0,520.0,1,162.5,0.0,1,0,2,0.10214285714285713,5.594405594405595,0.30425531914893617,0.25,Business,Windows
311,HP,2 in 1 Convertible,13.3,Windows 10,1,0,1920.0,1080.0,165.6321180513006,Intel,i7,2.8,Intel,0,0.0,256.0,0.0,0.0,256.0,16,1.28,76.0,620.0,1,212.79999999999998,0.0,1,0,2,0.09624060150375939,12.5,0.2723404255319149,0.5,Business,Windows
1108,Dell,Ultrabook,13.3,Windows 10,0,1,1920.0,1080.0,165.6321180513006,Intel,i5,1.6,AMD,1,0.0,256.0,0.0,0.0,256.0,4,1.4,82.0,530.0,0,131.20000000000002,530.0,1,0,2,0.10526315789473684,2.857142857142857,0.2978723404255319,0.125,Business,Windows
822,Dell,Notebook,15.6,Windows 10,0,0,1920.0,1080.0,141.21199808219862,Intel,i7,2.7,Nvidia,1,1000.0,0.0,0.0,0.0,1000.0,8,1.98,75.0,940.0,0,202.5,940.0,0,1,1,0.12692307692307692,4.040404040404041,0.42127659574468085,0.25,Business,Windows
70,Lenovo,Notebook,15.6,Windows 10,0,0,1920.0,1080.0,141.21199808219862,Intel,i5,2.5,Intel,0,1000.0,0.0,0.0,0.0,1000.0,4,1.9,72.0,620.0,1,180.0,0.0,0,1,1,0.12179487179487179,2.1052631578947367,0.40425531914893614,0.125,Business,Windows
926,HP,Notebook,15.6,Windows 10,0,0,1920.0,1080.0,141.21199808219862,Intel,i7,2.7,Nvidia,1,0.0,256.0,0.0,0.0,256.0,8,2.04,75.0,930.0,0,202.5,930.0,1,0,2,0.13076923076923078,3.9215686274509802,0.4340425531914894,0.25,Business,Windows
1015,HP,Notebook,13.3,Windows 10,0,1,1920.0,1080.0,165.6321180513006,Intel,i5,2.5,Intel,0,0.0,256.0,0.0,0.0,256.0,8,1.34,72.0,620.0,1,180.0,0.0,1,0,2,0.10075187969924812,5.970149253731343,0.2851063829787234,0.25,Business,Windows
714,Acer,2 in 1 Convertible,13.3,Windows 10,1,1,1920.0,1080.0,165.6321180513006,Intel,i5,1.6,Intel,0,0.0,256.0,0.0,0.0,256.0,8,1.6,82.0,620.0,1,131.20000000000002,0.0,1,0,2,0.12030075187969924,5.0,0.3404255319148936,0.25,Budget,Windows
293,Lenovo,Gaming,15.6,Windows 10,0,1,1920.0,1080.0,141.21199808219862,Intel,i7,2.8,Nvidia,1,1000.0,256.0,0.0,0.0,1256.0,16,2.5,77.0,1050.0,0,215.6,1050.0,1,1,3,0.16025641025641027,6.4,0.5319148936170213,0.5,Business,Windows
661,MSI,Gaming,15.6,Windows 10,0,0,1920.0,1080.0,141.21199808219862,Intel,i7,2.8,Nvidia,1,1000.0,128.0,0.0,0.0,1128.0,8,2.2,77.0,1050.0,0,215.6,1050.0,1,1,3,0.14102564102564105,3.6363636363636362,0.46808510638297873,0.25,Budget,Windows
725,Lenovo,Notebook,15.6,Windows 10,0,0,1366.0,768.0,100.45466986113651,AMD,Other,0.0,AMD,1,500.0,0.0,0.0,0.0,500.0,4,2.19,73.0,0.0,0,0.0,0.0,0,1,1,0.14038461538461539,1.8264840182648403,0.4659574468085106,0.125,Business,Windows
1210,HP,Notebook,15.6,Windows 10,0,0,1366.0,768.0,100.45466986113651,Intel,i5,2.5,Intel,0,500.0,0.0,0.0,0.0,500.0,4,1.86,72.0,620.0,1,180.0,0.0,0,1,1,0.11923076923076924,2.150537634408602,0.39574468085106385,0.125,Business,Windows
622,Asus,Gaming,17.3,Windows 10,0,0,1920.0,1080.0,127.33567457123111,Intel,i7,2.8,Nvidia,1,1000.0,128.0,0.0,0.0,1128.0,8,3.0,77.0,1050.0,0,215.6,1050.0,1,1,3,0.17341040462427745,2.6666666666666665,0.6382978723404255,0.25,Budget,Windows
893,Asus,Notebook,14.1,Windows 10,0,0,1366.0,768.0,111.1413368676404,Intel,Celeron,1.1,Intel,0,0.0,0.0,32.0,0.0,32.0,4,1.65,33.0,500.0,1,36.300000000000004,0.0,0,0,0,0.11702127659574468,2.4242424242424243,0.351063829787234,0.125,Budget,Windows
372,Dell,Notebook,17.3,Windows 10,0,0,1920.0,1080.0,127.33567457123111,Intel,i5,1.6,AMD,1,1000.0,128.0,0.0,0.0,1128.0,8,2.8,82.0,530.0,0,131.20000000000002,530.0,1,1,3,0.16184971098265893,2.857142857142857,0.5957446808510638,0.25,Business,Windows
870,Lenovo,Notebook,15.6,No OS,0,0,1920.0,1080.0,141.21199808219862,Intel,i3,2.0,Intel,0,1000.0,0.0,0.0,0.0,1000.0,4,2.2,60.0,520.0,1,120.0,0.0,0,1,1,0.14102564102564105,1.8181818181818181,0.46808510638297873,0.125,Business,Other
358,MSI,Gaming,17.3,Windows 10,0,0,1920.0,1080.0,127.33567457123111,Intel,i7,2.8,Nvidia,1,1000.0,128.0,0.0,0.0,1128.0,8,2.7,77.0,1060.0,0,215.6,1060.0,1,1,3,0.15606936416184972,2.962962962962963,0.574468085106383,0.25,Budget,Windows
237,Lenovo,Gaming,15.6,Windows 10,0,1,1920.0,1080.0,141.21199808219862,Intel,i7,2.8,Nvidia,1,1000.0,256.0,0.0,0.0,1256.0,16,3.2,77.0,1060.0,0,215.6,1060.0,1,1,3,0.20512820512820515,5.0,0.6808510638297872,0.5,Business,Windows
378,Asus,Gaming,17.3,Windows 10,0,1,1920.0,1080.0,127.33567457123111,AMD,Ryzen,0.0,AMD,1,1000.0,256.0,0.0,0.0,1256.0,16,3.25,17.0,580.0,0,0.0,580.0,1,1,3,0.18786127167630057,4.923076923076923,0.6914893617021276,0.5,Budget,Windows
508,HP,Notebook,15.6,Windows 10,0,0,1366.0,768.0,100.45466986113651,Intel,i5,2.5,AMD,1,0.0,256.0,0.0,0.0,256.0,8,1.91,72.0,520.0,0,180.0,520.0,1,0,2,0.12243589743589743,4.18848167539267,0.40638297872340423,0.25,Business,Windows
902,HP,2 in 1 Convertible,13.3,Windows 10,1,0,3200.0,1800.0,276.053530085501,Intel,i7,2.7,Intel,0,0.0,256.0,0.0,0.0,256.0,16,1.42,75.0,620.0,1,202.5,0.0,1,0,2,0.10676691729323307,11.267605633802818,0.3021276595744681,0.5,Business,Windows
26,Dell,Notebook,15.6,Windows 10,0,0,1366.0,768.0,100.45466986113651,Intel,i3,0.0,Intel,0,1000.0,0.0,0.0,0.0,1000.0,4,2.3,60.0,520.0,1,0.0,0.0,0,1,1,0.14743589743589744,1.7391304347826089,0.4893617021276595,0.125,Business,Windows
400,MSI,Gaming,17.3,Windows 10,0,0,1920.0,1080.0,127.33567457123111,Intel,i7,2.8,Nvidia,1,0.0,256.0,0.0,0.0,256.0,8,2.7,77.0,1050.0,0,215.6,1050.0,1,0,2,0.15606936416184972,2.962962962962963,0.574468085106383,0.25,Budget,Windows
625,MSI,Gaming,15.6,Windows 10,0,0,1920.0,1080.0,141.21199808219862,Intel,i7,2.8,Nvidia,1,1000.0,256.0,0.0,0.0,1256.0,16,2.94,77.0,1070.0,0,215.6,1070.0,1,1,3,0.18846153846153846,5.442176870748299,0.625531914893617,0.5,Budget,Windows
271,Asus,2 in 1 Convertible,13.3,Windows 10,1,0,1920.0,1080.0,165.6321180513006,Intel,i7,1.8,Intel,0,0.0,1024.0,0.0,0.0,1024.0,8,1.1,85.0,620.0,1,153.0,0.0,1,0,2,0.08270676691729323,7.2727272727272725,0.23404255319148937,0.25,Budget,Windows
63,Lenovo,Notebook,14.0,No OS,0,1,1920.0,1080.0,157.3505121487356,Intel,i3,2.7,Intel,0,0.0,256.0,0.0,0.0,256.0,8,1.7,71.0,620.0,1,191.70000000000002,0.0,1,0,2,0.12142857142857143,4.705882352941177,0.36170212765957444,0.25,Business,Other
489,HP,Notebook,13.3,Windows 10,0,1,1920.0,1080.0,165.6321180513006,Intel,i5,1.6,Intel,0,0.0,128.0,0.0,0.0,128.0,4,1.49,82.0,620.0,1,131.20000000000002,0.0,1,0,2,0.11203007518796992,2.684563758389262,0.3170212765957447,0.125,Business,Windows
1024,Dell,Gaming,15.6,Windows 10,0,0,1920.0,1080.0,141.21199808219862,Intel,i5,2.5,Nvidia,1,0.0,0.0,0.0,1.0,1.0,8,2.65,73.0,1050.0,0,182.5,1050.0,0,0,0,0.16987179487179488,3.018867924528302,0.5638297872340425,0.25,Business,Windows
856,HP,2 in 1 Convertible,11.6,Chrome OS,1,0,1366.0,768.0,135.0942111925629,Intel,Celeron,1.1,Intel,0,0.0,0.0,32.0,0.0,32.0,4,1.4,33.0,500.0,1,36.300000000000004,0.0,0,0,0,0.12068965517241378,2.857142857142857,0.2978723404255319,0.125,Business,Other
883,Toshiba,Notebook,15.6,Windows 10,0,1,1920.0,1080.0,141.21199808219862,Intel,i7,2.7,Intel,0,0.0,256.0,0.0,0.0,256.0,8,2.0,75.0,620.0,1,202.5,0.0,1,0,2,0.12820512820512822,4.0,0.425531914893617,0.25,Budget,Windows
346,Dell,Notebook,15.6,Linux,0,0,1366.0,768.0,100.45466986113651,Intel,Celeron,1.6,Intel,0,500.0,0.0,0.0,0.0,500.0,4,2.2,30.0,0.0,1,48.0,0.0,0,1,1,0.14102564102564105,1.8181818181818181,0.46808510638297873,0.125,Business,Linux
504,HP,Notebook,14.0,Windows 10,0,0,1920.0,1080.0,157.3505121487356,Intel,i7,2.8,Intel,0,0.0,1000.0,0.0,0.0,1000.0,8,1.48,76.0,620.0,1,212.79999999999998,0.0,1,0,2,0.10571428571428572,5.405405405405405,0.3148936170212766,0.25,Business,Windows
114,Dell,Ultrabook,13.3,Windows 10,1,0,3200.0,1800.0,276.053530085501,Intel,i7,2.4,Intel,0,0.0,256.0,0.0,0.0,256.0,8,1.23,75.0,640.0,1,180.0,0.0,1,0,2,0.09248120300751879,6.504065040650406,0.26170212765957446,0.25,Business,Windows
342,Dell,Ultrabook,15.6,Windows 10,0,1,1920.0,1080.0,141.21199808219862,Intel,i5,1.6,Nvidia,1,1000.0,128.0,0.0,0.0,1128.0,8,1.9,82.0,940.0,0,131.20000000000002,940.0,1,1,3,0.12179487179487179,4.2105263157894735,0.40425531914893614,0.25,Business,Windows
615,Lenovo,2 in 1 Convertible,15.6,Windows 10,1,1,1920.0,1080.0,141.21199808219862,Intel,i7,2.8,Intel,0,0.0,256.0,0.0,0.0,256.0,8,2.0,77.0,630.0,1,215.6,0.0,1,0,2,0.12820512820512822,4.0,0.425531914893617,0.25,Business,Windows
1134,Asus,Gaming,17.3,Windows 10,0,0,1920.0,1080.0,127.33567457123111,Intel,i7,2.6,Nvidia,1,1000.0,128.0,0.0,0.0,1128.0,8,3.52,67.0,960.0,0,174.20000000000002,960.0,1,1,3,0.20346820809248553,2.272727272727273,0.7489361702127659,0.25,Budget,Windows
956,Acer,Notebook,15.6,Windows 10,0,0,1366.0,768.0,100.45466986113651,Intel,i5,2.5,Intel,0,500.0,0.0,0.0,0.0,500.0,4,2.23,72.0,620.0,1,180.0,0.0,0,1,1,0.14294871794871794,1.7937219730941705,0.47446808510638294,0.125,Budget,Windows
703,Acer,Netbook,11.6,Windows 10,0,0,1366.0,768.0,135.0942111925629,Intel,Celeron,1.6,Intel,0,0.0,0.0,32.0,0.0,32.0,4,1.4,30.0,0.0,1,48.0,0.0,0,0,0,0.12068965517241378,2.857142857142857,0.2978723404255319,0.125,Budget,Windows
724,Dell,Notebook,15.6,Windows 10,0,0,1920.0,1080.0,141.21199808219862,Intel,i5,2.6,Intel,0,0.0,256.0,0.0,0.0,256.0,8,1.9,73.0,620.0,1,189.8,0.0,1,0,2,0.12179487179487179,4.2105263157894735,0.40425531914893614,0.25,Business,Windows
1214,Lenovo,Notebook,15.6,No OS,0,0,1366.0,768.0,100.45466986113651,Intel,i3,0.0,AMD,1,1000.0,0.0,0.0,0.0,1000.0,4,1.9,60.0,430.0,0,0.0,430.0,0,1,1,0.12179487179487179,2.1052631578947367,0.40425531914893614,0.125,Business,Other
212,Dell,Ultrabook,13.3,Windows 10,0,0,1920.0,1080.0,165.6321180513006,Intel,i7,1.8,Intel,0,0.0,256.0,0.0,0.0,256.0,8,1.2,85.0,620.0,1,153.0,0.0,1,0,2,0.09022556390977443,6.666666666666667,0.2553191489361702,0.25,Business,Windows
459,HP,Workstation,15.6,Windows 10,0,1,1920.0,1080.0,141.21199808219862,Intel,i7,2.9,Intel,0,0.0,512.0,0.0,0.0,512.0,8,2.31,78.0,620.0,1,226.2,0.0,1,0,2,0.14807692307692308,3.463203463203463,0.49148936170212765,0.25,Business,Windows
699,Lenovo,Notebook,14.0,Windows 10,0,0,1920.0,1080.0,157.3505121487356,Intel,i5,2.5,Intel,0,0.0,256.0,0.0,0.0,256.0,4,1.7,72.0,620.0,1,180.0,0.0,1,0,2,0.12142857142857143,2.3529411764705883,0.36170212765957444,0.125,Business,Windows
1191,Lenovo,Notebook,15.6,No OS,0,0,1366.0,768.0,100.45466986113651,Intel,i5,2.3,Intel,0,500.0,0.0,0.0,0.0,500.0,4,2.1,62.0,520.0,1,142.6,0.0,0,1,1,0.13461538461538464,1.9047619047619047,0.44680851063829785,0.125,Business,Other
17,Dell,Notebook,15.6,Windows 10,0,0,1920.0,1080.0,141.21199808219862,Intel,i7,2.7,AMD,1,0.0,256.0,0.0,0.0,256.0,8,2.2,75.0,430.0,0,202.5,430.0,1,0,2,0.14102564102564105,3.6363636363636362,0.46808510638297873,0.25,Business,Windows
867,Asus,Notebook,15.6,Windows 10,0,0,1366.0,768.0,100.45466986113651,Intel,Pentium,1.1,Intel,0,1000.0,0.0,0.0,0.0,1000.0,4,2.0,42.0,505.0,1,46.2,0.0,0,1,1,0.12820512820512822,2.0,0.425531914893617,0.125,Budget,Windows
1227,Asus,Gaming,15.6,Windows 10,0,0,1920.0,1080.0,141.21199808219862,Intel,i7,2.8,Nvidia,1,1000.0,256.0,0.0,0.0,1256.0,16,2.2,77.0,1070.0,0,215.6,1070.0,1,1,3,0.14102564102564105,7.2727272727272725,0.46808510638297873,0.5,Budget,Windows
20,Dell,Ultrabook,13.3,Windows 10,1,1,1920.0,1080.0,165.6321180513006,Intel,i5,1.6,Intel,0,0.0,128.0,0.0,0.0,128.0,8,1.22,82.0,620.0,1,131.20000000000002,0.0,1,0,2,0.09172932330827067,6.557377049180328,0.25957446808510637,0.25,Business,Windows
1179,MSI,Gaming,14.0,Windows 10,0,0,1920.0,1080.0,157.3505121487356,Intel,i7,2.6,Nvidia,1,1000.0,256.0,0.0,0.0,1256.0,16,1.7,67.0,970.0,0,174.20000000000002,970.0,1,1,3,0.12142857142857143,9.411764705882353,0.36170212765957444,0.5,Budget,Windows
520,Dell,Notebook,15.6,Windows 10,0,0,1920.0,1080.0,141.21199808219862,Intel,i7,1.8,AMD,1,2000.0,256.0,0.0,0.0,2256.0,16,2.2,85.0,530.0,0,153.0,530.0,1,1,3,0.14102564102564105,7.2727272727272725,0.46808510638297873,0.5,Business,Windows
887,Asus,Notebook,15.6,Linux,0,0,1366.0,768.0,100.45466986113651,Intel,Pentium,1.1,Intel,0,1000.0,0.0,0.0,0.0,1000.0,4,2.0,42.0,505.0,1,46.2,0.0,0,1,1,0.12820512820512822,2.0,0.425531914893617,0.125,Budget,Linux
637,Asus,Ultrabook,14.0,Windows 10,0,0,1920.0,1080.0,157.3505121487356,Intel,i7,2.7,Intel,0,0.0,512.0,0.0,0.0,512.0,16,1.1,75.0,620.0,1,202.5,0.0,1,0,2,0.07857142857142858,14.545454545454545,0.23404255319148937,0.5,Budget,Windows
1090,Lenovo,Notebook,17.3,Windows 10,0,0,1600.0,900.0,106.11306214269258,Intel,i5,2.3,AMD,1,1.0,0.0,0.0,0.0,1.0,8,3.0,62.0,330.0,0,142.6,330.0,0,1,1,0.17341040462427745,2.6666666666666665,0.6382978723404255,0.25,Business,Windows
169,MSI,Gaming,15.6,Windows 10,0,1,1920.0,1080.0,141.21199808219862,Intel,i7,2.8,Nvidia,1,1000.0,256.0,0.0,0.0,1256.0,16,2.4,77.0,1060.0,0,215.6,1060.0,1,1,3,0.15384615384615385,6.666666666666667,0.5106382978723404,0.5,Budget,Windows
1196,MSI,Gaming,15.6,Windows 10,0,0,1920.0,1080.0,141.21199808219862,Intel,i7,2.6,Nvidia,1,1000.0,128.0,0.0,0.0,1128.0,16,1.91,67.0,970.0,0,174.20000000000002,970.0,1,1,3,0.12243589743589743,8.37696335078534,0.40638297872340423,0.5,Budget,Windows
452,Dell,Notebook,14.0,Windows 10,0,0,1920.0,1080.0,157.3505121487356,Intel,i5,2.8,Nvidia,1,0.0,256.0,0.0,0.0,256.0,8,1.64,74.0,930.0,0,207.2,930.0,1,0,2,0.11714285714285713,4.878048780487805,0.3489361702127659,0.25,Business,Windows
394,Dell,Workstation,15.6,Windows 10,0,1,1920.0,1080.0,141.21199808219862,Intel,i7,2.7,Nvidia,1,0.0,256.0,0.0,0.0,256.0,8,2.0,68.0,1200.0,0,183.60000000000002,1200.0,1,0,2,0.12820512820512822,4.0,0.425531914893617,0.25,Business,Windows
762,Lenovo,Ultrabook,14.0,Windows 10,0,0,1920.0,1080.0,157.3505121487356,Intel,i5,2.3,Intel,0,0.0,180.0,0.0,0.0,180.0,4,1.7,62.0,520.0,1,142.6,0.0,1,0,2,0.12142857142857143,2.3529411764705883,0.36170212765957444,0.125,Business,Windows
719,Dell,Notebook,14.0,Linux,0,0,1920.0,1080.0,157.3505121487356,Intel,i5,2.8,Nvidia,1,0.0,256.0,0.0,0.0,256.0,8,1.64,74.0,930.0,0,207.2,930.0,1,0,2,0.11714285714285713,4.878048780487805,0.3489361702127659,0.25,Business,Linux
889,Dell,Notebook,15.6,Windows 10,0,0,1920.0,1080.0,141.21199808219862,Intel,i5,2.5,Nvidia,1,1000.0,128.0,0.0,0.0,1128.0,4,2.18,72.0,940.0,0,180.0,940.0,1,1,3,0.13974358974358975,1.8348623853211008,0.46382978723404256,0.125,Business,Windows
783,HP,Ultrabook,12.5,Windows 10,0,0,1366.0,768.0,125.36742798669837,Intel,i5,2.3,Intel,0,0.0,256.0,0.0,0.0,256.0,4,1.26,62.0,520.0,1,142.6,0.0,1,0,2,0.1008,3.1746031746031744,0.2680851063829787,0.125,Business,Windows
878,Lenovo,2 in 1 Convertible,13.3,Windows 10,1,1,1920.0,1080.0,165.6321180513006,Intel,i7,2.7,Intel,0,0.0,256.0,0.0,0.0,256.0,8,1.37,75.0,620.0,1,202.5,0.0,1,0,2,0.10300751879699248,5.839416058394161,0.2914893617021277,0.25,Business,Windows
1291,HP,Notebook,15.6,Windows 10,0,0,1366.0,768.0,100.45466986113651,Intel,i7,2.5,AMD,1,1000.0,0.0,0.0,0.0,1000.0,6,2.19,65.0,330.0,0,162.5,330.0,0,1,1,0.14038461538461539,2.73972602739726,0.4659574468085106,0.1875,Business,Windows
1275,Dell,Notebook,15.6,Windows 10,0,0,1366.0,768.0,100.45466986113651,Intel,i3,0.0,Intel,0,500.0,0.0,0.0,0.0,500.0,4,2.29,60.0,520.0,1,0.0,0.0,0,1,1,0.1467948717948718,1.7467248908296944,0.48723404255319147,0.125,Business,Windows
564,Lenovo,Notebook,17.3,Windows 10,0,0,1600.0,900.0,106.11306214269258,Intel,i7,2.7,Nvidia,1,1000.0,128.0,0.0,0.0,1128.0,6,2.8,75.0,940.0,0,202.5,940.0,1,1,3,0.16184971098265893,2.142857142857143,0.5957446808510638,0.1875,Business,Windows
297,HP,Notebook,17.3,Windows 10,0,0,1600.0,900.0,106.11306214269258,Intel,i3,0.0,Intel,0,1000.0,0.0,0.0,0.0,1000.0,8,2.54,60.0,520.0,1,0.0,0.0,0,1,1,0.1468208092485549,3.149606299212598,0.5404255319148936,0.25,Business,Windows
69,HP,Notebook,14.0,Windows 10,0,0,1366.0,768.0,111.93520355955211,Intel,Celeron,1.6,Intel,0,0.0,32.0,0.0,0.0,32.0,4,1.44,30.0,400.0,1,48.0,0.0,1,0,2,0.10285714285714286,2.7777777777777777,0.30638297872340425,0.125,Business,Windows
1116,Dell,Ultrabook,12.5,Windows 7,0,0,1366.0,768.0,125.36742798669837,Intel,i3,2.3,Intel,0,0.0,128.0,0.0,0.0,128.0,4,1.5,61.0,520.0,1,140.29999999999998,0.0,1,0,2,0.12,2.6666666666666665,0.3191489361702127,0.125,Business,Windows
1313,Dell,Notebook,15.6,Linux,0,0,1366.0,768.0,100.45466986113651,Intel,i7,2.7,AMD,1,1000.0,0.0,0.0,0.0,1000.0,8,2.3,75.0,430.0,0,202.5,430.0,0,1,1,0.14743589743589744,3.4782608695652177,0.4893617021276595,0.25,Business,Linux
732,MSI,Gaming,17.3,Windows 10,0,0,1920.0,1080.0,127.33567457123111,Intel,i7,2.8,Nvidia,1,1000.0,128.0,0.0,0.0,1128.0,8,2.7,77.0,1050.0,0,215.6,1050.0,1,1,3,0.15606936416184972,2.962962962962963,0.574468085106383,0.25,Budget,Windows
201,HP,Notebook,13.3,Windows 10,0,0,1920.0,1080.0,165.6321180513006,Intel,i5,1.6,Intel,0,0.0,512.0,0.0,0.0,512.0,8,1.49,82.0,620.0,1,131.20000000000002,0.0,1,0,2,0.11203007518796992,5.369127516778524,0.3170212765957447,0.25,Business,Windows
860,HP,Notebook,15.6,No OS,0,0,1366.0,768.0,100.45466986113651,Intel,Celeron,1.6,Intel,0,0.0,128.0,0.0,0.0,128.0,4,1.86,30.0,400.0,1,48.0,0.0,1,0,2,0.11923076923076924,2.150537634408602,0.39574468085106385,0.125,Business,Other
666,Lenovo,Gaming,15.6,Windows 10,0,1,1920.0,1080.0,141.21199808219862,Intel,i7,2.6,Nvidia,1,1000.0,128.0,0.0,0.0,1128.0,8,3.31,67.0,960.0,0,174.20000000000002,960.0,1,1,3,0.21217948717948718,2.416918429003021,0.7042553191489361,0.25,Business,Windows
891,HP,2 in 1 Convertible,13.3,Windows 10,1,0,1920.0,1080.0,165.6321180513006,Intel,i5,2.5,Intel,0,0.0,256.0,0.0,0.0,256.0,4,1.28,72.0,620.0,1,180.0,0.0,1,0,2,0.09624060150375939,3.125,0.2723404255319149,0.125,Business,Windows
345,Dell,Notebook,15.6,Windows 10,0,0,1920.0,1080.0,141.21199808219862,Intel,i5,1.6,Nvidia,1,0.0,256.0,0.0,0.0,256.0,8,2.0,82.0,940.0,0,131.20000000000002,940.0,1,0,2,0.12820512820512822,4.0,0.425531914893617,0.25,Business,Windows
1062,Lenovo,Gaming,17.3,Windows 10,0,1,1920.0,1080.0,127.33567457123111,Intel,i7,2.6,Nvidia,1,1000.0,128.0,0.0,0.0,1128.0,16,4.6,67.0,980.0,0,174.20000000000002,980.0,1,1,3,0.2658959537572254,3.4782608695652177,0.978723404255319,0.5,Business,Windows
871,Lenovo,Notebook,15.6,Windows 10,0,1,1920.0,1080.0,141.21199808219862,Intel,i5,2.5,Intel,0,1000.0,0.0,0.0,0.0,1000.0,8,2.3,72.0,620.0,1,180.0,0.0,0,1,1,0.14743589743589744,3.4782608695652177,0.4893617021276595,0.25,Business,Windows
222,HP,Notebook,14.0,Windows 10,0,0,1920.0,1080.0,157.3505121487356,Intel,i7,1.8,Nvidia,1,0.0,256.0,0.0,0.0,256.0,8,1.63,85.0,930.0,0,153.0,930.0,1,0,2,0.11642857142857142,4.9079754601226995,0.3468085106382978,0.25,Business,Windows
74,Dell,Notebook,15.6,Windows 10,0,0,1920.0,1080.0,141.21199808219862,Intel,i7,1.8,AMD,1,0.0,256.0,0.0,0.0,256.0,8,2.2,85.0,530.0,0,153.0,530.0,1,0,2,0.14102564102564105,3.6363636363636362,0.46808510638297873,0.25,Business,Windows
1034,Dell,2 in 1 Convertible,15.6,Windows 10,1,1,1920.0,1080.0,141.21199808219862,Intel,i3,2.3,Intel,0,1000.0,0.0,0.0,0.0,1000.0,4,2.08,61.0,520.0,1,140.29999999999998,0.0,0,1,1,0.13333333333333333,1.923076923076923,0.4425531914893617,0.125,Business,Windows
754,Samsung,Ultrabook,13.3,Windows 10,0,0,1920.0,1080.0,165.6321180513006,Intel,i7,2.7,Intel,0,0.0,256.0,0.0,0.0,256.0,16,0.81,75.0,620.0,1,202.5,0.0,1,0,2,0.06090225563909774,19.753086419753085,0.1723404255319149,0.5,Budget,Windows
1316,Lenovo,2 in 1 Convertible,14.0,Windows 10,1,1,1920.0,1080.0,157.3505121487356,Intel,i7,2.5,Intel,0,0.0,128.0,0.0,0.0,128.0,4,1.8,65.0,520.0,1,162.5,0.0,1,0,2,0.1285714285714286,2.2222222222222223,0.3829787234042553,0.125,Business,Windows
1145,HP,Notebook,15.6,Windows 10,0,0,1366.0,768.0,100.45466986113651,Intel,i7,2.7,Intel,0,2000.0,0.0,0.0,0.0,2000.0,8,2.04,75.0,620.0,1,202.5,0.0,0,1,1,0.13076923076923078,3.9215686274509802,0.4340425531914894,0.25,Business,Windows
195,Vero,Notebook,14.0,Windows 10,0,1,1920.0,1080.0,157.3505121487356,Intel,Celeron,1.1,Intel,0,0.0,0.0,32.0,0.0,32.0,4,1.3,33.0,500.0,1,36.300000000000004,0.0,0,0,0,0.09285714285714286,3.0769230769230766,0.2765957446808511,0.125,Budget,Windows
446,Asus,Notebook,15.6,Linux,0,0,1920.0,1080.0,141.21199808219862,Intel,i5,2.5,Intel,0,0.0,256.0,0.0,0.0,256.0,4,2.0,72.0,620.0,1,180.0,0.0,1,0,2,0.12820512820512822,2.0,0.425531914893617,0.125,Budget,Linux
1018,Toshiba,Notebook,13.3,Windows 10,0,0,1920.0,1080.0,165.6321180513006,Intel,i5,2.3,Intel,0,0.0,128.0,0.0,0.0,128.0,4,1.2,62.0,520.0,1,142.6,0.0,1,0,2,0.09022556390977443,3.3333333333333335,0.2553191489361702,0.125,Budget,Windows
1305,HP,Notebook,15.6,Windows 10,0,0,1366.0,768.0,100.45466986113651,Intel,i7,2.5,AMD,1,1000.0,0.0,0.0,0.0,1000.0,6,2.19,65.0,330.0,0,162.5,330.0,0,1,1,0.14038461538461539,2.73972602739726,0.4659574468085106,0.1875,Business,Windows
42,Dell,Gaming,15.6,Windows 10,0,1,1920.0,1080.0,141.21199808219862,Intel,i7,2.8,Nvidia,1,1000.0,256.0,0.0,0.0,1256.0,16,2.65,77.0,1060.0,0,215.6,1060.0,1,1,3,0.16987179487179488,6.037735849056604,0.5638297872340425,0.5,Business,Windows
688,MSI,Gaming,15.6,Windows 10,0,0,1920.0,1080.0,141.21199808219862,Intel,i5,2.5,Nvidia,1,0.0,256.0,0.0,0.0,256.0,8,2.2,73.0,1050.0,0,182.5,1050.0,1,0,2,0.14102564102564105,3.6363636363636362,0.46808510638297873,0.25,Budget,Windows
48,Asus,Gaming,17.3,Windows 10,0,0,1920.0,1080.0,127.33567457123111,AMD,Ryzen,0.0,AMD,1,1000.0,256.0,0.0,0.0,1256.0,8,3.2,17.0,580.0,0,0.0,580.0,1,1,3,0.18497109826589594,2.5,0.6808510638297872,0.25,Budget,Windows
50,Asus,Notebook,17.3,Windows 10,0,0,1366.0,768.0,90.58340172449303,Intel,Pentium,1.1,Nvidia,1,1000.0,0.0,0.0,0.0,1000.0,4,2.8,42.0,920.0,0,46.2,920.0,0,1,1,0.16184971098265893,1.4285714285714286,0.5957446808510638,0.125,Budget,Windows
124,MSI,Gaming,15.6,Windows 10,0,0,1920.0,1080.0,141.21199808219862,Intel,i7,2.8,Nvidia,1,2000.0,256.0,0.0,0.0,2256.0,16,1.8,77.0,1070.0,0,215.6,1070.0,1,1,3,0.11538461538461539,8.88888888888889,0.3829787234042553,0.5,Budget,Windows
877,Toshiba,Ultrabook,13.3,Windows 10,0,0,1366.0,768.0,117.82653006268643,Intel,i5,2.3,Intel,0,0.0,256.0,0.0,0.0,256.0,8,1.2,62.0,520.0,1,142.6,0.0,1,0,2,0.09022556390977443,6.666666666666667,0.2553191489361702,0.25,Budget,Windows
667,Dell,Gaming,17.3,Windows 10,0,1,3840.0,2160.0,254.67134914246222,Intel,i7,2.8,Nvidia,1,1000.0,512.0,0.0,0.0,1512.0,32,4.42,77.0,1070.0,0,215.6,1070.0,1,1,3,0.25549132947976877,7.239819004524887,0.9404255319148935,1.0,Business,Windows
291,Lenovo,Notebook,15.6,Windows 10,0,1,1920.0,1080.0,141.21199808219862,Intel,i7,2.7,Intel,0,0.0,256.0,0.0,0.0,256.0,8,1.95,75.0,630.0,1,202.5,0.0,1,0,2,0.125,4.102564102564103,0.4148936170212766,0.25,Business,Windows
695,Dell,Notebook,15.6,Windows 10,0,0,1366.0,768.0,100.45466986113651,Intel,i3,0.0,AMD,1,1000.0,0.0,0.0,0.0,1000.0,4,2.2,60.0,430.0,0,0.0,430.0,0,1,1,0.14102564102564105,1.8181818181818181,0.46808510638297873,0.125,Business,Windows
321,HP,2 in 1 Convertible,13.3,Windows 10,1,1,3840.0,2160.0,331.2642361026012,Intel,i7,1.8,Intel,0,0.0,1000.0,0.0,0.0,1000.0,16,1.29,85.0,620.0,1,153.0,0.0,1,0,2,0.09699248120300752,12.403100775193797,0.274468085106383,0.5,Business,Windows
75,MSI,Gaming,17.3,Windows 10,0,0,1920.0,1080.0,127.33567457123111,Intel,i5,2.5,Nvidia,1,1000.0,128.0,0.0,0.0,1128.0,8,2.7,73.0,1050.0,0,182.5,1050.0,1,1,3,0.15606936416184972,2.962962962962963,0.574468085106383,0.25,Budget,Windows
1055,Vero,Notebook,14.0,Windows 10,0,0,1366.0,768.0,111.93520355955211,Intel,Atom,1.44,Intel,0,0.0,0.0,32.0,0.0,32.0,2,1.45,83.0,400.0,1,119.52,0.0,0,0,0,0.10357142857142856,1.3793103448275863,0.30851063829787234,0.0625,Budget,Windows
199,HP,Notebook,17.3,Windows 10,0,1,1920.0,1080.0,127.33567457123111,Intel,i5,1.6,Nvidia,1,1000.0,0.0,0.0,0.0,1000.0,8,2.5,82.0,930.0,0,131.20000000000002,930.0,0,1,1,0.1445086705202312,3.2,0.5319148936170213,0.25,Business,Windows
1115,Dell,Ultrabook,12.5,Windows 7,0,0,1366.0,768.0,125.36742798669837,Intel,i3,2.3,Intel,0,500.0,0.0,0.0,0.0,500.0,4,1.5,61.0,520.0,1,140.29999999999998,0.0,0,1,1,0.12,2.6666666666666665,0.3191489361702127,0.125,Business,Windows
30,HP,Notebook,17.3,Windows 10,0,0,1920.0,1080.0,127.33567457123111,Intel,i5,1.6,Nvidia,1,1000.0,0.0,0.0,0.0,1000.0,8,2.5,82.0,930.0,0,131.20000000000002,930.0,0,1,1,0.1445086705202312,3.2,0.5319148936170213,0.25,Business,Windows
66,HP,Notebook,15.6,Windows 10,0,0,1920.0,1080.0,141.21199808219862,Intel,i5,2.5,Intel,0,0.0,256.0,0.0,0.0,256.0,8,1.86,72.0,620.0,1,180.0,0.0,1,0,2,0.11923076923076924,4.301075268817204,0.39574468085106385,0.25,Business,Windows
760,HP,Notebook,15.6,Windows 10,0,0,1920.0,1080.0,141.21199808219862,Intel,i5,2.4,Intel,0,0.0,256.0,0.0,0.0,256.0,8,1.84,63.0,520.0,1,151.2,0.0,1,0,2,0.11794871794871796,4.3478260869565215,0.39148936170212767,0.25,Business,Windows
1088,HP,Notebook,13.3,Windows 10,0,0,1920.0,1080.0,165.6321180513006,Intel,i7,2.7,Intel,0,0.0,256.0,0.0,0.0,256.0,8,1.49,75.0,620.0,1,202.5,0.0,1,0,2,0.11203007518796992,5.369127516778524,0.3170212765957447,0.25,Business,Windows
967,Asus,2 in 1 Convertible,12.5,Chrome OS,0,0,1920.0,1080.0,176.23257360658386,Intel,Other,1.2,Intel,0,0.0,0.0,64.0,0.0,64.0,8,1.2,72.0,515.0,1,86.39999999999999,0.0,0,0,0,0.096,6.666666666666667,0.2553191489361702,0.25,Budget,Other
1310,Dell,Notebook,15.6,Windows 10,0,0,1366.0,768.0,100.45466986113651,Intel,Celeron,1.6,Intel,0,500.0,0.0,0.0,0.0,500.0,2,2.2,30.0,0.0,1,48.0,0.0,0,1,1,0.14102564102564105,0.9090909090909091,0.46808510638297873,0.0625,Business,Windows
1036,HP,Notebook,13.3,Windows 10,0,1,1920.0,1080.0,165.6321180513006,Intel,i5,2.5,Intel,0,0.0,256.0,0.0,0.0,256.0,8,1.11,72.0,620.0,1,180.0,0.0,1,0,2,0.08345864661654136,7.207207207207206,0.23617021276595745,0.25,Business,Windows
593,HP,Gaming,17.3,Windows 10,0,1,1920.0,1080.0,127.33567457123111,Intel,i7,2.8,Nvidia,1,1000.0,256.0,0.0,0.0,1256.0,16,3.78,77.0,1050.0,0,215.6,1050.0,1,1,3,0.21849710982658957,4.2328042328042335,0.8042553191489361,0.5,Business,Windows
223,Dell,Ultrabook,14.0,Windows 10,0,0,1920.0,1080.0,157.3505121487356,Intel,i5,1.6,Intel,0,0.0,256.0,0.0,0.0,256.0,8,1.6,82.0,620.0,1,131.20000000000002,0.0,1,0,2,0.1142857142857143,5.0,0.3404255319148936,0.25,Business,Windows
137,HP,Notebook,15.6,Windows 10,0,0,1366.0,768.0,100.45466986113651,Intel,i7,2.7,Intel,0,1000.0,0.0,0.0,0.0,1000.0,8,2.05,75.0,620.0,1,202.5,0.0,0,1,1,0.13141025641025642,3.9024390243902443,0.4361702127659574,0.25,Business,Windows
1282,Dell,Notebook,15.6,Windows 10,0,0,1366.0,768.0,100.45466986113651,Intel,Celeron,1.6,Intel,0,500.0,0.0,0.0,0.0,500.0,2,2.2,30.0,0.0,1,48.0,0.0,0,1,1,0.14102564102564105,0.9090909090909091,0.46808510638297873,0.0625,Business,Windows
1292,Asus,Notebook,15.6,Windows 10,0,0,1366.0,768.0,100.45466986113651,Intel,Celeron,1.6,Intel,0,500.0,0.0,0.0,0.0,500.0,4,2.2,30.0,0.0,1,48.0,0.0,0,1,1,0.14102564102564105,1.8181818181818181,0.46808510638297873,0.125,Budget,Windows
155,Lenovo,Notebook,15.6,Windows 10,0,0,1366.0,768.0,100.45466986113651,Intel,i5,2.5,Intel,0,0.0,128.0,0.0,0.0,128.0,4,1.9,72.0,620.0,1,180.0,0.0,1,0,2,0.12179487179487179,2.1052631578947367,0.40425531914893614,0.125,Business,Windows
701,Lenovo,2 in 1 Convertible,14.0,Windows 10,1,0,2560.0,1440.0,209.8006828649808,Intel,i7,2.7,Intel,0,0.0,256.0,0.0,0.0,256.0,8,1.42,75.0,620.0,1,202.5,0.0,1,0,2,0.10142857142857142,5.633802816901409,0.3021276595744681,0.25,Business,Windows
337,Toshiba,Notebook,15.6,Windows 10,0,1,1920.0,1080.0,141.21199808219862,Intel,i5,2.5,Intel,0,0.0,256.0,0.0,0.0,256.0,8,2.0,72.0,620.0,1,180.0,0.0,1,0,2,0.12820512820512822,4.0,0.425531914893617,0.25,Budget,Windows
468,Acer,Netbook,11.6,Windows 10,0,0,1366.0,768.0,135.0942111925629,Intel,Celeron,1.6,Intel,0,0.0,128.0,0.0,0.0,128.0,4,1.4,30.0,400.0,1,48.0,0.0,1,0,2,0.12068965517241378,2.857142857142857,0.2978723404255319,0.125,Budget,Windows
76,Acer,Notebook,14.0,Windows 10,0,0,1366.0,768.0,111.93520355955211,Intel,i3,0.0,Intel,0,1000.0,0.0,0.0,0.0,1000.0,8,2.1,60.0,520.0,1,0.0,0.0,0,1,1,0.15,3.8095238095238093,0.44680851063829785,0.25,Budget,Windows
269,Dell,Notebook,15.6,Windows 10,0,0,1920.0,1080.0,141.21199808219862,Intel,i5,2.5,AMD,1,1000.0,0.0,0.0,0.0,1000.0,8,2.24,72.0,430.0,0,180.0,430.0,0,1,1,0.1435897435897436,3.571428571428571,0.4765957446808511,0.25,Business,Windows
795,MSI,Gaming,15.6,Windows 10,0,0,1920.0,1080.0,141.21199808219862,Intel,i5,2.5,Nvidia,1,1000.0,128.0,0.0,0.0,1128.0,8,2.2,73.0,1050.0,0,182.5,1050.0,1,1,3,0.14102564102564105,3.6363636363636362,0.46808510638297873,0.25,Budget,Windows
1240,HP,Notebook,15.6,Windows 10,0,0,1920.0,1080.0,141.21199808219862,AMD,Other,2.7,AMD,1,1000.0,0.0,0.0,0.0,1000.0,6,2.1,97.0,530.0,0,261.90000000000003,530.0,0,1,1,0.13461538461538464,2.857142857142857,0.44680851063829785,0.1875,Business,Windows
980,Dell,Notebook,15.6,Windows 10,0,0,1366.0,768.0,100.45466986113651,Intel,i5,2.5,Intel,0,500.0,0.0,0.0,0.0,500.0,4,1.9,72.0,620.0,1,180.0,0.0,0,1,1,0.12179487179487179,2.1052631578947367,0.40425531914893614,0.125,Business,Windows
630,Fujitsu,Notebook,15.6,Windows 10,0,0,1366.0,768.0,100.45466986113651,Intel,i5,2.5,Intel,0,0.0,256.0,0.0,0.0,256.0,8,2.2,72.0,620.0,1,180.0,0.0,1,0,2,0.14102564102564105,3.6363636363636362,0.46808510638297873,0.25,Budget,Windows
587,Mediacom,Notebook,14.0,Windows 10,0,1,1920.0,1080.0,157.3505121487356,Intel,Celeron,1.1,Intel,0,0.0,32.0,0.0,0.0,32.0,4,1.45,34.0,500.0,1,37.400000000000006,0.0,1,0,2,0.10357142857142856,2.7586206896551726,0.30851063829787234,0.125,Budget,Windows
643,Asus,Notebook,15.6,Windows 10,0,0,1920.0,1080.0,141.21199808219862,Intel,i5,2.5,Nvidia,1,1000.0,0.0,0.0,0.0,1000.0,8,1.99,73.0,1050.0,0,182.5,1050.0,0,1,1,0.12756410256410255,4.0201005025125625,0.42340425531914894,0.25,Budget,Windows
187,Toshiba,Notebook,15.6,Windows 10,0,0,1366.0,768.0,100.45466986113651,Intel,i5,2.5,Intel,0,0.0,128.0,0.0,0.0,128.0,8,2.0,72.0,620.0,1,180.0,0.0,1,0,2,0.12820512820512822,4.0,0.425531914893617,0.25,Budget,Windows
423,Dell,Notebook,13.3,Windows 10,0,0,1366.0,768.0,117.82653006268643,Intel,i3,0.0,Intel,0,0.0,128.0,0.0,0.0,128.0,4,1.65,60.0,520.0,1,0.0,0.0,1,0,2,0.12406015037593984,2.4242424242424243,0.351063829787234,0.125,Business,Windows
745,Dell,2 in 1 Convertible,13.3,Windows 10,1,0,1920.0,1080.0,165.6321180513006,Intel,i5,1.6,Intel,0,1000.0,0.0,0.0,0.0,1000.0,8,1.55,82.0,620.0,1,131.20000000000002,0.0,0,1,1,0.11654135338345864,5.161290322580645,0.32978723404255317,0.25,Business,Windows
263,MSI,Gaming,17.3,Windows 10,0,0,1920.0,1080.0,127.33567457123111,Intel,i7,2.8,Nvidia,1,1000.0,512.0,0.0,0.0,1512.0,16,4.14,77.0,1070.0,0,215.6,1070.0,1,1,3,0.23930635838150285,3.8647342995169085,0.8808510638297872,0.5,Budget,Windows
441,Lenovo,Notebook,15.6,Windows 10,0,0,1920.0,1080.0,141.21199808219862,Intel,i7,2.9,Nvidia,1,0.0,512.0,0.0,0.0,512.0,16,2.5,78.0,2200.0,0,226.2,2200.0,1,0,2,0.16025641025641027,6.4,0.5319148936170213,0.5,Business,Windows
178,HP,Notebook,17.3,Windows 10,0,0,1920.0,1080.0,127.33567457123111,Intel,i5,1.6,Nvidia,1,0.0,256.0,0.0,0.0,256.0,8,2.5,82.0,930.0,0,131.20000000000002,930.0,1,0,2,0.1445086705202312,3.2,0.5319148936170213,0.25,Business,Windows
826,HP,Netbook,11.6,Chrome OS,0,0,1366.0,768.0,135.0942111925629,Intel,Celeron,1.6,Intel,0,0.0,0.0,16.0,0.0,16.0,4,1.23,30.0,400.0,1,48.0,0.0,0,0,0,0.1060344827586207,3.252032520325203,0.26170212765957446,0.125,Business,Other
1119,Lenovo,Gaming,15.6,Windows 10,0,0,1920.0,1080.0,141.21199808219862,Intel,i7,2.8,Nvidia,1,0.0,512.0,0.0,0.0,512.0,16,2.4,77.0,1050.0,0,215.6,1050.0,1,0,2,0.15384615384615385,6.666666666666667,0.5106382978723404,0.5,Business,Windows
600,Samsung,Notebook,15.6,Windows 10,0,0,1920.0,1080.0,141.21199808219862,Intel,i7,2.8,Nvidia,1,1000.0,128.0,0.0,0.0,1128.0,16,2.5,77.0,1050.0,0,215.6,1050.0,1,1,3,0.16025641025641027,6.4,0.5319148936170213,0.5,Budget,Windows
132,HP,Notebook,17.3,Windows 10,0,0,1920.0,1080.0,127.33567457123111,Intel,i5,1.6,Intel,0,0.0,256.0,0.0,0.0,256.0,8,2.5,82.0,620.0,1,131.20000000000002,0.0,1,0,2,0.1445086705202312,3.2,0.5319148936170213,0.25,Business,Windows
324,Acer,Notebook,11.6,Windows 10,0,0,1366.0,768.0,135.0942111925629,Intel,Pentium,1.6,Intel,0,0.0,0.0,128.0,0.0,128.0,4,1.4,37.0,405.0,1,59.2,0.0,0,0,0,0.12068965517241378,2.857142857142857,0.2978723404255319,0.125,Budget,Windows
781,Toshiba,Notebook,14.0,Windows 10,0,1,1366.0,768.0,111.93520355955211,Intel,i5,2.3,Intel,0,0.0,128.0,0.0,0.0,128.0,4,1.75,62.0,520.0,1,142.6,0.0,1,0,2,0.125,2.2857142857142856,0.3723404255319149,0.125,Budget,Windows
110,Asus,Ultrabook,14.0,Windows 10,0,1,1920.0,1080.0,157.3505121487356,Intel,i7,2.7,Nvidia,1,0.0,256.0,0.0,0.0,256.0,8,1.3,75.0,940.0,0,202.5,940.0,1,0,2,0.09285714285714286,6.153846153846153,0.2765957446808511,0.25,Budget,Windows
180,Acer,Notebook,15.6,Windows 10,0,0,1366.0,768.0,100.45466986113651,Intel,i3,0.0,Intel,0,0.0,128.0,0.0,0.0,128.0,4,2.1,60.0,520.0,1,0.0,0.0,1,0,2,0.13461538461538464,1.9047619047619047,0.44680851063829785,0.125,Budget,Windows
1187,MSI,Gaming,15.6,Windows 10,0,1,1920.0,1080.0,141.21199808219862,Intel,i7,2.7,Nvidia,1,1000.0,0.0,0.0,0.0,1000.0,8,2.2,75.0,1050.0,0,202.5,1050.0,0,1,1,0.14102564102564105,3.6363636363636362,0.46808510638297873,0.25,Budget,Windows
467,Acer,Notebook,15.6,Windows 10,0,0,1920.0,1080.0,141.21199808219862,Intel,i3,0.0,Nvidia,1,1000.0,0.0,0.0,0.0,1000.0,4,2.23,60.0,940.0,0,0.0,940.0,0,1,1,0.14294871794871794,1.7937219730941705,0.47446808510638294,0.125,Budget,Windows
138,HP,Notebook,14.0,Windows 10,0,0,1920.0,1080.0,157.3505121487356,Intel,i7,1.8,Intel,0,0.0,256.0,0.0,0.0,256.0,8,1.63,85.0,620.0,1,153.0,0.0,1,0,2,0.11642857142857142,4.9079754601226995,0.3468085106382978,0.25,Business,Windows
1243,Asus,Notebook,15.6,Windows 10,0,0,1366.0,768.0,100.45466986113651,Intel,Pentium,1.6,Intel,0,1000.0,0.0,0.0,0.0,1000.0,4,2.65,37.0,405.0,1,59.2,0.0,0,1,1,0.16987179487179488,1.509433962264151,0.5638297872340425,0.125,Budget,Windows
397,Asus,Gaming,17.3,Windows 10,0,0,1920.0,1080.0,127.33567457123111,Intel,i7,2.8,Nvidia,1,1000.0,256.0,0.0,0.0,1256.0,16,3.0,77.0,1050.0,0,215.6,1050.0,1,1,3,0.17341040462427745,5.333333333333333,0.6382978723404255,0.5,Budget,Windows
88,HP,Ultrabook,15.6,Windows 10,0,1,1920.0,1080.0,141.21199808219862,Intel,i7,1.8,Nvidia,1,0.0,256.0,0.0,0.0,256.0,8,1.83,85.0,940.0,0,153.0,940.0,1,0,2,0.11730769230769232,4.371584699453551,0.3893617021276596,0.25,Business,Windows
45,Dell,2 in 1 Convertible,17.3,Windows 10,1,0,1920.0,1080.0,127.33567457123111,Intel,i5,1.6,Nvidia,1,1000.0,0.0,0.0,0.0,1000.0,12,2.77,82.0,150.0,0,131.20000000000002,150.0,0,1,1,0.1601156069364162,4.332129963898917,0.5893617021276596,0.375,Business,Windows
747,Acer,Notebook,15.6,Windows 10,0,0,1366.0,768.0,100.45466986113651,Intel,i3,0.0,Intel,0,500.0,0.0,0.0,0.0,500.0,4,2.4,60.0,520.0,1,0.0,0.0,0,1,1,0.15384615384615385,1.6666666666666667,0.5106382978723404,0.125,Budget,Windows
944,Lenovo,Notebook,15.6,Windows 10,0,0,1366.0,768.0,100.45466986113651,Intel,Pentium,1.1,Intel,0,1000.0,0.0,0.0,0.0,1000.0,4,2.2,42.0,505.0,1,46.2,0.0,0,1,1,0.14102564102564105,1.8181818181818181,0.46808510638297873,0.125,Business,Windows
107,Microsoft,Ultrabook,13.5,Windows 10 S,1,0,2256.0,1504.0,200.84255993695703,Intel,i5,2.5,Intel,0,0.0,256.0,0.0,0.0,256.0,8,1.252,72.0,620.0,1,180.0,0.0,1,0,2,0.09274074074074073,6.389776357827476,0.2663829787234042,0.25,Premium,Windows
818,Lenovo,Notebook,15.6,Windows 10,0,0,1920.0,1080.0,141.21199808219862,Intel,i5,2.5,Nvidia,1,1000.0,0.0,0.0,0.0,1000.0,4,2.4,72.0,920.0,0,180.0,920.0,0,1,1,0.15384615384615385,1.6666666666666667,0.5106382978723404,0.125,Business,Windows
281,Dell,Notebook,17.3,Linux,0,0,1920.0,1080.0,127.33567457123111,Intel,i7,1.8,AMD,1,1000.0,128.0,0.0,0.0,1128.0,8,2.8,85.0,530.0,0,153.0,530.0,1,1,3,0.16184971098265893,2.857142857142857,0.5957446808510638,0.25,Business,Linux
1219,Lenovo,Notebook,15.6,No OS,0,0,1366.0,768.0,100.45466986113651,Intel,i7,2.5,Nvidia,1,500.0,0.0,0.0,0.0,500.0,8,2.2,65.0,920.0,0,162.5,920.0,0,1,1,0.14102564102564105,3.6363636363636362,0.46808510638297873,0.25,Business,Other
1011,Acer,Notebook,15.6,Windows 10,0,0,1366.0,768.0,100.45466986113651,Intel,Pentium,1.1,Intel,0,500.0,0.0,0.0,0.0,500.0,4,2.4,42.0,505.0,1,46.2,0.0,0,1,1,0.15384615384615385,1.6666666666666667,0.5106382978723404,0.125,Budget,Windows
9,Asus,Ultrabook,14.0,Windows 10,0,0,1920.0,1080.0,157.3505121487356,Intel,i7,1.8,Nvidia,1,0.0,512.0,0.0,0.0,512.0,16,1.3,85.0,150.0,0,153.0,150.0,1,0,2,0.09285714285714286,12.307692307692307,0.2765957446808511,0.5,Budget,Windows
247,Asus,Notebook,17.3,No OS,0,0,1920.0,1080.0,127.33567457123111,Intel,i7,2.7,Nvidia,1,1000.0,128.0,0.0,0.0,1128.0,8,2.69,75.0,950.0,0,202.5,950.0,1,1,3,0.15549132947976876,2.9739776951672865,0.5723404255319149,0.25,Budget,Other
25,HP,Ultrabook,15.6,Windows 10,0,0,1920.0,1080.0,141.21199808219862,Intel,i7,1.8,Intel,0,0.0,256.0,0.0,0.0,256.0,8,1.91,85.0,620.0,1,153.0,0.0,1,0,2,0.12243589743589743,4.18848167539267,0.40638297872340423,0.25,Business,Windows
190,Dell,Notebook,15.6,Windows 10,1,0,3840.0,2160.0,282.42399616439724,Intel,i7,2.8,Nvidia,1,0.0,512.0,0.0,0.0,512.0,16,2.06,77.0,1050.0,0,215.6,1050.0,1,0,2,0.13205128205128205,7.766990291262136,0.43829787234042555,0.5,Business,Windows
1304,Lenovo,Notebook,14.0,Windows 10,0,0,1366.0,768.0,111.93520355955211,Intel,Celeron,1.6,Intel,0,0.0,0.0,64.0,0.0,64.0,2,1.5,30.0,0.0,1,48.0,0.0,0,0,0,0.10714285714285714,1.3333333333333333,0.3191489361702127,0.0625,Business,Windows
1289,Lenovo,2 in 1 Convertible,13.3,Windows 10,1,1,3200.0,1800.0,276.053530085501,Intel,i7,2.5,Intel,0,0.0,512.0,0.0,0.0,512.0,16,1.3,65.0,520.0,1,162.5,0.0,1,0,2,0.09774436090225563,12.307692307692307,0.2765957446808511,0.5,Business,Windows
1053,HP,Notebook,14.0,Windows 10,0,0,1920.0,1080.0,157.3505121487356,Intel,i5,2.5,Intel,0,0.0,256.0,0.0,0.0,256.0,8,1.64,72.0,620.0,1,180.0,0.0,1,0,2,0.11714285714285713,4.878048780487805,0.3489361702127659,0.25,Business,Windows
71,Asus,Gaming,17.3,Linux,0,0,1920.0,1080.0,127.33567457123111,Intel,i7,2.8,Nvidia,1,1000.0,0.0,0.0,0.0,1000.0,12,3.0,77.0,1050.0,0,215.6,1050.0,0,1,1,0.17341040462427745,4.0,0.6382978723404255,0.375,Budget,Linux
705,Asus,2 in 1 Convertible,12.5,Chrome OS,1,0,1920.0,1080.0,176.23257360658386,Intel,Other,0.9,Intel,0,0.0,0.0,64.0,0.0,64.0,4,1.2,72.0,515.0,1,64.8,0.0,0,0,0,0.096,3.3333333333333335,0.2553191489361702,0.125,Budget,Other
390,Asus,Ultrabook,13.3,Windows 10,1,0,1920.0,1080.0,165.6321180513006,Intel,i7,2.7,Intel,0,0.0,512.0,0.0,0.0,512.0,16,1.1,75.0,620.0,1,202.5,0.0,1,0,2,0.08270676691729323,14.545454545454545,0.23404255319148937,0.5,Budget,Windows
845,Asus,Gaming,17.3,Windows 10,0,0,1920.0,1080.0,127.33567457123111,Intel,i7,2.8,Nvidia,1,1000.0,256.0,0.0,0.0,1256.0,16,2.9,77.0,1070.0,0,215.6,1070.0,1,1,3,0.1676300578034682,5.517241379310345,0.6170212765957447,0.5,Budget,Windows
1298,HP,Notebook,15.6,Windows 10,0,0,1920.0,1080.0,141.21199808219862,AMD,Other,2.9,AMD,1,0.0,0.0,0.0,1.0,1.0,6,2.04,94.0,440.0,0,272.59999999999997,440.0,0,0,0,0.13076923076923078,2.941176470588235,0.4340425531914894,0.1875,Business,Windows
1099,Dell,Notebook,15.6,Windows 10,0,0,1920.0,1080.0,141.21199808219862,Intel,i5,2.5,Intel,0,0.0,256.0,0.0,0.0,256.0,8,2.18,72.0,620.0,1,180.0,0.0,1,0,2,0.13974358974358975,3.6697247706422016,0.46382978723404256,0.25,Business,Windows
305,Asus,Notebook,14.0,Windows 10,0,0,1366.0,768.0,111.93520355955211,Intel,i3,2.4,Intel,0,0.0,128.0,0.0,0.0,128.0,4,1.3,71.0,620.0,1,170.4,0.0,1,0,2,0.09285714285714286,3.0769230769230766,0.2765957446808511,0.125,Budget,Windows
1065,HP,Notebook,15.6,Windows 10,0,1,1920.0,1080.0,141.21199808219862,Intel,i7,2.7,Nvidia,1,1000.0,0.0,0.0,0.0,1000.0,8,1.91,75.0,940.0,0,202.5,940.0,0,1,1,0.12243589743589743,4.18848167539267,0.40638297872340423,0.25,Business,Windows
631,HP,Notebook,15.6,Windows 7,0,0,1366.0,768.0,100.45466986113651,Intel,i5,2.3,Intel,0,500.0,0.0,0.0,0.0,500.0,4,1.88,62.0,520.0,1,142.6,0.0,0,1,1,0.12051282051282051,2.127659574468085,0.39999999999999997,0.125,Business,Windows
642,Asus,Notebook,15.6,Windows 10,0,0,1366.0,768.0,100.45466986113651,Intel,Celeron,1.1,Intel,0,1000.0,0.0,0.0,0.0,1000.0,8,2.0,33.0,500.0,1,36.300000000000004,0.0,0,1,1,0.12820512820512822,4.0,0.425531914893617,0.25,Budget,Windows
43,Asus,Notebook,15.6,Linux,0,0,1366.0,768.0,100.45466986113651,Intel,i5,2.5,Nvidia,1,1000.0,0.0,0.0,0.0,1000.0,8,2.3,72.0,940.0,0,180.0,940.0,0,1,1,0.14743589743589744,3.4782608695652177,0.4893617021276595,0.25,Budget,Linux
111,MSI,Gaming,15.6,Windows 10,0,0,1920.0,1080.0,141.21199808219862,Intel,i7,2.8,Nvidia,1,1000.0,256.0,0.0,0.0,1256.0,16,2.2,77.0,1050.0,0,215.6,1050.0,1,1,3,0.14102564102564105,7.2727272727272725,0.46808510638297873,0.5,Budget,Windows
672,MSI,Gaming,17.3,Windows 10,0,0,1920.0,1080.0,127.33567457123111,Intel,i7,2.8,Nvidia,1,1000.0,128.0,0.0,0.0,1128.0,8,2.7,77.0,1060.0,0,215.6,1060.0,1,1,3,0.15606936416184972,2.962962962962963,0.574468085106383,0.25,Budget,Windows
1276,Lenovo,Notebook,15.6,Windows 7,0,0,1920.0,1080.0,141.21199808219862,Intel,i7,2.5,AMD,1,0.0,0.0,0.0,1.0,1.0,8,2.32,65.0,330.0,0,162.5,330.0,0,0,0,0.14871794871794872,3.4482758620689657,0.4936170212765957,0.25,Business,Windows
1241,Dell,Ultrabook,12.5,Windows 7,1,0,1920.0,1080.0,176.23257360658386,Intel,i5,2.4,Intel,0,0.0,256.0,0.0,0.0,256.0,8,1.26,63.0,520.0,1,151.2,0.0,1,0,2,0.1008,6.349206349206349,0.2680851063829787,0.25,Business,Windows
1014,Acer,Gaming,15.6,Windows 10,0,1,1920.0,1080.0,141.21199808219862,Intel,i7,2.8,Nvidia,1,1000.0,128.0,0.0,0.0,1128.0,8,2.7,77.0,1050.0,0,215.6,1050.0,1,1,3,0.1730769230769231,2.962962962962963,0.574468085106383,0.25,Budget,Windows
259,Acer,Notebook,17.3,Windows 10,0,1,1920.0,1080.0,127.33567457123111,Intel,i3,2.7,Nvidia,1,0.0,256.0,0.0,0.0,256.0,4,3.0,71.0,130.0,0,191.70000000000002,130.0,1,0,2,0.17341040462427745,1.3333333333333333,0.6382978723404255,0.125,Budget,Windows
1049,HP,Ultrabook,12.5,Windows 10,0,0,1920.0,1080.0,176.23257360658386,Intel,i7,2.5,Intel,0,0.0,256.0,0.0,0.0,256.0,8,1.26,65.0,520.0,1,162.5,0.0,1,0,2,0.1008,6.349206349206349,0.2680851063829787,0.25,Business,Windows
563,Mediacom,Notebook,13.3,Windows 10,0,1,1920.0,1080.0,165.6321180513006,Intel,Atom,1.44,Intel,0,0.0,0.0,32.0,0.0,32.0,4,1.35,83.0,0.0,1,119.52,0.0,0,0,0,0.10150375939849623,2.962962962962963,0.2872340425531915,0.125,Budget,Windows
443,HP,Notebook,15.6,Windows 10,0,0,1366.0,768.0,100.45466986113651,Intel,Celeron,1.6,Intel,0,500.0,0.0,0.0,0.0,500.0,4,2.1,30.0,400.0,1,48.0,0.0,0,1,1,0.13461538461538464,1.9047619047619047,0.44680851063829785,0.125,Business,Windows
928,Lenovo,Notebook,13.3,Windows 10,0,0,1920.0,1080.0,165.6321180513006,Intel,i5,2.5,Intel,0,0.0,128.0,0.0,0.0,128.0,4,1.44,72.0,620.0,1,180.0,0.0,1,0,2,0.10827067669172931,2.7777777777777777,0.30638297872340425,0.125,Business,Windows
94,HP,Notebook,13.3,Windows 10,0,0,1920.0,1080.0,165.6321180513006,Intel,i7,1.8,Intel,0,0.0,512.0,0.0,0.0,512.0,16,1.49,85.0,620.0,1,153.0,0.0,1,0,2,0.11203007518796992,10.738255033557047,0.3170212765957447,0.5,Business,Windows
338,Asus,Notebook,14.0,Windows 10,0,0,1920.0,1080.0,157.3505121487356,Intel,i7,2.7,Intel,0,1000.0,256.0,0.0,0.0,1256.0,8,2.0,75.0,620.0,1,202.5,0.0,1,1,3,0.14285714285714285,4.0,0.425531914893617,0.25,Budget,Windows
700,HP,Workstation,17.3,Windows 10,0,0,1920.0,1080.0,127.33567457123111,Intel,i7,2.8,Nvidia,1,500.0,0.0,0.0,0.0,500.0,8,3.14,77.0,1200.0,0,215.6,1200.0,0,1,1,0.1815028901734104,2.5477707006369426,0.6680851063829787,0.25,Business,Windows
1109,HP,Netbook,12.5,Windows 7,0,0,1366.0,768.0,125.36742798669837,Intel,i5,2.3,Intel,0,0.0,128.0,0.0,0.0,128.0,4,2.4,62.0,520.0,1,142.6,0.0,1,0,2,0.192,1.6666666666666667,0.5106382978723404,0.125,Business,Windows
613,Toshiba,Notebook,15.6,Windows 10,0,1,1920.0,1080.0,141.21199808219862,Intel,i7,2.5,Intel,0,0.0,256.0,0.0,0.0,256.0,8,2.2,65.0,520.0,1,162.5,0.0,1,0,2,0.14102564102564105,3.6363636363636362,0.46808510638297873,0.25,Budget,Windows
106,HP,Ultrabook,13.3,Windows 10,0,1,1920.0,1080.0,165.6321180513006,Intel,i7,2.7,Nvidia,1,0.0,256.0,0.0,0.0,256.0,8,1.38,75.0,150.0,0,202.5,150.0,1,0,2,0.10375939849624059,5.797101449275363,0.2936170212765957,0.25,Business,Windows
580,Lenovo,Notebook,15.6,Windows 10,0,0,1920.0,1080.0,141.21199808219862,Intel,i5,2.5,Intel,0,0.0,256.0,0.0,0.0,256.0,8,2.3,72.0,620.0,1,180.0,0.0,1,0,2,0.14743589743589744,3.4782608695652177,0.4893617021276595,0.25,Business,Windows
39,HP,Notebook,15.6,Windows 10,0,0,1366.0,768.0,100.45466986113651,Intel,i5,2.5,Intel,0,1000.0,0.0,0.0,0.0,1000.0,4,1.86,72.0,620.0,1,180.0,0.0,0,1,1,0.11923076923076924,2.150537634408602,0.39574468085106385,0.125,Business,Windows
977,Toshiba,Ultrabook,12.5,Windows 10,1,0,1920.0,1080.0,176.23257360658386,Intel,i7,2.7,Intel,0,0.0,512.0,0.0,0.0,512.0,8,1.1,75.0,620.0,1,202.5,0.0,1,0,2,0.08800000000000001,7.2727272727272725,0.23404255319148937,0.25,Budget,Windows
85,Lenovo,Notebook,15.6,Windows 10,0,0,1920.0,1080.0,141.21199808219862,AMD,Other,2.5,AMD,1,0.0,128.0,0.0,0.0,128.0,4,2.2,92.0,0.0,0,230.0,0.0,1,0,2,0.14102564102564105,1.8181818181818181,0.46808510638297873,0.125,Business,Windows
1057,Lenovo,Notebook,15.6,Windows 10,0,0,1920.0,1080.0,141.21199808219862,Intel,i5,2.3,Intel,0,0.0,256.0,0.0,0.0,256.0,8,2.3,62.0,520.0,1,142.6,0.0,1,0,2,0.14743589743589744,3.4782608695652177,0.4893617021276595,0.25,Business,Windows
58,Asus,Notebook,15.6,Windows 10,0,0,1366.0,768.0,100.45466986113651,Intel,i5,2.5,Intel,0,0.0,256.0,0.0,0.0,256.0,4,2.0,72.0,620.0,1,180.0,0.0,1,0,2,0.12820512820512822,2.0,0.425531914893617,0.125,Budget,Windows
974,Toshiba,Notebook,13.3,Windows 10,0,0,1920.0,1080.0,165.6321180513006,Intel,i5,2.4,Intel,0,0.0,256.0,0.0,0.0,256.0,8,1.2,63.0,520.0,1,151.2,0.0,1,0,2,0.09022556390977443,6.666666666666667,0.2553191489361702,0.25,Budget,Windows
1294,Dell,Notebook,15.6,Windows 10,0,0,1366.0,768.0,100.45466986113651,Intel,i3,2.4,Intel,0,1000.0,0.0,0.0,0.0,1000.0,6,2.3,71.0,620.0,1,170.4,0.0,0,1,1,0.14743589743589744,2.608695652173913,0.4893617021276595,0.1875,Business,Windows
79,Dell,Notebook,15.6,Windows 10,0,0,1920.0,1080.0,141.21199808219862,Intel,i7,1.8,Intel,0,1000.0,128.0,0.0,0.0,1128.0,8,2.02,85.0,620.0,1,153.0,0.0,1,1,3,0.1294871794871795,3.9603960396039604,0.4297872340425532,0.25,Business,Windows
1025,HP,Ultrabook,12.5,Windows 10,0,0,1920.0,1080.0,176.23257360658386,Intel,i5,2.5,Intel,0,500.0,0.0,0.0,0.0,500.0,4,1.26,72.0,620.0,1,180.0,0.0,0,1,1,0.1008,3.1746031746031744,0.2680851063829787,0.125,Business,Windows
859,HP,Ultrabook,14.0,Windows 10,0,0,1920.0,1080.0,157.3505121487356,Intel,i7,2.5,Intel,0,0.0,512.0,0.0,0.0,512.0,8,1.54,65.0,520.0,1,162.5,0.0,1,0,2,0.11,5.194805194805195,0.3276595744680851,0.25,Business,Windows
139,Lenovo,Notebook,15.6,No OS,0,0,1366.0,768.0,100.45466986113651,Intel,Celeron,1.1,Intel,0,1000.0,0.0,0.0,0.0,1000.0,4,1.9,33.0,500.0,1,36.300000000000004,0.0,0,1,1,0.12179487179487179,2.1052631578947367,0.40425531914893614,0.125,Business,Other
486,Toshiba,Notebook,13.3,Windows 10,0,1,1920.0,1080.0,165.6321180513006,Intel,i5,2.5,Intel,0,0.0,256.0,0.0,0.0,256.0,8,1.05,72.0,620.0,1,180.0,0.0,1,0,2,0.07894736842105263,7.619047619047619,0.22340425531914893,0.25,Budget,Windows
1052,Dell,Notebook,15.6,Windows 7,0,0,1920.0,1080.0,141.21199808219862,Intel,i5,2.4,Intel,0,0.0,256.0,0.0,0.0,256.0,8,2.09,63.0,520.0,1,151.2,0.0,1,0,2,0.13397435897435897,3.8277511961722492,0.44468085106382976,0.25,Business,Windows
790,Asus,Gaming,17.3,Windows 10,0,1,1920.0,1080.0,127.33567457123111,Intel,i7,2.6,Nvidia,1,1000.0,256.0,0.0,0.0,1256.0,16,4.3,67.0,1070.0,0,174.20000000000002,1070.0,1,1,3,0.24855491329479767,3.7209302325581395,0.9148936170212765,0.5,Budget,Windows
1154,MSI,Gaming,17.3,Windows 10,0,0,1920.0,1080.0,127.33567457123111,Intel,i7,2.7,Nvidia,1,1000.0,256.0,0.0,0.0,1256.0,16,3.78,68.0,980.0,0,183.60000000000002,980.0,1,1,3,0.21849710982658957,4.2328042328042335,0.8042553191489361,0.5,Budget,Windows
930,HP,Notebook,13.3,Windows 10,0,0,1920.0,1080.0,165.6321180513006,Intel,i5,2.5,Intel,0,0.0,256.0,0.0,0.0,256.0,8,1.49,72.0,620.0,1,180.0,0.0,1,0,2,0.11203007518796992,5.369127516778524,0.3170212765957447,0.25,Business,Windows
34,Dell,Ultrabook,13.3,Windows 10,1,0,3200.0,1800.0,276.053530085501,Intel,i7,1.8,Intel,0,0.0,512.0,0.0,0.0,512.0,16,1.2,85.0,620.0,1,153.0,0.0,1,0,2,0.09022556390977443,13.333333333333334,0.2553191489361702,0.5,Business,Windows
286,Dell,Notebook,15.6,Linux,0,0,1920.0,1080.0,141.21199808219862,Intel,i3,2.0,AMD,1,1000.0,0.0,0.0,0.0,1000.0,4,2.25,60.0,430.0,0,120.0,430.0,0,1,1,0.14423076923076925,1.7777777777777777,0.4787234042553191,0.125,Business,Linux
1086,HP,Notebook,15.6,Windows 10,0,0,1366.0,768.0,100.45466986113651,Intel,i5,2.3,Intel,0,500.0,0.0,0.0,0.0,500.0,4,2.31,62.0,520.0,1,142.6,0.0,0,1,1,0.14807692307692308,1.7316017316017316,0.49148936170212765,0.125,Business,Windows
834,Toshiba,Notebook,14.0,Windows 10,0,0,1366.0,768.0,111.93520355955211,Intel,Pentium,2.1,Intel,0,0.0,128.0,0.0,0.0,128.0,4,1.75,44.0,510.0,1,92.4,0.0,1,0,2,0.125,2.2857142857142856,0.3723404255319149,0.125,Budget,Windows
1223,Dell,Notebook,15.6,Windows 10,0,0,1920.0,1080.0,141.21199808219862,Intel,i5,2.5,AMD,1,0.0,256.0,0.0,0.0,256.0,8,2.36,72.0,445.0,0,180.0,445.0,1,0,2,0.15128205128205127,3.3898305084745766,0.502127659574468,0.25,Business,Windows
645,Lenovo,Notebook,14.0,Windows 10,0,0,1366.0,768.0,111.93520355955211,Intel,Celeron,1.6,Intel,0,0.0,0.0,32.0,0.0,32.0,2,1.42,30.0,400.0,1,48.0,0.0,0,0,0,0.10142857142857142,1.4084507042253522,0.3021276595744681,0.0625,Business,Windows
234,HP,Notebook,15.6,Windows 10,0,0,1920.0,1080.0,141.21199808219862,Intel,i7,2.7,AMD,1,1000.0,0.0,0.0,0.0,1000.0,8,1.9,75.0,4190.0,0,202.5,4190.0,0,1,1,0.12179487179487179,4.2105263157894735,0.40425531914893614,0.25,Business,Windows
687,Acer,Gaming,15.6,Windows 10,0,0,1920.0,1080.0,141.21199808219862,Intel,i5,2.5,Nvidia,1,0.0,256.0,0.0,0.0,256.0,16,2.5,73.0,1050.0,0,182.5,1050.0,1,0,2,0.16025641025641027,6.4,0.5319148936170213,0.5,Budget,Windows
226,Lenovo,2 in 1 Convertible,14.0,Windows 10,0,1,1920.0,1080.0,157.3505121487356,Intel,i5,1.6,Intel,0,0.0,256.0,0.0,0.0,256.0,8,1.74,82.0,620.0,1,131.20000000000002,0.0,1,0,2,0.12428571428571429,4.597701149425287,0.3702127659574468,0.25,Business,Windows
409,Lenovo,Notebook,15.6,Windows 10,0,1,1920.0,1080.0,141.21199808219862,Intel,i5,1.6,AMD,1,1000.0,256.0,0.0,0.0,1256.0,8,2.1,82.0,550.0,0,131.20000000000002,550.0,1,1,3,0.13461538461538464,3.8095238095238093,0.44680851063829785,0.25,Business,Windows
539,Asus,Notebook,15.6,Windows 10,0,1,3840.0,2160.0,282.42399616439724,Intel,i7,2.7,Nvidia,1,1000.0,256.0,0.0,0.0,1256.0,8,2.0,75.0,960.0,0,202.5,960.0,1,1,3,0.12820512820512822,4.0,0.425531914893617,0.25,Budget,Windows
590,Dell,Notebook,15.6,Windows 10,0,0,1920.0,1080.0,141.21199808219862,Intel,i7,2.8,Nvidia,1,0.0,256.0,0.0,0.0,256.0,16,1.93,76.0,930.0,0,212.79999999999998,930.0,1,0,2,0.12371794871794872,8.290155440414509,0.4106382978723404,0.5,Business,Windows
991,Asus,2 in 1 Convertible,15.6,Windows 10,1,0,3840.0,2160.0,282.42399616439724,Intel,i7,2.7,Nvidia,1,2000.0,512.0,0.0,0.0,2512.0,16,2.3,75.0,950.0,0,202.5,950.0,1,1,3,0.14743589743589744,6.9565217391304355,0.4893617021276595,0.5,Budget,Windows
1215,Asus,Gaming,17.3,Windows 10,0,1,1920.0,1080.0,127.33567457123111,Intel,i7,2.6,Nvidia,1,1000.0,512.0,0.0,0.0,1512.0,16,4.3,67.0,980.0,0,174.20000000000002,980.0,1,1,3,0.24855491329479767,3.7209302325581395,0.9148936170212765,0.5,Budget,Windows
787,Razer,Gaming,14.0,Windows 10,0,0,1920.0,1080.0,157.3505121487356,Intel,i7,2.8,Nvidia,1,0.0,512.0,0.0,0.0,512.0,16,1.95,77.0,1060.0,0,215.6,1060.0,1,0,2,0.1392857142857143,8.205128205128206,0.4148936170212766,0.5,Premium,Windows
519,Dell,Notebook,15.6,Windows 10,0,0,1920.0,1080.0,141.21199808219862,Intel,i5,2.5,Intel,0,1000.0,0.0,0.0,0.0,1000.0,8,2.18,72.0,620.0,1,180.0,0.0,0,1,1,0.13974358974358975,3.6697247706422016,0.46382978723404256,0.25,Business,Windows
333,Asus,Ultrabook,15.6,Windows 10,0,0,1920.0,1080.0,141.21199808219862,Intel,i7,2.7,Nvidia,1,0.0,256.0,0.0,0.0,256.0,8,1.7,75.0,940.0,0,202.5,940.0,1,0,2,0.10897435897435898,4.705882352941177,0.36170212765957444,0.25,Budget,Windows
1041,HP,Notebook,14.0,Windows 10,0,0,1366.0,768.0,111.93520355955211,Intel,i5,2.5,Intel,0,500.0,0.0,0.0,0.0,500.0,4,1.95,72.0,620.0,1,180.0,0.0,0,1,1,0.1392857142857143,2.0512820512820515,0.4148936170212766,0.125,Business,Windows
499,Asus,Gaming,15.6,Windows 10,0,0,1920.0,1080.0,141.21199808219862,Intel,i7,2.8,Nvidia,1,1000.0,128.0,0.0,0.0,1128.0,8,1.99,77.0,1050.0,0,215.6,1050.0,1,1,3,0.12756410256410255,4.0201005025125625,0.42340425531914894,0.25,Budget,Windows
391,Lenovo,Ultrabook,14.0,Windows 10,0,1,2560.0,1440.0,209.8006828649808,Intel,i7,2.7,Intel,0,0.0,512.0,0.0,0.0,512.0,8,1.13,75.0,620.0,1,202.5,0.0,1,0,2,0.08071428571428571,7.079646017699115,0.24042553191489358,0.25,Business,Windows
1307,Asus,Ultrabook,13.3,Windows 10,0,1,1920.0,1080.0,165.6321180513006,Intel,Other,0.9,Intel,0,0.0,512.0,0.0,0.0,512.0,8,1.2,72.0,515.0,1,64.8,0.0,1,0,2,0.09022556390977443,6.666666666666667,0.2553191489361702,0.25,Budget,Windows
1007,Lenovo,Notebook,15.6,Windows 10,0,0,1920.0,1080.0,141.21199808219862,Intel,i5,2.3,Intel,0,0.0,256.0,0.0,0.0,256.0,8,2.3,62.0,520.0,1,142.6,0.0,1,0,2,0.14743589743589744,3.4782608695652177,0.4893617021276595,0.25,Business,Windows
1262,HP,Notebook,14.0,Windows 7,0,0,1920.0,1080.0,157.3505121487356,Intel,i5,2.3,Intel,0,0.0,256.0,0.0,0.0,256.0,4,1.54,62.0,520.0,1,142.6,0.0,1,0,2,0.11,2.5974025974025974,0.3276595744680851,0.125,Business,Windows
1175,Lenovo,Ultrabook,14.0,Windows 7,0,0,1920.0,1080.0,157.3505121487356,Intel,i7,2.6,Intel,0,0.0,512.0,0.0,0.0,512.0,12,1.4,66.0,520.0,1,171.6,0.0,1,0,2,0.09999999999999999,8.571428571428571,0.2978723404255319,0.375,Business,Windows
945,HP,Ultrabook,12.5,Windows 10,0,0,1920.0,1080.0,176.23257360658386,Intel,i5,2.3,Intel,0,500.0,0.0,0.0,0.0,500.0,4,1.26,62.0,520.0,1,142.6,0.0,0,1,1,0.1008,3.1746031746031744,0.2680851063829787,0.125,Business,Windows
52,Acer,Notebook,15.6,Windows 10,0,1,1920.0,1080.0,141.21199808219862,Intel,i7,1.8,Nvidia,1,0.0,256.0,0.0,0.0,256.0,8,2.2,85.0,150.0,0,153.0,150.0,1,0,2,0.14102564102564105,3.6363636363636362,0.46808510638297873,0.25,Budget,Windows
581,Lenovo,Notebook,15.6,Windows 10,0,0,1920.0,1080.0,141.21199808219862,Intel,i5,1.6,Intel,0,500.0,0.0,0.0,0.0,500.0,4,2.05,82.0,620.0,1,131.20000000000002,0.0,0,1,1,0.13141025641025642,1.9512195121951221,0.4361702127659574,0.125,Business,Windows
640,Lenovo,Notebook,15.6,Windows 10,0,0,1920.0,1080.0,141.21199808219862,Intel,i5,1.6,Intel,0,0.0,256.0,0.0,0.0,256.0,4,1.8,82.0,620.0,1,131.20000000000002,0.0,1,0,2,0.11538461538461539,2.2222222222222223,0.3829787234042553,0.125,Business,Windows
277,Dell,Notebook,15.6,Linux,0,0,1920.0,1080.0,141.21199808219862,Intel,i7,1.8,AMD,1,0.0,256.0,0.0,0.0,256.0,8,2.14,85.0,520.0,0,153.0,520.0,1,0,2,0.1371794871794872,3.7383177570093458,0.4553191489361702,0.25,Business,Linux
1149,Acer,Notebook,15.6,Windows 10,0,0,1920.0,1080.0,141.21199808219862,Intel,i5,2.5,Nvidia,1,1000.0,0.0,0.0,0.0,1000.0,4,2.23,72.0,940.0,0,180.0,940.0,0,1,1,0.14294871794871794,1.7937219730941705,0.47446808510638294,0.125,Budget,Windows
521,Xiaomi,Notebook,15.6,No OS,0,1,1920.0,1080.0,141.21199808219862,Intel,i7,1.8,Nvidia,1,0.0,256.0,0.0,0.0,256.0,16,1.95,85.0,150.0,0,153.0,150.0,1,0,2,0.125,8.205128205128206,0.4148936170212766,0.5,Budget,Other
1105,Dell,Notebook,15.6,Linux,0,0,1366.0,768.0,100.45466986113651,Intel,Pentium,1.6,Intel,0,500.0,0.0,0.0,0.0,500.0,4,2.2,37.0,0.0,1,59.2,0.0,0,1,1,0.14102564102564105,1.8181818181818181,0.46808510638297873,0.125,Business,Linux
506,Lenovo,Notebook,15.6,Windows 10,0,1,1920.0,1080.0,141.21199808219862,Intel,i5,2.5,Intel,0,0.0,256.0,0.0,0.0,256.0,8,2.3,72.0,620.0,1,180.0,0.0,1,0,2,0.14743589743589744,3.4782608695652177,0.4893617021276595,0.25,Business,Windows
134,Dell,Notebook,15.6,Windows 10,0,0,1920.0,1080.0,141.21199808219862,Intel,i3,0.0,AMD,1,1000.0,0.0,0.0,0.0,1000.0,4,2.2,60.0,430.0,0,0.0,430.0,0,1,1,0.14102564102564105,1.8181818181818181,0.46808510638297873,0.125,Business,Windows
1309,Acer,Notebook,15.6,Linux,0,0,1366.0,768.0,100.45466986113651,Intel,Celeron,1.6,Intel,0,500.0,0.0,0.0,0.0,500.0,4,2.4,30.0,400.0,1,48.0,0.0,0,1,1,0.15384615384615385,1.6666666666666667,0.5106382978723404,0.125,Budget,Linux
904,Lenovo,Ultrabook,14.0,Windows 10,0,1,1920.0,1080.0,157.3505121487356,Intel,i5,2.5,Intel,0,0.0,256.0,0.0,0.0,256.0,8,1.32,72.0,620.0,1,180.0,0.0,1,0,2,0.09428571428571429,6.0606060606060606,0.28085106382978725,0.25,Business,Windows
312,Toshiba,Notebook,15.6,Windows 10,0,1,1920.0,1080.0,141.21199808219862,Intel,i7,2.5,Nvidia,1,0.0,256.0,0.0,0.0,256.0,8,2.2,65.0,930.0,0,162.5,930.0,1,0,2,0.14102564102564105,3.6363636363636362,0.46808510638297873,0.25,Budget,Windows
1001,Lenovo,Gaming,15.6,Windows 10,0,1,1920.0,1080.0,141.21199808219862,Intel,i7,2.8,Nvidia,1,1000.0,128.0,0.0,0.0,1128.0,8,2.5,77.0,1060.0,0,215.6,1060.0,1,1,3,0.16025641025641027,3.2,0.5319148936170213,0.25,Business,Windows
29,Dell,Ultrabook,15.6,Windows 10,0,0,1920.0,1080.0,141.21199808219862,Intel,i7,1.9,Intel,0,0.0,512.0,0.0,0.0,512.0,8,1.88,86.0,620.0,1,163.4,0.0,1,0,2,0.12051282051282051,4.25531914893617,0.39999999999999997,0.25,Business,Windows
1317,Lenovo,2 in 1 Convertible,13.3,Windows 10,1,1,3200.0,1800.0,276.053530085501,Intel,i7,2.5,Intel,0,0.0,512.0,0.0,0.0,512.0,16,1.3,65.0,520.0,1,162.5,0.0,1,0,2,0.09774436090225563,12.307692307692307,0.2765957446808511,0.5,Business,Windows
417,Lenovo,Workstation,15.6,Windows 10,0,0,1920.0,1080.0,141.21199808219862,Intel,i7,2.8,Nvidia,1,0.0,512.0,0.0,0.0,512.0,8,2.67,77.0,1200.0,0,215.6,1200.0,1,0,2,0.17115384615384616,2.9962546816479403,0.5680851063829787,0.25,Business,Windows
716,Lenovo,Notebook,14.0,Windows 10,0,0,1920.0,1080.0,157.3505121487356,Intel,i5,2.3,Intel,0,0.0,256.0,0.0,0.0,256.0,8,1.8,63.0,520.0,1,144.89999999999998,0.0,1,0,2,0.1285714285714286,4.444444444444445,0.3829787234042553,0.25,Business,Windows
1266,Lenovo,Notebook,15.6,No OS,0,1,1920.0,1080.0,141.21199808219862,Intel,i5,2.5,Intel,0,0.0,256.0,0.0,0.0,256.0,8,2.3,72.0,620.0,1,180.0,0.0,1,0,2,0.14743589743589744,3.4782608695652177,0.4893617021276595,0.25,Business,Other
439,Lenovo,Notebook,14.0,Windows 10,0,1,1920.0,1080.0,157.3505121487356,Intel,i3,2.7,Intel,0,0.0,128.0,0.0,0.0,128.0,4,1.7,71.0,620.0,1,191.70000000000002,0.0,1,0,2,0.12142857142857143,2.3529411764705883,0.36170212765957444,0.125,Business,Windows
191,Lenovo,Gaming,15.6,No OS,0,1,1920.0,1080.0,141.21199808219862,Intel,i5,2.5,Nvidia,1,0.0,256.0,0.0,0.0,256.0,8,2.4,73.0,1050.0,0,182.5,1050.0,1,0,2,0.15384615384615385,3.3333333333333335,0.5106382978723404,0.25,Business,Other
367,Asus,Notebook,14.0,Windows 10,0,0,1920.0,1080.0,157.3505121487356,Intel,i5,2.5,Intel,0,0.0,256.0,0.0,0.0,256.0,8,2.0,72.0,620.0,1,180.0,0.0,1,0,2,0.14285714285714285,4.0,0.425531914893617,0.25,Budget,Windows
1110,Acer,Notebook,15.6,Windows 10,0,0,1920.0,1080.0,141.21199808219862,Intel,i5,2.5,Nvidia,1,1000.0,256.0,0.0,0.0,1256.0,8,2.4,72.0,950.0,0,180.0,950.0,1,1,3,0.15384615384615385,3.3333333333333335,0.5106382978723404,0.25,Budget,Windows
200,Razer,Gaming,17.3,Windows 10,1,0,3840.0,2160.0,254.67134914246222,Intel,i7,2.9,Nvidia,1,0.0,1000.0,0.0,0.0,1000.0,32,3.49,78.0,1080.0,0,226.2,1080.0,1,0,2,0.20173410404624278,9.169054441260744,0.7425531914893617,1.0,Premium,Windows
786,Acer,Notebook,14.0,Windows 10,0,1,1920.0,1080.0,157.3505121487356,Intel,i3,2.4,Intel,0,0.0,128.0,0.0,0.0,128.0,4,1.8,71.0,620.0,1,170.4,0.0,1,0,2,0.1285714285714286,2.2222222222222223,0.3829787234042553,0.125,Budget,Windows
706,Toshiba,Ultrabook,13.3,Windows 10,1,0,1920.0,1080.0,165.6321180513006,Intel,i7,2.5,Intel,0,0.0,512.0,0.0,0.0,512.0,16,1.36,65.0,520.0,1,162.5,0.0,1,0,2,0.10225563909774436,11.76470588235294,0.2893617021276596,0.5,Budget,Windows
517,Dell,Ultrabook,13.3,Windows 10,1,1,1920.0,1080.0,165.6321180513006,Intel,i5,2.5,Intel,0,0.0,128.0,0.0,0.0,128.0,8,1.29,72.0,620.0,1,180.0,0.0,1,0,2,0.09699248120300752,6.201550387596899,0.274468085106383,0.25,Business,Windows
572,Dell,Ultrabook,13.3,Windows 10,1,1,3840.0,2160.0,331.2642361026012,Intel,i5,1.6,Intel,0,0.0,128.0,0.0,0.0,128.0,8,1.21,82.0,620.0,1,131.20000000000002,0.0,1,0,2,0.09097744360902255,6.6115702479338845,0.2574468085106383,0.25,Business,Windows
635,Asus,2 in 1 Convertible,13.3,Windows 10,1,0,1920.0,1080.0,165.6321180513006,Intel,i5,2.5,Intel,0,1000.0,0.0,0.0,0.0,1000.0,6,1.5,72.0,620.0,1,180.0,0.0,0,1,1,0.11278195488721804,4.0,0.3191489361702127,0.1875,Budget,Windows
1013,HP,Ultrabook,14.0,Windows 10,0,0,1920.0,1080.0,157.3505121487356,Intel,i7,2.7,Intel,0,0.0,512.0,0.0,0.0,512.0,8,1.48,75.0,620.0,1,202.5,0.0,1,0,2,0.10571428571428572,5.405405405405405,0.3148936170212766,0.25,Business,Windows
979,Dell,Notebook,15.6,Linux,0,0,1366.0,768.0,100.45466986113651,Intel,i3,2.0,AMD,1,1000.0,0.0,0.0,0.0,1000.0,4,2.25,60.0,430.0,0,120.0,430.0,0,1,1,0.14423076923076925,1.7777777777777777,0.4787234042553191,0.125,Business,Linux
14,Dell,Notebook,15.6,Windows 10,0,0,1920.0,1080.0,141.21199808219862,Intel,i3,0.0,AMD,1,0.0,256.0,0.0,0.0,256.0,4,2.2,60.0,430.0,0,0.0,430.0,1,0,2,0.14102564102564105,1.8181818181818181,0.46808510638297873,0.125,Business,Windows
810,Asus,Notebook,15.6,Windows 10,0,0,1920.0,1080.0,141.21199808219862,Intel,i5,2.5,Intel,0,0.0,256.0,0.0,0.0,256.0,8,2.37,72.0,620.0,1,180.0,0.0,1,0,2,0.15192307692307694,3.375527426160337,0.5042553191489362,0.25,Budget,Windows
1301,Asus,Notebook,15.6,Windows 10,0,0,1366.0,768.0,100.45466986113651,Intel,i7,2.5,Nvidia,1,500.0,0.0,0.0,0.0,500.0,4,2.2,65.0,920.0,0,162.5,920.0,0,1,1,0.14102564102564105,1.8181818181818181,0.46808510638297873,0.125,Budget,Windows
1160,HP,2 in 1 Convertible,13.3,Windows 10,1,0,1920.0,1080.0,165.6321180513006,Intel,i5,2.4,Intel,0,0.0,256.0,0.0,0.0,256.0,8,1.48,63.0,520.0,1,151.2,0.0,1,0,2,0.1112781954887218,5.405405405405405,0.3148936170212766,0.25,Business,Windows
360,Toshiba,Notebook,15.6,Windows 10,0,1,1920.0,1080.0,141.21199808219862,Intel,i7,2.5,Nvidia,1,0.0,512.0,0.0,0.0,512.0,16,2.4,65.0,930.0,0,162.5,930.0,1,0,2,0.15384615384615385,6.666666666666667,0.5106382978723404,0.5,Budget,Windows
146,Toshiba,Notebook,15.6,Windows 10,0,0,1366.0,768.0,100.45466986113651,Intel,i5,2.3,Intel,0,500.0,0.0,0.0,0.0,500.0,4,2.1,62.0,520.0,1,142.6,0.0,0,1,1,0.13461538461538464,1.9047619047619047,0.44680851063829785,0.125,Budget,Windows
350,Dell,Ultrabook,13.3,Windows 10,0,0,1920.0,1080.0,165.6321180513006,Intel,i7,1.8,Intel,0,0.0,256.0,0.0,0.0,256.0,8,1.2,85.0,620.0,1,153.0,0.0,1,0,2,0.09022556390977443,6.666666666666667,0.2553191489361702,0.25,Business,Windows
1302,Lenovo,2 in 1 Convertible,14.0,Windows 10,1,1,1920.0,1080.0,157.3505121487356,Intel,i7,2.5,Intel,0,0.0,128.0,0.0,0.0,128.0,4,1.8,65.0,520.0,1,162.5,0.0,1,0,2,0.1285714285714286,2.2222222222222223,0.3829787234042553,0.125,Business,Windows
183,HP,2 in 1 Convertible,13.3,Windows 10,1,1,3840.0,2160.0,331.2642361026012,Intel,i5,1.6,Intel,0,0.0,256.0,0.0,0.0,256.0,8,1.29,82.0,620.0,1,131.20000000000002,0.0,1,0,2,0.09699248120300752,6.201550387596899,0.274468085106383,0.25,Business,Windows
1123,HP,Notebook,15.6,Windows 10,0,0,1920.0,1080.0,141.21199808219862,AMD,Other,2.5,AMD,1,1000.0,0.0,0.0,0.0,1000.0,4,2.1,92.0,0.0,0,230.0,0.0,0,1,1,0.13461538461538464,1.9047619047619047,0.44680851063829785,0.125,Business,Windows
120,Dell,Notebook,15.6,Windows 10,0,1,1920.0,1080.0,141.21199808219862,Intel,i7,1.8,Nvidia,1,1000.0,256.0,0.0,0.0,1256.0,8,2.16,85.0,940.0,0,153.0,940.0,1,1,3,0.13846153846153847,3.7037037037037033,0.4595744680851064,0.25,Business,Windows
1133,Toshiba,Ultrabook,13.3,Windows 10,0,0,1920.0,1080.0,165.6321180513006,Intel,i7,2.7,Intel,0,0.0,512.0,0.0,0.0,512.0,16,1.05,75.0,620.0,1,202.5,0.0,1,0,2,0.07894736842105263,15.238095238095237,0.22340425531914893,0.5,Budget,Windows
472,Asus,Notebook,15.6,Windows 10,0,0,1366.0,768.0,100.45466986113651,Intel,Pentium,1.1,Intel,0,500.0,0.0,0.0,0.0,500.0,4,2.0,42.0,500.0,1,46.2,0.0,0,1,1,0.12820512820512822,2.0,0.425531914893617,0.125,Budget,Windows
163,Toshiba,Notebook,15.6,Windows 10,0,0,1366.0,768.0,100.45466986113651,Intel,i3,2.2,Intel,0,500.0,0.0,0.0,0.0,500.0,4,2.1,60.0,520.0,1,132.0,0.0,0,1,1,0.13461538461538464,1.9047619047619047,0.44680851063829785,0.125,Budget,Windows
161,Dell,2 in 1 Convertible,15.6,Windows 10,1,0,1920.0,1080.0,141.21199808219862,Intel,i7,1.8,Intel,0,0.0,256.0,0.0,0.0,256.0,8,1.56,85.0,620.0,1,153.0,0.0,1,0,2,0.1,5.128205128205128,0.33191489361702126,0.25,Business,Windows
943,HP,Notebook,14.0,Windows 10,0,0,1366.0,768.0,111.93520355955211,Intel,i5,2.3,Intel,0,500.0,0.0,0.0,0.0,500.0,4,1.95,62.0,520.0,1,142.6,0.0,0,1,1,0.1392857142857143,2.0512820512820515,0.4148936170212766,0.125,Business,Windows
511,Lenovo,Netbook,11.6,Chrome OS,0,0,1366.0,768.0,135.0942111925629,Intel,Celeron,1.6,Intel,0,0.0,16.0,0.0,0.0,16.0,4,1.25,30.0,400.0,1,48.0,0.0,1,0,2,0.10775862068965518,3.2,0.26595744680851063,0.125,Business,Other
540,Mediacom,Notebook,13.3,Windows 10,0,1,1920.0,1080.0,165.6321180513006,Intel,Celeron,1.1,Intel,0,0.0,32.0,0.0,0.0,32.0,4,1.2,34.0,500.0,1,37.400000000000006,0.0,1,0,2,0.09022556390977443,3.3333333333333335,0.2553191489361702,0.125,Budget,Windows
618,Dell,Gaming,15.6,Windows 10,0,0,1920.0,1080.0,141.21199808219862,Intel,i7,2.6,Nvidia,1,1000.0,0.0,0.0,0.0,1000.0,16,2.59,67.0,960.0,0,174.20000000000002,960.0,0,1,1,0.16602564102564102,6.177606177606178,0.551063829787234,0.5,Business,Windows
496,Asus,Ultrabook,12.5,Windows 10,0,0,1920.0,1080.0,176.23257360658386,Intel,i7,2.7,Intel,0,0.0,512.0,0.0,0.0,512.0,16,0.91,75.0,620.0,1,202.5,0.0,1,0,2,0.0728,17.58241758241758,0.19361702127659575,0.5,Budget,Windows
1106,HP,Notebook,15.6,No OS,0,0,1366.0,768.0,100.45466986113651,Intel,i3,0.0,Intel,0,1000.0,0.0,0.0,0.0,1000.0,4,1.86,60.0,520.0,1,0.0,0.0,0,1,1,0.11923076923076924,2.150537634408602,0.39574468085106385,0.125,Business,Other
1208,Lenovo,Gaming,15.6,Windows 10,0,1,1920.0,1080.0,141.21199808219862,Intel,i5,2.5,Nvidia,1,1000.0,0.0,0.0,0.0,1000.0,8,2.4,73.0,1050.0,0,182.5,1050.0,0,1,1,0.15384615384615385,3.3333333333333335,0.5106382978723404,0.25,Business,Windows
1242,Dell,2 in 1 Convertible,15.0,Windows 10,1,0,1920.0,1080.0,146.86047800548656,Intel,i3,2.4,Intel,0,500.0,0.0,0.0,0.0,500.0,4,2.08,71.0,620.0,1,170.4,0.0,0,1,1,0.13866666666666666,1.923076923076923,0.4425531914893617,0.125,Business,Windows
1058,HP,Notebook,14.0,Windows 10,0,0,1920.0,1080.0,157.3505121487356,Intel,i5,2.3,Intel,0,500.0,0.0,0.0,0.0,500.0,4,1.54,62.0,520.0,1,142.6,0.0,0,1,1,0.11,2.5974025974025974,0.3276595744680851,0.125,Business,Windows
16,Apple,Ultrabook,13.3,macOS,0,1,2560.0,1600.0,226.98300468106115,Intel,i5,2.3,Intel,0,0.0,256.0,0.0,0.0,256.0,8,1.37,72.0,640.0,1,165.6,0.0,1,0,2,0.10300751879699248,5.839416058394161,0.2914893617021277,0.25,Premium,macOS
1132,Razer,Ultrabook,12.5,Windows 10,1,0,3840.0,2160.0,352.4651472131677,Intel,i7,2.5,Intel,0,0.0,256.0,0.0,0.0,256.0,8,1.25,65.0,520.0,1,162.5,0.0,1,0,2,0.1,6.4,0.26595744680851063,0.25,Premium,Windows
763,Asus,Notebook,15.6,Windows 10,0,0,1366.0,768.0,100.45466986113651,Intel,i7,2.7,Intel,0,0.0,256.0,0.0,0.0,256.0,4,2.37,75.0,620.0,1,202.5,0.0,1,0,2,0.15192307692307694,1.6877637130801686,0.5042553191489362,0.125,Budget,Windows
949,HP,Netbook,12.5,Windows 10,0,0,1920.0,1080.0,176.23257360658386,Intel,i5,2.3,Intel,0,0.0,256.0,0.0,0.0,256.0,8,1.26,62.0,520.0,1,142.6,0.0,1,0,2,0.1008,6.349206349206349,0.2680851063829787,0.25,Business,Windows
1300,HP,Netbook,11.6,Windows 10,0,0,1366.0,768.0,135.0942111925629,Intel,Celeron,1.6,Intel,0,0.0,0.0,32.0,0.0,32.0,2,1.17,30.0,400.0,1,48.0,0.0,0,0,0,0.10086206896551723,1.7094017094017095,0.24893617021276593,0.0625,Business,Windows
1089,Lenovo,Ultrabook,12.5,Windows 10,1,1,1920.0,1080.0,176.23257360658386,Intel,i7,2.5,Intel,0,0.0,256.0,0.0,0.0,256.0,8,1.3,65.0,520.0,1,162.5,0.0,1,0,2,0.10400000000000001,6.153846153846153,0.2765957446808511,0.25,Business,Windows
1218,Dell,Notebook,15.6,Windows 10,0,0,1366.0,768.0,100.45466986113651,Intel,i3,2.0,AMD,1,0.0,128.0,0.0,0.0,128.0,4,2.3,60.0,440.0,0,120.0,440.0,1,0,2,0.14743589743589744,1.7391304347826089,0.4893617021276595,0.125,Business,Windows
1216,Acer,Notebook,15.6,Linux,0,0,1366.0,768.0,100.45466986113651,Intel,Celeron,0.0,Intel,0,1000.0,0.0,0.0,0.0,1000.0,4,2.1,33.0,500.0,1,0.0,0.0,0,1,1,0.13461538461538464,1.9047619047619047,0.44680851063829785,0.125,Budget,Linux
1235,Lenovo,Notebook,17.3,No OS,0,0,1600.0,900.0,106.11306214269258,Intel,i5,2.5,Intel,0,1000.0,0.0,0.0,0.0,1000.0,8,2.8,72.0,620.0,1,180.0,0.0,0,1,1,0.16184971098265893,2.857142857142857,0.5957446808510638,0.25,Business,Other
491,Lenovo,Notebook,15.6,Windows 10,0,0,1366.0,768.0,100.45466986113651,Intel,i3,2.0,Intel,0,0.0,128.0,0.0,0.0,128.0,4,2.3,60.0,520.0,1,120.0,0.0,1,0,2,0.14743589743589744,1.7391304347826089,0.4893617021276595,0.125,Business,Windows
958,Lenovo,2 in 1 Convertible,11.3,Windows 10,1,1,1920.0,1080.0,194.94753717542463,Intel,Other,1.2,Intel,0,0.0,256.0,0.0,0.0,256.0,8,1.1,72.0,515.0,1,86.39999999999999,0.0,1,0,2,0.09734513274336283,7.2727272727272725,0.23404255319148937,0.25,Business,Windows
413,Toshiba,Ultrabook,13.3,Windows 10,0,0,1920.0,1080.0,165.6321180513006,Intel,i7,2.5,Intel,0,0.0,512.0,0.0,0.0,512.0,16,1.2,65.0,520.0,1,162.5,0.0,1,0,2,0.09022556390977443,13.333333333333334,0.2553191489361702,0.5,Budget,Windows
104,HP,Notebook,15.6,Windows 10,0,0,1920.0,1080.0,141.21199808219862,AMD,Other,1.5,AMD,1,500.0,0.0,0.0,0.0,500.0,4,2.1,90.0,0.0,0,135.0,0.0,0,1,1,0.13461538461538464,1.9047619047619047,0.44680851063829785,0.125,Business,Windows
1189,HP,Notebook,15.6,Windows 10,0,0,1920.0,1080.0,141.21199808219862,Intel,i7,1.8,Intel,0,0.0,512.0,0.0,0.0,512.0,16,2.1,85.0,620.0,1,153.0,0.0,1,0,2,0.13461538461538464,7.619047619047619,0.44680851063829785,0.5,Business,Windows
1190,Asus,Notebook,15.6,Windows 10,0,0,1366.0,768.0,100.45466986113651,Intel,Celeron,1.6,Intel,0,500.0,0.0,0.0,0.0,500.0,4,2.2,30.0,0.0,1,48.0,0.0,0,1,1,0.14102564102564105,1.8181818181818181,0.46808510638297873,0.125,Budget,Windows
1000,HP,Notebook,15.6,Windows 10,0,0,1920.0,1080.0,141.21199808219862,Intel,i5,2.5,Intel,0,1000.0,0.0,0.0,0.0,1000.0,8,2.04,72.0,620.0,1,180.0,0.0,0,1,1,0.13076923076923078,3.9215686274509802,0.4340425531914894,0.25,Business,Windows
689,Asus,Notebook,15.6,Windows 10,0,0,1366.0,768.0,100.45466986113651,Intel,Celeron,1.1,Intel,0,0.0,128.0,0.0,0.0,128.0,4,1.86,33.0,500.0,1,36.300000000000004,0.0,1,0,2,0.11923076923076924,2.150537634408602,0.39574468085106385,0.125,Budget,Windows
750,Toshiba,Notebook,14.0,Windows 10,1,1,1920.0,1080.0,157.3505121487356,Intel,i5,2.5,Intel,0,0.0,256.0,0.0,0.0,256.0,8,1.25,72.0,620.0,1,180.0,0.0,1,0,2,0.08928571428571429,6.4,0.26595744680851063,0.25,Budget,Windows
660,Dell,Ultrabook,13.3,Windows 10,0,0,1920.0,1080.0,165.6321180513006,Intel,i5,1.6,Intel,0,0.0,256.0,0.0,0.0,256.0,8,1.2,82.0,620.0,1,131.20000000000002,0.0,1,0,2,0.09022556390977443,6.666666666666667,0.2553191489361702,0.25,Business,Windows
912,Dell,2 in 1 Convertible,13.3,Windows 10,1,0,3200.0,1800.0,276.053530085501,Intel,i7,1.3,Intel,0,0.0,512.0,0.0,0.0,512.0,8,1.24,72.0,615.0,1,93.60000000000001,0.0,1,0,2,0.09323308270676692,6.451612903225807,0.26382978723404255,0.25,Business,Windows
307,Lenovo,Notebook,17.3,Windows 10,0,0,1600.0,900.0,106.11306214269258,Intel,i5,2.5,Nvidia,1,1000.0,0.0,0.0,0.0,1000.0,6,2.8,72.0,940.0,0,180.0,940.0,0,1,1,0.16184971098265893,2.142857142857143,0.5957446808510638,0.1875,Business,Windows
1094,HP,Notebook,15.6,Windows 7,0,0,1920.0,1080.0,141.21199808219862,Intel,i5,2.3,Intel,0,500.0,0.0,0.0,0.0,500.0,4,2.31,62.0,520.0,1,142.6,0.0,0,1,1,0.14807692307692308,1.7316017316017316,0.49148936170212765,0.125,Business,Windows
285,Lenovo,Notebook,17.3,Windows 10,0,0,1600.0,900.0,106.11306214269258,Intel,i7,2.7,Nvidia,1,1000.0,128.0,0.0,0.0,1128.0,6,2.8,75.0,940.0,0,202.5,940.0,1,1,3,0.16184971098265893,2.142857142857143,0.5957446808510638,0.1875,Business,Windows
476,Lenovo,Ultrabook,14.0,Windows 10,0,1,2560.0,1440.0,209.8006828649808,Intel,i7,2.6,Intel,0,0.0,256.0,0.0,0.0,256.0,12,1.4,66.0,520.0,1,171.6,0.0,1,0,2,0.09999999999999999,8.571428571428571,0.2978723404255319,0.375,Business,Windows
1199,Lenovo,Ultrabook,15.6,Windows 10,0,0,1920.0,1080.0,141.21199808219862,Intel,i7,2.7,Nvidia,1,0.0,256.0,0.0,0.0,256.0,6,1.54,75.0,920.0,0,202.5,920.0,1,0,2,0.09871794871794873,3.896103896103896,0.3276595744680851,0.1875,Business,Windows
250,Dell,Notebook,15.6,Windows 10,0,0,1920.0,1080.0,141.21199808219862,Intel,i7,1.8,AMD,1,2000.0,128.0,0.0,0.0,2128.0,8,2.2,85.0,530.0,0,153.0,530.0,1,1,3,0.14102564102564105,3.6363636363636362,0.46808510638297873,0.25,Business,Windows
471,Lenovo,Notebook,15.6,Windows 10,0,0,1920.0,1080.0,141.21199808219862,Intel,i7,2.9,Nvidia,1,0.0,256.0,0.0,0.0,256.0,8,2.67,78.0,2200.0,0,226.2,2200.0,1,0,2,0.17115384615384616,2.9962546816479403,0.5680851063829787,0.25,Business,Windows
990,Lenovo,Notebook,14.0,Windows 7,0,0,1366.0,768.0,111.93520355955211,Intel,i5,2.3,Intel,0,0.0,0.0,0.0,508.0,508.0,4,1.7,62.0,520.0,1,142.6,0.0,0,0,0,0.12142857142857143,2.3529411764705883,0.36170212765957444,0.125,Business,Windows
466,HP,Notebook,17.3,Windows 10,0,0,1600.0,900.0,106.11306214269258,Intel,i3,0.0,Intel,0,0.0,256.0,0.0,0.0,256.0,8,2.5,60.0,520.0,1,0.0,0.0,1,0,2,0.1445086705202312,3.2,0.5319148936170213,0.25,Business,Windows
157,HP,Ultrabook,14.0,Windows 10,0,0,1920.0,1080.0,157.3505121487356,Intel,i5,2.7,Intel,0,0.0,256.0,0.0,0.0,256.0,4,1.48,75.0,620.0,1,202.5,0.0,1,0,2,0.10571428571428572,2.7027027027027026,0.3148936170212766,0.125,Business,Windows
541,Asus,Gaming,15.6,Windows 10,0,1,1920.0,1080.0,141.21199808219862,Intel,i5,2.5,Nvidia,1,1000.0,128.0,0.0,0.0,1128.0,8,2.3,73.0,1060.0,0,182.5,1060.0,1,1,3,0.14743589743589744,3.4782608695652177,0.4893617021276595,0.25,Budget,Windows
206,Acer,Notebook,15.6,Windows 10,0,0,1920.0,1080.0,141.21199808219862,Intel,i7,2.7,Nvidia,1,1000.0,0.0,0.0,0.0,1000.0,8,2.23,75.0,940.0,0,202.5,940.0,0,1,1,0.14294871794871794,3.587443946188341,0.47446808510638294,0.25,Budget,Windows
81,HP,Notebook,17.3,Windows 10,0,0,1920.0,1080.0,127.33567457123111,Intel,i5,1.6,Nvidia,1,1000.0,128.0,0.0,0.0,1128.0,8,2.5,82.0,930.0,0,131.20000000000002,930.0,1,1,3,0.1445086705202312,3.2,0.5319148936170213,0.25,Business,Windows
1303,Lenovo,2 in 1 Convertible,13.3,Windows 10,1,1,3200.0,1800.0,276.053530085501,Intel,i7,2.5,Intel,0,0.0,512.0,0.0,0.0,512.0,16,1.3,65.0,520.0,1,162.5,0.0,1,0,2,0.09774436090225563,12.307692307692307,0.2765957446808511,0.5,Business,Windows
1003,Dell,Notebook,14.0,Windows 10,0,0,1920.0,1080.0,157.3505121487356,Intel,i5,2.5,Intel,0,0.0,128.0,0.0,0.0,128.0,8,1.6,72.0,620.0,1,180.0,0.0,1,0,2,0.1142857142857143,5.0,0.3404255319148936,0.25,Business,Windows
1268,Dell,Notebook,15.6,Linux,0,0,1366.0,768.0,100.45466986113651,Intel,Pentium,1.6,Intel,0,500.0,0.0,0.0,0.0,500.0,4,2.2,37.0,0.0,1,59.2,0.0,0,1,1,0.14102564102564105,1.8181818181818181,0.46808510638297873,0.125,Business,Linux
1260,Acer,Notebook,15.6,Linux,0,0,1366.0,768.0,100.45466986113651,Intel,i3,2.0,Intel,0,500.0,0.0,0.0,0.0,500.0,4,2.4,60.0,520.0,1,120.0,0.0,0,1,1,0.15384615384615385,1.6666666666666667,0.5106382978723404,0.125,Budget,Linux
817,Dell,Gaming,15.6,Windows 10,0,0,3840.0,2160.0,282.42399616439724,Intel,i7,2.8,Nvidia,1,0.0,512.0,0.0,0.0,512.0,16,2.62,77.0,1050.0,0,215.6,1050.0,1,0,2,0.16794871794871796,6.106870229007633,0.5574468085106383,0.5,Business,Windows
290,Acer,Notebook,15.6,Windows 10,1,1,1920.0,1080.0,141.21199808219862,Intel,i7,2.7,Intel,0,1000.0,0.0,0.0,0.0,1000.0,12,2.15,75.0,620.0,1,202.5,0.0,0,1,1,0.13782051282051283,5.5813953488372094,0.45744680851063824,0.375,Budget,Windows
648,Lenovo,Gaming,15.6,Windows 10,0,1,1920.0,1080.0,141.21199808219862,Intel,i7,2.8,Nvidia,1,1000.0,128.0,0.0,0.0,1128.0,8,2.5,77.0,1050.0,0,215.6,1050.0,1,1,3,0.16025641025641027,3.2,0.5319148936170213,0.25,Business,Windows
801,Lenovo,2 in 1 Convertible,13.3,Windows 10,1,1,1920.0,1080.0,165.6321180513006,Intel,i7,2.7,Intel,0,0.0,512.0,0.0,0.0,512.0,8,1.37,75.0,620.0,1,202.5,0.0,1,0,2,0.10300751879699248,5.839416058394161,0.2914893617021277,0.25,Business,Windows
231,Dell,Notebook,15.6,Windows 10,1,0,1920.0,1080.0,141.21199808219862,Intel,i7,2.7,AMD,1,1000.0,0.0,0.0,0.0,1000.0,16,2.3,75.0,445.0,0,202.5,445.0,0,1,1,0.14743589743589744,6.9565217391304355,0.4893617021276595,0.5,Business,Windows
1177,HP,2 in 1 Convertible,13.3,Windows 10,1,0,2560.0,1440.0,220.84282406840083,Intel,i7,2.6,Intel,0,0.0,512.0,0.0,0.0,512.0,8,1.48,66.0,520.0,1,171.6,0.0,1,0,2,0.1112781954887218,5.405405405405405,0.3148936170212766,0.25,Business,Windows
492,Lenovo,Notebook,14.0,Windows 10,0,1,1920.0,1080.0,157.3505121487356,Intel,i5,1.6,Intel,0,0.0,256.0,0.0,0.0,256.0,8,1.75,82.0,620.0,1,131.20000000000002,0.0,1,0,2,0.125,4.571428571428571,0.3723404255319149,0.25,Business,Windows
734,Dell,Notebook,15.6,Windows 10,0,0,1920.0,1080.0,141.21199808219862,Intel,i5,1.6,AMD,1,1000.0,128.0,0.0,0.0,1128.0,8,2.2,82.0,530.0,0,131.20000000000002,530.0,1,1,3,0.14102564102564105,3.6363636363636362,0.46808510638297873,0.25,Business,Windows
167,Lenovo,Gaming,15.6,Windows 10,0,1,1920.0,1080.0,141.21199808219862,Intel,i7,2.8,Nvidia,1,0.0,256.0,0.0,0.0,256.0,16,2.5,77.0,1050.0,0,215.6,1050.0,1,0,2,0.16025641025641027,6.4,0.5319148936170213,0.5,Business,Windows
1246,Lenovo,Gaming,15.6,Windows 10,1,1,1920.0,1080.0,141.21199808219862,Intel,i7,2.6,Nvidia,1,1000.0,128.0,0.0,0.0,1128.0,16,2.6,67.0,960.0,0,174.20000000000002,960.0,1,1,3,0.16666666666666669,6.153846153846153,0.5531914893617021,0.5,Business,Windows
349,Lenovo,2 in 1 Convertible,13.9,Windows 10,1,1,3840.0,2160.0,316.96506044349616,Intel,i7,1.8,Intel,0,0.0,512.0,0.0,0.0,512.0,16,1.4,85.0,620.0,1,153.0,0.0,1,0,2,0.10071942446043164,11.428571428571429,0.2978723404255319,0.5,Business,Windows
597,Asus,2 in 1 Convertible,15.6,Windows 10,1,0,1366.0,768.0,100.45466986113651,Intel,i5,2.5,Intel,0,1000.0,0.0,0.0,0.0,1000.0,8,2.2,72.0,520.0,1,180.0,0.0,0,1,1,0.14102564102564105,3.6363636363636362,0.46808510638297873,0.25,Budget,Windows
1139,Asus,Notebook,15.6,Windows 10,0,0,1366.0,768.0,100.45466986113651,Intel,i3,2.4,Intel,0,1000.0,0.0,0.0,0.0,1000.0,4,2.0,71.0,620.0,1,170.4,0.0,0,1,1,0.12820512820512822,2.0,0.425531914893617,0.125,Budget,Windows
673,Toshiba,Notebook,15.6,Windows 10,0,0,1366.0,768.0,100.45466986113651,Intel,i3,2.1,Intel,0,0.0,128.0,0.0,0.0,128.0,4,2.1,61.0,520.0,1,128.1,0.0,1,0,2,0.13461538461538464,1.9047619047619047,0.44680851063829785,0.125,Budget,Windows
1211,Apple,Ultrabook,12.0,Mac OS X,0,1,2304.0,1440.0,226.41554716935852,Intel,Other,1.1,Intel,0,0.0,0.0,256.0,0.0,256.0,8,0.92,72.0,5300.0,1,79.2,0.0,0,0,0,0.07666666666666667,8.695652173913043,0.19574468085106383,0.25,Premium,macOS
758,HP,Workstation,17.3,Windows 7,0,1,1920.0,1080.0,127.33567457123111,Intel,Other,2.9,Nvidia,1,0.0,256.0,0.0,0.0,256.0,16,3.0,15.0,2000.0,0,43.5,2000.0,1,0,2,0.17341040462427745,5.333333333333333,0.6382978723404255,0.5,Business,Windows
141,Lenovo,Notebook,15.6,No OS,0,0,1920.0,1080.0,141.21199808219862,Intel,i5,2.5,Nvidia,1,1000.0,0.0,0.0,0.0,1000.0,4,2.2,72.0,920.0,0,180.0,920.0,0,1,1,0.14102564102564105,1.8181818181818181,0.46808510638297873,0.125,Business,Other
182,Lenovo,Notebook,15.6,Windows 10,0,0,1920.0,1080.0,141.21199808219862,Intel,i5,2.5,AMD,1,1000.0,128.0,0.0,0.0,1128.0,8,1.9,72.0,0.0,0,180.0,0.0,1,1,3,0.12179487179487179,4.2105263157894735,0.40425531914893614,0.25,Business,Windows
54,HP,Notebook,13.3,Windows 10,0,0,1920.0,1080.0,165.6321180513006,Intel,i7,1.8,Intel,0,0.0,512.0,0.0,0.0,512.0,8,1.49,85.0,620.0,1,153.0,0.0,1,0,2,0.11203007518796992,5.369127516778524,0.3170212765957447,0.25,Business,Windows
576,Lenovo,Notebook,14.0,Windows 10,0,0,1366.0,768.0,111.93520355955211,Intel,i5,2.5,Intel,0,500.0,0.0,0.0,0.0,500.0,4,2.02,72.0,620.0,1,180.0,0.0,0,1,1,0.1442857142857143,1.9801980198019802,0.4297872340425532,0.125,Business,Windows
815,Toshiba,Notebook,15.6,Windows 10,0,0,1366.0,768.0,100.45466986113651,Intel,i5,2.3,Intel,0,500.0,0.0,0.0,0.0,500.0,4,2.1,62.0,520.0,1,142.6,0.0,0,1,1,0.13461538461538464,1.9047619047619047,0.44680851063829785,0.125,Budget,Windows
444,Google,Ultrabook,12.3,Chrome OS,1,0,2400.0,1600.0,234.50740003017813,Intel,i7,1.3,Intel,0,0.0,512.0,0.0,0.0,512.0,16,1.1,72.0,615.0,1,93.60000000000001,0.0,1,0,2,0.08943089430894309,14.545454545454545,0.23404255319148937,0.5,Budget,Other
371,HP,Notebook,15.6,Windows 10,0,0,1366.0,768.0,100.45466986113651,Intel,Pentium,1.6,Intel,0,2000.0,0.0,0.0,0.0,2000.0,8,2.04,37.0,405.0,1,59.2,0.0,0,1,1,0.13076923076923078,3.9215686274509802,0.4340425531914894,0.25,Business,Windows
323,HP,Notebook,14.0,Windows 10,0,0,1920.0,1080.0,157.3505121487356,Intel,i5,2.5,Intel,0,0.0,256.0,0.0,0.0,256.0,8,1.95,72.0,620.0,1,180.0,0.0,1,0,2,0.1392857142857143,4.102564102564103,0.4148936170212766,0.25,Business,Windows
1098,HP,Ultrabook,13.3,Windows 10,0,1,3840.0,2160.0,331.2642361026012,Intel,i7,2.7,Intel,0,0.0,512.0,0.0,0.0,512.0,16,1.3,75.0,620.0,1,202.5,0.0,1,0,2,0.09774436090225563,12.307692307692307,0.2765957446808511,0.5,Business,Windows
130,Asus,Notebook,14.0,Windows 10 S,0,0,1366.0,768.0,111.93520355955211,AMD,Other,1.5,AMD,1,0.0,64.0,0.0,0.0,64.0,4,1.65,61.0,0.0,0,91.5,0.0,1,0,2,0.11785714285714285,2.4242424242424243,0.351063829787234,0.125,Budget,Windows
634,Lenovo,Notebook,15.6,No OS,0,0,1920.0,1080.0,141.21199808219862,Intel,i5,2.5,Intel,0,0.0,128.0,0.0,0.0,128.0,4,2.2,72.0,620.0,1,180.0,0.0,1,0,2,0.14102564102564105,1.8181818181818181,0.46808510638297873,0.125,Business,Other
340,Asus,Gaming,15.6,Windows 10,0,0,1920.0,1080.0,141.21199808219862,Intel,i7,2.8,Nvidia,1,0.0,256.0,0.0,0.0,256.0,8,2.5,77.0,1050.0,0,215.6,1050.0,1,0,2,0.16025641025641027,3.2,0.5319148936170213,0.25,Budget,Windows
1222,Asus,Gaming,15.6,Windows 10,0,0,1920.0,1080.0,141.21199808219862,Intel,i7,2.6,Nvidia,1,1000.0,0.0,0.0,0.0,1000.0,8,2.2,67.0,1060.0,0,174.20000000000002,1060.0,0,1,1,0.14102564102564105,3.6363636363636362,0.46808510638297873,0.25,Budget,Windows
1121,MSI,Gaming,17.3,Windows 10,0,0,1920.0,1080.0,127.33567457123111,Intel,i7,2.6,Nvidia,1,1000.0,128.0,0.0,0.0,1128.0,8,2.9,67.0,960.0,0,174.20000000000002,960.0,1,1,3,0.1676300578034682,2.7586206896551726,0.6170212765957447,0.25,Budget,Windows
837,Acer,Netbook,11.6,Chrome OS,0,1,1366.0,768.0,135.0942111925629,Intel,Celeron,1.6,Intel,0,0.0,0.0,32.0,0.0,32.0,4,1.35,30.0,400.0,1,48.0,0.0,0,0,0,0.1163793103448276,2.962962962962963,0.2872340425531915,0.125,Budget,Other
545,HP,Gaming,17.3,Windows 10,0,0,1920.0,1080.0,127.33567457123111,Intel,i7,2.8,Nvidia,1,1000.0,0.0,0.0,0.0,1000.0,12,2.62,77.0,1060.0,0,215.6,1060.0,0,1,1,0.15144508670520232,4.580152671755725,0.5574468085106383,0.375,Business,Windows
916,Lenovo,Notebook,15.6,Windows 10,0,1,1920.0,1080.0,141.21199808219862,Intel,i5,2.5,Intel,0,0.0,512.0,0.0,0.0,512.0,8,1.95,72.0,620.0,1,180.0,0.0,1,0,2,0.125,4.102564102564103,0.4148936170212766,0.25,Business,Windows
578,HP,Notebook,14.0,Windows 10,0,0,1366.0,768.0,111.93520355955211,Intel,Pentium,1.6,Intel,0,2000.0,0.0,0.0,0.0,2000.0,8,1.94,37.0,405.0,1,59.2,0.0,0,1,1,0.13857142857142857,4.123711340206186,0.4127659574468085,0.25,Business,Windows
996,Lenovo,Notebook,15.6,Windows 10,0,0,1920.0,1080.0,141.21199808219862,AMD,Other,3.6,AMD,1,0.0,256.0,0.0,0.0,256.0,6,2.2,97.0,530.0,0,349.2,530.0,1,0,2,0.14102564102564105,2.727272727272727,0.46808510638297873,0.1875,Business,Windows
770,Dell,Ultrabook,12.5,Windows 10,0,0,1920.0,1080.0,176.23257360658386,Intel,i7,2.8,Intel,0,0.0,256.0,0.0,0.0,256.0,16,1.18,76.0,620.0,1,212.79999999999998,0.0,1,0,2,0.0944,13.559322033898306,0.251063829787234,0.5,Business,Windows
407,Lenovo,Notebook,15.6,Windows 10,0,0,1366.0,768.0,100.45466986113651,Intel,Celeron,1.1,Intel,0,1000.0,0.0,0.0,0.0,1000.0,4,2.2,33.0,500.0,1,36.300000000000004,0.0,0,1,1,0.14102564102564105,1.8181818181818181,0.46808510638297873,0.125,Business,Windows
418,Lenovo,Ultrabook,14.0,Windows 10,0,1,2560.0,1440.0,209.8006828649808,Intel,i7,2.8,Nvidia,1,0.0,512.0,0.0,0.0,512.0,8,1.7,77.0,940.0,0,215.6,940.0,1,0,2,0.12142857142857143,4.705882352941177,0.36170212765957444,0.25,Business,Windows
