laptop_ID,Company,TypeName,OpSys,Full_HD,IPS_Panel,Touchscreen,4K_Ultra_HD,Retina_Display,Quad_HDplus,PPI,Ram_GB,Weight_kg,SSD,HDD,Flash_Storage,Hybrid,Memory_GB,cpu_marca,cpu_familia,cpu_ghz,brand_gpu,family_gpu
1118,31.622776601683793,44.44097208657794,37.900584364392415,1,1,0,0,0,0,127.33567457123111,8,3.0,0,1,0,0,1024,31.709571965613,37.403208418530085,2.6,26.62639174419421,37.0
153,31.495835455754325,38.5586566156032,32.31098513719976,1,0,0,0,0,0,141.21199808219862,16,2.56,1,0,0,0,512,31.709571965613,37.403208418530085,2.8,34.62657938636157,34.496373576304066
275,35.76310948449533,38.66522985836241,38.96857708462037,0,1,0,0,1,0,226.98300468106115,8,1.37,1,0,0,0,512,31.709571965613,30.935399707564464,2.9,30.166206257996713,42.41462012089699
1100,31.622776601683793,26.429148880025192,37.900584364392415,1,0,0,0,0,0,157.3505121487356,4,1.54,0,1,0,0,500,31.709571965613,30.935399707564464,2.3,30.166206257996713,29.981994594902375
131,31.495835455754325,26.429148880025192,32.31098513719976,1,0,0,0,0,0,127.33567457123111,16,2.8,1,1,0,0,2304,31.709571965613,37.403208418530085,1.8,26.62639174419421,26.43860813280457
1126,31.495835455754325,26.429148880025192,37.900584364392415,0,0,0,0,0,0,100.45466986113651,4,2.24,0,1,0,0,500,31.709571965613,30.935399707564464,2.3,26.62639174419421,26.43860813280457
203,31.622776601683793,26.429148880025192,32.31098513719976,1,0,0,0,0,0,127.33567457123111,8,2.5,1,0,0,0,256,31.709571965613,37.403208418530085,1.8,34.62657938636157,34.496373576304066
853,31.495835455754325,26.429148880025192,32.31098513719976,0,0,0,0,0,0,100.45466986113651,8,2.18,1,0,0,0,128,31.709571965613,30.935399707564464,2.5,30.166206257996713,29.981994594902375
1244,31.495835455754325,38.66522985836241,32.31098513719976,0,0,1,0,0,1,276.053530085501,8,1.29,1,0,0,0,256,31.709571965613,37.403208418530085,2.7,30.166206257996713,29.981994594902375
585,39.09432781989371,38.5586566156032,32.31098513719976,1,0,0,0,0,0,127.33567457123111,16,4.14,1,1,0,0,1536,31.709571965613,37.403208418530085,2.9,34.62657938636157,34.496373576304066
819,31.622776601683793,38.5586566156032,32.31098513719976,1,1,0,0,0,0,127.33567457123111,12,3.74,0,1,0,0,1024,31.709571965613,37.403208418530085,2.8,26.62639174419421,26.43860813280457
438,29.9833287011299,26.429148880025192,32.31098513719976,1,1,0,0,0,0,165.6321180513006,8,1.4,1,0,0,0,256,31.709571965613,37.403208418530085,2.7,30.166206257996713,29.981994594902375
296,30.740852297878796,38.5586566156032,32.31098513719976,1,0,0,0,0,0,127.33567457123111,8,3.0,0,1,0,0,1024,31.709571965613,37.403208418530085,2.8,34.62657938636157,34.496373576304066
993,30.740852297878796,38.5586566156032,32.31098513719976,1,0,0,0,0,0,127.33567457123111,16,2.99,1,1,0,0,1280,31.709571965613,37.403208418530085,2.8,34.62657938636157,34.496373576304066
898,30.740852297878796,38.5586566156032,32.31098513719976,1,0,0,0,0,0,127.33567457123111,12,2.2,1,1,0,0,1152,31.709571965613,30.935399707564464,2.5,34.62657938636157,34.496373576304066
831,29.9833287011299,38.66522985836241,32.31098513719976,1,1,0,0,0,0,157.3505121487356,8,1.13,1,0,0,0,512,31.709571965613,37.403208418530085,2.7,30.166206257996713,29.981994594902375
326,29.9833287011299,26.429148880025192,32.31098513719976,0,0,0,0,0,0,106.11306214269258,4,2.79,0,1,0,0,1024,31.709571965613,30.935399707564464,2.5,34.62657938636157,34.496373576304066
543,31.495835455754325,26.429148880025192,32.31098513719976,1,0,0,0,0,0,141.21199808219862,8,2.2,1,0,0,0,256,31.709571965613,30.935399707564464,1.6,26.62639174419421,26.43860813280457
1203,30.740852297878796,38.5586566156032,32.31098513719976,1,1,0,0,0,0,141.21199808219862,8,2.591,1,1,0,0,1280,31.709571965613,37.403208418530085,2.6,34.62657938636157,34.496373576304066
202,31.622776601683793,38.5586566156032,32.31098513719976,1,1,0,0,0,0,127.33567457123111,16,3.35,1,1,0,0,1280,31.709571965613,37.403208418530085,2.8,34.62657938636157,34.496373576304066
1184,29.9833287011299,26.429148880025192,32.31098513719976,1,1,0,0,0,0,141.21199808219862,8,1.95,1,0,0,0,256,31.709571965613,30.935399707564464,2.5,30.166206257996713,29.981994594902375
709,29.9833287011299,26.429148880025192,32.31098513719976,1,0,0,0,0,0,141.21199808219862,4,2.2,1,0,0,0,256,20.71231517720798,22.559939701738855,2.9,26.62639174419421,26.43860813280457
175,31.622776601683793,26.429148880025192,32.31098513719976,1,1,0,0,0,0,127.33567457123111,6,2.71,0,1,0,0,2048,31.709571965613,30.935399707564464,2.5,26.62639174419421,26.43860813280457
1124,30.740852297878796,38.5586566156032,32.31098513719976,1,1,0,0,0,0,141.21199808219862,16,2.59,1,1,0,0,1152,31.709571965613,37.403208418530085,2.6,34.62657938636157,34.496373576304066
430,30.740852297878796,26.429148880025192,22.86897461627871,1,0,0,0,0,0,141.21199808219862,8,2.3,0,1,0,0,1024,31.709571965613,22.338307903688676,2.4,34.62657938636157,34.496373576304066
737,31.622776601683793,26.429148880025192,32.31098513719976,1,0,0,0,0,0,141.21199808219862,4,2.1,0,1,0,0,1024,20.71231517720798,22.559939701738855,3.0,26.62639174419421,26.43860813280457
406,29.9833287011299,38.66522985836241,32.31098513719976,0,1,0,0,0,0,209.8006828649808,16,1.13,1,0,0,0,1024,31.709571965613,37.403208418530085,2.7,30.166206257996713,29.981994594902375
987,34.56877203488721,26.429148880025192,32.31098513719976,1,0,0,0,0,0,157.3505121487356,8,1.95,1,0,0,0,256,31.709571965613,30.935399707564464,2.3,30.166206257996713,29.981994594902375
730,29.9833287011299,38.66522985836241,32.31098513719976,1,1,0,0,0,0,157.3505121487356,8,1.32,1,0,0,0,256,31.709571965613,30.935399707564464,2.5,30.166206257996713,29.981994594902375
303,29.9833287011299,26.429148880025192,32.31098513719976,1,0,0,0,0,0,141.21199808219862,6,2.4,0,1,0,0,1024,20.71231517720798,22.559939701738855,2.4,26.62639174419421,26.43860813280457
1080,31.495835455754325,38.66522985836241,32.31098513719976,1,0,0,0,0,0,165.6321180513006,8,1.29,1,0,0,0,256,31.709571965613,37.403208418530085,2.7,30.166206257996713,29.981994594902375
542,31.495835455754325,26.429148880025192,32.31098513719976,1,0,0,0,0,0,141.21199808219862,8,1.93,1,0,0,0,256,31.709571965613,37.403208418530085,2.8,34.62657938636157,34.496373576304066
753,23.643180835073778,26.429148880025192,19.23143027588268,0,0,0,0,0,0,111.93520355955211,2,1.68,0,0,1,0,32,31.709571965613,17.262652202702334,1.6,30.166206257996713,29.981994594902375
876,31.622776601683793,26.429148880025192,32.31098513719976,1,0,0,0,0,0,141.21199808219862,4,2.07,0,1,0,0,500,31.709571965613,30.935399707564464,2.3,30.166206257996713,29.981994594902375
1104,23.643180835073778,26.429148880025192,32.31098513719976,0,0,0,0,0,0,100.45466986113651,4,2.4,0,1,0,0,500,20.71231517720798,22.559939701738855,2.2,26.62639174419421,26.43860813280457
535,31.495835455754325,26.429148880025192,32.31098513719976,1,0,0,0,0,0,141.21199808219862,4,2.3,0,1,0,0,500,31.709571965613,30.935399707564464,2.5,26.62639174419421,26.43860813280457
83,35.76310948449533,38.66522985836241,38.96857708462037,0,1,0,0,1,0,226.41554716935852,8,0.92,1,0,0,0,512,31.709571965613,30.935399707564464,1.3,30.166206257996713,29.981994594902375
598,29.9833287011299,26.429148880025192,32.31098513719976,1,0,0,0,0,0,141.21199808219862,12,2.2,1,0,0,0,512,20.71231517720798,22.559939701738855,3.6,26.62639174419421,26.43860813280457
477,31.622776601683793,38.06006489187098,32.31098513719976,0,1,1,1,0,0,331.2642361026012,8,1.29,1,0,0,0,512,31.709571965613,37.403208418530085,1.8,30.166206257996713,29.981994594902375
1120,31.495835455754325,38.66522985836241,37.900584364392415,0,0,0,0,0,0,125.36742798669837,8,1.5,1,0,0,0,256,31.709571965613,30.935399707564464,2.3,30.166206257996713,29.981994594902375
359,31.622776601683793,44.44097208657794,32.31098513719976,1,0,0,0,0,0,141.21199808219862,8,2.6,1,0,0,0,256,31.709571965613,37.403208418530085,2.8,34.62657938636157,45.49881984843928
862,30.740852297878796,38.5586566156032,32.31098513719976,1,0,0,0,0,0,141.21199808219862,16,2.1,1,1,0,0,1152,31.709571965613,37.403208418530085,2.8,34.62657938636157,34.496373576304066
448,31.495835455754325,26.429148880025192,32.31098513719976,1,0,0,0,0,0,141.21199808219862,4,2.2,1,0,0,0,256,31.709571965613,30.935399707564464,1.6,26.62639174419421,26.43860813280457
19,29.9833287011299,26.429148880025192,22.338307903688676,1,0,0,0,0,0,141.21199808219862,8,2.2,0,1,0,0,1024,31.709571965613,22.338307903688676,2.4,34.62657938636157,34.496373576304066
1206,31.495835455754325,38.66522985836241,22.86897461627871,0,0,1,0,0,1,276.053530085501,8,1.23,1,0,0,0,256,31.709571965613,30.935399707564464,2.4,30.166206257996713,29.981994594902375
551,30.740852297878796,26.429148880025192,32.31098513719976,0,0,0,0,0,0,100.45466986113651,4,2.0,0,1,0,0,500,20.71231517720798,22.559939701738855,1.8,26.62639174419421,26.43860813280457
651,30.740852297878796,38.5586566156032,22.338307903688676,1,1,0,0,0,0,141.21199808219862,8,2.5,0,1,0,0,1024,31.709571965613,37.403208418530085,2.8,34.62657938636157,34.496373576304066
264,29.9833287011299,38.06006489187098,32.31098513719976,1,1,1,0,0,0,141.21199808219862,8,2.0,1,0,0,0,512,31.709571965613,37.403208418530085,2.8,34.62657938636157,34.496373576304066
211,31.495835455754325,38.66522985836241,32.31098513719976,0,1,1,1,0,0,331.2642361026012,8,1.21,1,0,0,0,256,31.709571965613,37.403208418530085,1.8,30.166206257996713,29.981994594902375
569,31.622776601683793,38.66522985836241,32.31098513719976,0,1,1,0,0,1,276.053530085501,16,1.16,1,0,0,0,512,31.709571965613,22.559939701738855,1.2,30.166206257996713,29.981994594902375
165,23.643180835073778,26.429148880025192,32.31098513719976,1,1,0,0,0,0,127.33567457123111,4,3.0,1,0,0,0,256,31.709571965613,30.935399707564464,1.6,34.62657938636157,34.496373576304066
653,29.9833287011299,26.429148880025192,32.31098513719976,0,0,0,0,0,0,111.93520355955211,4,1.43,0,0,1,0,32,31.709571965613,17.262652202702334,1.6,30.166206257996713,29.981994594902375
965,31.495835455754325,38.66522985836241,32.31098513719976,1,0,0,0,0,0,157.3505121487356,8,1.36,1,0,0,0,256,31.709571965613,37.403208418530085,2.8,30.166206257996713,29.981994594902375
910,31.495835455754325,26.429148880025192,32.31098513719976,0,0,0,0,0,0,100.45466986113651,4,2.18,0,1,0,0,1024,31.709571965613,22.338307903688676,2.0,26.62639174419421,26.43860813280457
923,31.495835455754325,26.429148880025192,32.31098513719976,1,0,0,0,0,0,157.3505121487356,8,1.6,1,0,0,0,256,31.709571965613,30.935399707564464,2.8,30.166206257996713,29.981994594902375
1153,31.495835455754325,26.429148880025192,32.31098513719976,0,0,0,0,0,0,100.45466986113651,8,2.5,0,1,0,0,1024,31.709571965613,30.935399707564464,2.5,26.62639174419421,26.43860813280457
1068,31.495835455754325,38.66522985836241,32.31098513719976,0,0,1,0,0,1,276.053530085501,16,1.2,1,0,0,0,1024,31.709571965613,37.403208418530085,2.7,30.166206257996713,29.981994594902375
507,30.740852297878796,17.204625988465878,31.448370387032774,0,0,0,0,0,0,135.0942111925629,4,1.2,0,0,1,0,64,31.709571965613,17.262652202702334,1.1,30.166206257996713,29.981994594902375
909,31.622776601683793,26.429148880025192,32.31098513719976,1,0,0,0,0,0,141.21199808219862,8,2.04,0,1,0,0,1024,31.709571965613,37.403208418530085,2.7,34.62657938636157,34.496373576304066
1008,31.495835455754325,38.06006489187098,32.31098513719976,1,0,1,0,0,0,165.6321180513006,8,1.68,1,0,0,0,256,31.709571965613,30.935399707564464,2.5,30.166206257996713,29.981994594902375
1318,29.9833287011299,26.429148880025192,32.31098513719976,0,0,0,0,0,0,111.93520355955211,2,1.5,0,0,1,0,64,31.709571965613,17.262652202702334,1.6,30.166206257996713,29.981994594902375
238,31.495835455754325,26.429148880025192,32.31098513719976,1,0,0,0,0,0,157.3505121487356,8,1.6,1,0,0,0,256,31.709571965613,30.935399707564464,2.5,30.166206257996713,29.981994594902375
691,31.622776601683793,26.429148880025192,32.31098513719976,1,1,0,0,0,0,127.33567457123111,4,2.5,1,0,0,0,256,31.709571965613,22.338307903688676,2.0,26.62639174419421,26.43860813280457
614,29.9833287011299,26.429148880025192,32.31098513719976,1,0,0,0,0,0,141.21199808219862,6,2.4,0,1,0,0,1024,31.709571965613,30.935399707564464,2.5,30.166206257996713,29.981994594902375
35,35.76310948449533,38.66522985836241,33.62697735923071,0,0,0,0,0,0,127.67794013309688,8,1.35,0,0,1,0,256,31.709571965613,30.935399707564464,1.6,30.166206257996713,29.981994594902375
966,34.56877203488721,26.429148880025192,37.900584364392415,1,0,0,0,0,0,165.6321180513006,8,1.2,1,0,0,0,256,31.709571965613,30.935399707564464,2.3,30.166206257996713,29.981994594902375
426,29.9833287011299,38.66522985836241,32.31098513719976,1,1,0,0,0,0,157.3505121487356,8,1.75,1,0,0,0,256,31.709571965613,37.403208418530085,1.8,26.62639174419421,26.43860813280457
869,31.495835455754325,26.429148880025192,32.31098513719976,1,0,1,0,0,0,165.6321180513006,8,1.62,0,1,0,0,1024,31.709571965613,30.935399707564464,2.3,30.166206257996713,29.981994594902375
843,29.9833287011299,26.429148880025192,32.31098513719976,1,1,0,0,0,0,157.3505121487356,8,1.32,1,0,0,0,256,31.709571965613,30.935399707564464,2.6,30.166206257996713,29.981994594902375
671,31.622776601683793,26.429148880025192,32.31098513719976,0,0,0,0,0,0,141.21199808219862,6,2.04,0,1,0,0,1024,31.709571965613,22.338307903688676,2.0,26.62639174419421,26.43860813280457
955,30.740852297878796,26.429148880025192,32.31098513719976,0,0,0,0,0,0,106.11306214269258,4,2.8,0,1,0,0,1024,31.709571965613,19.836582366930045,1.6,34.62657938636157,34.496373576304066
1295,23.643180835073778,26.429148880025192,22.86897461627871,0,0,0,0,0,0,100.45466986113651,4,2.4,0,1,0,0,500,31.709571965613,17.262652202702334,1.6,30.166206257996713,29.981994594902375
562,30.740852297878796,26.429148880025192,22.86897461627871,0,0,0,0,0,0,100.45466986113651,4,2.0,0,1,0,0,500,31.709571965613,17.262652202702334,1.1,30.166206257996713,29.981994594902375
827,31.495835455754325,38.5586566156032,32.31098513719976,1,1,0,0,0,0,127.33567457123111,16,4.36,1,1,0,0,1152,31.709571965613,37.403208418530085,2.8,34.62657938636157,34.496373576304066
393,31.495835455754325,44.44097208657794,32.31098513719976,1,0,0,0,0,0,141.21199808219862,8,2.23,0,1,0,0,500,31.709571965613,30.935399707564464,2.6,26.62639174419421,37.0
126,31.622776601683793,26.429148880025192,32.31098513719976,1,0,0,0,0,0,127.33567457123111,16,2.5,1,0,0,0,512,31.709571965613,37.403208418530085,1.8,34.62657938636157,34.496373576304066
32,30.740852297878796,26.429148880025192,32.31098513719976,0,0,0,0,0,0,111.93520355955211,2,1.65,0,0,1,0,32,20.71231517720798,22.559939701738855,1.5,26.62639174419421,26.43860813280457
294,29.9833287011299,26.429148880025192,22.338307903688676,1,0,0,0,0,0,141.21199808219862,8,2.2,0,1,0,0,1024,31.709571965613,37.403208418530085,2.7,34.62657938636157,34.496373576304066
842,29.9833287011299,26.429148880025192,32.31098513719976,1,0,0,0,0,0,157.3505121487356,8,1.7,1,0,0,0,256,31.709571965613,30.935399707564464,2.3,30.166206257996713,29.981994594902375
567,23.643180835073778,38.06006489187098,32.31098513719976,1,1,1,0,0,0,189.90579052433606,4,1.25,0,0,1,0,32,31.709571965613,17.262652202702334,2.0,30.166206257996713,29.981994594902375
282,23.643180835073778,26.429148880025192,32.31098513719976,1,1,0,0,0,0,141.21199808219862,8,2.2,0,1,0,0,1024,31.709571965613,37.403208418530085,1.8,34.62657938636157,34.496373576304066
936,31.622776601683793,38.66522985836241,32.31098513719976,0,0,1,0,0,1,276.053530085501,8,1.39,1,0,0,0,256,31.709571965613,37.403208418530085,2.7,30.166206257996713,29.981994594902375
215,23.643180835073778,26.429148880025192,22.86897461627871,1,0,0,0,0,0,141.21199808219862,8,2.4,0,1,0,0,1024,31.709571965613,37.403208418530085,2.8,34.62657938636157,34.496373576304066
1027,31.622776601683793,38.66522985836241,32.31098513719976,1,0,0,0,0,0,157.3505121487356,8,1.54,1,0,0,0,256,31.709571965613,37.403208418530085,2.5,30.166206257996713,29.981994594902375
771,43.18883519778635,38.66522985836241,19.23143027588268,0,0,1,0,0,0,234.50740003017813,8,1.1,1,0,0,0,256,31.709571965613,30.935399707564464,1.2,30.166206257996713,29.981994594902375
1254,31.622776601683793,38.66522985836241,37.900584364392415,0,0,0,0,0,0,209.8006828649808,8,1.54,1,0,0,0,256,31.709571965613,37.403208418530085,2.5,30.166206257996713,29.981994594902375
1171,31.495835455754325,38.5586566156032,32.31098513719976,1,0,0,0,0,0,141.21199808219862,8,2.62,0,1,0,0,1024,31.709571965613,37.403208418530085,2.8,34.62657938636157,34.496373576304066
224,31.495835455754325,38.06006489187098,32.31098513719976,1,0,1,0,0,0,165.6321180513006,16,1.62,1,0,0,0,512,31.709571965613,37.403208418530085,1.8,30.166206257996713,29.981994594902375
13,35.76310948449533,38.66522985836241,38.96857708462037,0,1,0,0,1,0,220.53462386625827,16,1.83,1,0,0,0,256,31.709571965613,37.403208418530085,2.8,26.62639174419421,26.43860813280457
574,27.72557124417076,26.429148880025192,32.31098513719976,0,0,0,0,0,0,100.45466986113651,8,2.2,0,1,0,0,1024,31.709571965613,30.935399707564464,2.5,30.166206257996713,29.981994594902375
341,31.622776601683793,26.429148880025192,32.31098513719976,1,0,0,0,0,0,157.3505121487356,8,1.48,1,0,0,0,256,31.709571965613,30.935399707564464,2.6,30.166206257996713,29.981994594902375
835,30.740852297878796,38.06006489187098,32.31098513719976,1,0,1,0,0,0,165.6321180513006,8,1.1,1,0,0,0,256,31.709571965613,30.935399707564464,2.5,30.166206257996713,29.981994594902375
828,31.495835455754325,26.429148880025192,32.31098513719976,0,0,0,0,0,0,111.93520355955211,4,1.76,0,1,0,0,500,31.709571965613,30.935399707564464,2.3,30.166206257996713,29.981994594902375
1252,35.76310948449533,38.66522985836241,33.62697735923071,0,0,0,0,0,0,135.0942111925629,4,1.08,0,0,1,0,256,31.709571965613,30.935399707564464,1.6,30.166206257996713,29.981994594902375
386,31.622776601683793,38.5586566156032,32.31098513719976,1,1,0,0,0,0,127.33567457123111,8,3.35,1,1,0,0,1152,31.709571965613,37.403208418530085,2.8,34.62657938636157,34.496373576304066
327,30.740852297878796,26.429148880025192,32.31098513719976,1,0,0,0,0,0,157.3505121487356,8,2.0,1,0,0,0,256,31.709571965613,37.403208418530085,2.7,30.166206257996713,29.981994594902375
1200,31.495835455754325,26.429148880025192,22.86897461627871,1,0,0,0,0,0,141.21199808219862,8,1.98,1,0,0,0,256,31.709571965613,37.403208418530085,2.7,34.62657938636157,34.496373576304066
768,23.643180835073778,26.429148880025192,32.31098513719976,0,0,0,0,0,0,100.45466986113651,4,2.1,1,0,0,0,256,31.709571965613,30.935399707564464,2.5,30.166206257996713,29.981994594902375
964,31.622776601683793,44.44097208657794,32.31098513719976,1,1,0,0,0,0,141.21199808219862,8,2.0,1,0,0,0,8,31.709571965613,37.403208418530085,2.7,34.62657938636157,45.49881984843928
694,31.622776601683793,26.429148880025192,32.31098513719976,0,0,0,0,0,0,100.45466986113651,4,1.86,0,1,0,0,500,31.709571965613,30.935399707564464,2.5,26.62639174419421,26.43860813280457
985,31.495835455754325,38.66522985836241,32.31098513719976,0,0,1,0,0,0,209.8006828649808,8,1.5,1,0,0,0,256,31.709571965613,37.403208418530085,2.6,30.166206257996713,29.981994594902375
915,29.9833287011299,38.66522985836241,32.31098513719976,1,1,0,0,0,0,157.3505121487356,8,1.13,0,0,1,0,256,31.709571965613,37.403208418530085,2.7,30.166206257996713,29.981994594902375
462,31.495835455754325,38.06006489187098,32.31098513719976,0,0,1,0,0,0,135.0942111925629,4,1.47,0,1,0,0,500,31.709571965613,19.836582366930045,1.6,30.166206257996713,29.981994594902375
620,31.495835455754325,26.429148880025192,22.86897461627871,0,0,0,0,0,0,100.45466986113651,4,2.25,0,1,0,0,1024,31.709571965613,22.338307903688676,2.0,30.166206257996713,29.981994594902375
932,31.495835455754325,38.5586566156032,32.31098513719976,1,0,0,0,0,0,141.21199808219862,16,2.6,1,1,0,0,1152,31.709571965613,37.403208418530085,2.8,34.62657938636157,34.496373576304066
128,31.622776601683793,26.429148880025192,22.338307903688676,0,0,0,0,0,0,100.45466986113651,4,1.86,0,1,0,0,500,31.709571965613,17.262652202702334,1.6,30.166206257996713,29.981994594902375
184,31.495835455754325,26.429148880025192,22.86897461627871,1,0,0,0,0,0,141.21199808219862,16,2.02,1,1,0,0,2304,31.709571965613,37.403208418530085,1.8,26.62639174419421,26.43860813280457
1146,29.9833287011299,38.06006489187098,37.900584364392415,1,1,1,0,0,0,157.3505121487356,8,1.8,1,0,0,0,512,31.709571965613,37.403208418530085,2.6,34.62657938636157,45.49881984843928
458,31.495835455754325,44.44097208657794,32.31098513719976,1,1,0,0,0,0,141.21199808219862,16,2.17,1,0,0,0,256,31.709571965613,37.403208418530085,2.7,34.62657938636157,45.49881984843928
731,31.495835455754325,38.5586566156032,32.31098513719976,0,0,0,1,0,0,254.67134914246222,32,4.36,1,1,0,0,2048,31.709571965613,37.403208418530085,2.8,34.62657938636157,34.496373576304066
241,23.643180835073778,26.429148880025192,22.86897461627871,0,0,0,0,0,0,100.45466986113651,4,2.1,0,1,0,0,1024,31.709571965613,22.338307903688676,2.0,30.166206257996713,29.981994594902375
465,36.60601043544625,38.66522985836241,31.448370387032774,0,0,1,0,0,0,200.84255993695703,8,1.25,1,0,0,0,256,31.709571965613,37.403208418530085,2.5,30.166206257996713,42.41462012089699
739,31.495835455754325,26.429148880025192,32.31098513719976,0,0,0,0,0,0,100.45466986113651,12,2.25,0,1,0,0,1024,31.709571965613,30.935399707564464,2.5,30.166206257996713,29.981994594902375
1060,31.622776601683793,26.429148880025192,37.900584364392415,1,0,0,0,0,0,157.3505121487356,8,1.43,1,0,0,0,256,31.709571965613,30.935399707564464,2.3,30.166206257996713,29.981994594902375
235,30.740852297878796,26.429148880025192,32.31098513719976,0,0,0,0,0,0,100.45466986113651,4,2.37,0,1,0,0,1024,31.709571965613,22.338307903688676,2.4,30.166206257996713,29.981994594902375
1280,31.495835455754325,26.429148880025192,32.31098513719976,0,0,0,0,0,0,100.45466986113651,6,2.3,0,1,0,0,1024,31.709571965613,22.338307903688676,2.4,30.166206257996713,29.981994594902375
525,31.622776601683793,26.429148880025192,32.31098513719976,1,0,0,0,0,0,141.21199808219862,8,2.04,1,0,0,0,256,31.709571965613,30.935399707564464,2.5,34.62657938636157,34.496373576304066
970,31.495835455754325,38.06006489187098,32.31098513719976,1,0,1,0,0,0,165.6321180513006,8,1.24,1,0,0,0,256,31.709571965613,30.935399707564464,1.2,30.166206257996713,29.981994594902375
505,29.9833287011299,26.429148880025192,32.31098513719976,1,1,0,0,0,0,165.6321180513006,8,1.4,1,0,0,0,256,31.709571965613,22.338307903688676,2.4,30.166206257996713,29.981994594902375
464,36.60601043544625,38.66522985836241,31.448370387032774,0,0,1,0,0,0,200.84255993695703,4,1.252,1,0,0,0,128,31.709571965613,28.656702349893948,2.2,30.166206257996713,29.981994594902375
935,31.622776601683793,38.66522985836241,32.31098513719976,1,0,0,0,0,0,141.21199808219862,8,1.84,1,0,0,0,256,31.709571965613,37.403208418530085,2.5,26.62639174419421,26.43860813280457
677,23.643180835073778,26.429148880025192,22.86897461627871,0,0,0,0,0,0,100.45466986113651,4,2.1,1,0,0,0,128,31.709571965613,22.338307903688676,2.0,30.166206257996713,29.981994594902375
21,30.740852297878796,17.204625988465878,32.31098513719976,0,0,0,0,0,0,135.0942111925629,2,0.98,0,0,1,0,32,31.709571965613,15.61809486617431,1.44,30.166206257996713,29.981994594902375
142,31.622776601683793,26.429148880025192,32.31098513719976,1,1,0,0,0,0,165.6321180513006,4,1.32,1,0,0,0,256,31.709571965613,30.935399707564464,2.5,30.166206257996713,29.981994594902375
377,23.643180835073778,26.429148880025192,32.31098513719976,0,0,0,0,0,0,100.45466986113651,4,2.1,1,0,0,0,128,20.71231517720798,22.559939701738855,3.0,26.62639174419421,26.43860813280457
116,31.622776601683793,26.429148880025192,32.31098513719976,0,1,0,0,0,0,111.93520355955211,4,1.63,0,1,0,0,500,31.709571965613,30.935399707564464,1.6,30.166206257996713,29.981994594902375
736,31.495835455754325,26.429148880025192,22.86897461627871,0,0,0,0,0,0,100.45466986113651,8,2.32,0,1,0,0,1024,31.709571965613,30.935399707564464,2.5,26.62639174419421,26.43860813280457
1103,31.622776601683793,26.429148880025192,19.23143027588268,0,0,0,0,0,1,276.053530085501,4,1.29,0,0,1,0,32,31.709571965613,19.836582366930045,1.5,30.166206257996713,29.981994594902375
684,30.740852297878796,38.66522985836241,32.31098513719976,1,0,0,0,0,0,157.3505121487356,8,1.1,1,0,0,0,256,31.709571965613,30.935399707564464,2.5,30.166206257996713,29.981994594902375
279,34.56877203488721,26.429148880025192,32.31098513719976,0,0,0,0,0,0,100.45466986113651,8,2.2,0,1,0,0,500,31.709571965613,37.403208418530085,2.5,34.62657938636157,34.496373576304066
1136,31.622776601683793,26.429148880025192,32.31098513719976,1,0,0,0,0,0,165.6321180513006,8,1.16,1,0,0,0,256,31.709571965613,30.935399707564464,2.3,30.166206257996713,29.981994594902375
64,30.740852297878796,26.429148880025192,32.31098513719976,1,0,0,0,0,0,157.3505121487356,8,1.4,1,0,0,0,256,31.709571965613,30.935399707564464,1.6,30.166206257996713,29.981994594902375
528,31.622776601683793,38.66522985836241,32.31098513719976,1,1,0,0,0,0,165.6321180513006,8,1.32,1,0,0,0,256,31.709571965613,37.403208418530085,2.7,30.166206257996713,29.981994594902375
738,23.643180835073778,38.5586566156032,32.31098513719976,1,1,0,0,0,0,127.33567457123111,16,4.2,1,1,0,0,1152,31.709571965613,37.403208418530085,2.6,34.62657938636157,34.496373576304066
261,31.622776601683793,26.429148880025192,32.31098513719976,0,0,0,0,0,0,100.45466986113651,8,1.91,1,0,0,0,128,20.71231517720798,22.559939701738855,2.5,26.62639174419421,26.43860813280457
1297,29.9833287011299,26.429148880025192,32.31098513719976,1,1,0,0,0,0,141.21199808219862,8,2.6,0,1,0,0,1024,31.709571965613,37.403208418530085,2.6,34.62657938636157,34.496373576304066
1188,31.622776601683793,26.429148880025192,32.31098513719976,1,0,0,0,0,0,141.21199808219862,8,1.96,1,0,0,0,256,31.709571965613,37.403208418530085,2.5,30.166206257996713,29.981994594902375
718,29.9833287011299,38.5586566156032,32.31098513719976,1,1,0,0,0,0,141.21199808219862,8,2.5,1,1,0,0,1152,31.709571965613,37.403208418530085,2.8,34.62657938636157,34.496373576304066
432,31.495835455754325,38.5586566156032,32.31098513719976,1,1,0,0,0,0,141.21199808219862,8,2.62,1,1,0,0,1152,31.709571965613,37.403208418530085,2.8,34.62657938636157,34.496373576304066
213,29.9833287011299,26.429148880025192,32.31098513719976,0,0,0,0,0,0,100.45466986113651,8,2.2,1,0,0,0,256,31.709571965613,30.935399707564464,2.5,30.166206257996713,29.981994594902375
773,31.495835455754325,26.429148880025192,32.31098513719976,0,0,0,0,0,0,117.82653006268643,4,1.65,0,1,0,0,500,31.709571965613,22.338307903688676,2.0,30.166206257996713,29.981994594902375
1165,31.495835455754325,26.429148880025192,32.31098513719976,1,0,0,0,0,0,141.21199808219862,8,2.18,1,0,0,0,256,31.709571965613,37.403208418530085,2.7,34.62657938636157,34.496373576304066
775,30.740852297878796,26.429148880025192,32.31098513719976,0,0,0,0,0,0,90.58340172449303,4,2.8,0,1,0,0,1024,31.709571965613,19.836582366930045,1.1,34.62657938636157,34.496373576304066
59,39.09432781989371,38.5586566156032,32.31098513719976,1,0,0,0,0,0,127.33567457123111,16,2.43,1,1,0,0,2304,31.709571965613,37.403208418530085,2.8,34.62657938636157,34.496373576304066
712,29.9833287011299,26.429148880025192,22.338307903688676,0,0,0,0,0,0,100.45466986113651,4,1.9,0,1,0,0,500,31.709571965613,22.338307903688676,2.0,30.166206257996713,29.981994594902375
791,34.56877203488721,38.66522985836241,32.31098513719976,1,1,0,0,0,0,157.3505121487356,16,1.47,1,0,0,0,512,31.709571965613,37.403208418530085,2.6,34.62657938636157,34.496373576304066
571,30.740852297878796,26.429148880025192,32.31098513719976,1,0,0,0,0,0,141.21199808219862,8,2.5,1,1,0,0,1152,31.709571965613,30.935399707564464,2.5,34.62657938636157,34.496373576304066
1277,39.09432781989371,38.5586566156032,32.31098513719976,1,0,0,0,0,0,141.21199808219862,8,2.4,1,1,0,0,1152,31.709571965613,37.403208418530085,2.6,34.62657938636157,34.496373576304066
947,29.9833287011299,38.06006489187098,32.31098513719976,0,1,1,0,0,1,276.053530085501,16,1.3,1,0,0,0,1024,31.709571965613,37.403208418530085,2.2,30.166206257996713,42.41462012089699
1044,31.622776601683793,26.429148880025192,32.31098513719976,0,0,0,0,0,0,111.93520355955211,4,1.64,1,0,0,0,256,31.709571965613,30.935399707564464,2.5,30.166206257996713,29.981994594902375
697,29.9833287011299,26.429148880025192,32.31098513719976,0,0,0,0,0,0,100.45466986113651,4,2.1,0,1,0,0,500,31.709571965613,17.262652202702334,1.6,30.166206257996713,29.981994594902375
591,31.495835455754325,17.204625988465878,19.23143027588268,0,0,0,0,0,0,135.0942111925629,4,1.26,0,0,1,0,16,31.709571965613,17.262652202702334,1.6,30.166206257996713,29.981994594902375
343,31.622776601683793,26.429148880025192,32.31098513719976,1,0,0,0,0,0,141.21199808219862,8,1.84,1,0,0,0,256,31.709571965613,30.935399707564464,2.5,30.166206257996713,29.981994594902375
473,23.643180835073778,26.429148880025192,32.31098513719976,0,0,0,0,0,0,100.45466986113651,4,2.2,0,1,0,0,500,31.709571965613,22.338307903688676,2.0,34.62657938636157,34.496373576304066
243,30.740852297878796,38.5586566156032,32.31098513719976,1,0,0,0,0,0,127.33567457123111,32,4.7,1,1,0,0,1536,31.709571965613,37.403208418530085,2.9,34.62657938636157,34.496373576304066
607,31.622776601683793,26.429148880025192,32.31098513719976,1,0,0,0,0,0,141.21199808219862,8,1.84,1,0,0,0,256,31.709571965613,37.403208418530085,2.7,30.166206257996713,29.981994594902375
89,31.622776601683793,26.429148880025192,32.31098513719976,1,0,0,0,0,0,141.21199808219862,8,1.96,1,0,0,0,256,31.709571965613,30.935399707564464,2.5,30.166206257996713,29.981994594902375
1226,23.643180835073778,26.429148880025192,32.31098513719976,0,0,0,0,0,0,106.11306214269258,8,3.3,0,1,0,0,1024,31.709571965613,22.338307903688676,2.0,34.62657938636157,34.496373576304066
621,31.495835455754325,26.429148880025192,22.86897461627871,0,0,0,0,0,0,100.45466986113651,4,1.93,0,1,0,0,500,31.709571965613,30.935399707564464,2.6,30.166206257996713,29.981994594902375
102,31.622776601683793,38.5586566156032,32.31098513719976,1,1,0,0,0,0,141.21199808219862,12,2.62,1,1,0,0,1152,31.709571965613,37.403208418530085,2.8,34.62657938636157,34.496373576304066
1256,39.09432781989371,38.5586566156032,32.31098513719976,1,0,0,0,0,0,141.21199808219862,8,2.3,1,1,0,0,1152,31.709571965613,37.403208418530085,2.6,34.62657938636157,34.496373576304066
242,30.740852297878796,26.429148880025192,32.31098513719976,1,0,0,0,0,0,141.21199808219862,4,2.2,1,1,0,0,1152,20.71231517720798,22.559939701738855,2.5,26.62639174419421,26.43860813280457
522,30.740852297878796,17.204625988465878,32.31098513719976,0,0,0,0,0,0,135.0942111925629,2,1.1,0,0,1,0,32,31.709571965613,17.262652202702334,1.1,30.166206257996713,29.981994594902375
584,29.9833287011299,38.5586566156032,32.31098513719976,1,1,0,0,0,0,127.33567457123111,32,4.6,1,1,0,0,1280,31.709571965613,37.403208418530085,2.7,34.62657938636157,34.496373576304066
1040,31.622776601683793,26.429148880025192,32.31098513719976,0,0,0,0,0,0,111.93520355955211,4,2.31,0,1,0,0,500,31.709571965613,30.935399707564464,2.5,30.166206257996713,29.981994594902375
1012,30.740852297878796,38.5586566156032,32.31098513719976,1,0,0,0,0,0,141.21199808219862,16,2.5,1,1,0,0,1280,31.709571965613,37.403208418530085,2.8,34.62657938636157,34.496373576304066
336,39.09432781989371,38.5586566156032,32.31098513719976,1,0,0,0,0,0,127.33567457123111,8,2.7,1,1,0,0,1280,31.709571965613,37.403208418530085,2.8,34.62657938636157,34.496373576304066
552,31.622776601683793,26.429148880025192,32.31098513719976,1,0,0,0,0,0,141.21199808219862,4,2.1,1,0,0,0,128,31.709571965613,22.338307903688676,2.4,30.166206257996713,29.981994594902375
854,31.622776601683793,38.66522985836241,37.900584364392415,1,0,0,0,0,0,157.3505121487356,8,1.54,1,0,0,0,512,31.709571965613,37.403208418530085,2.5,30.166206257996713,29.981994594902375
518,23.643180835073778,26.429148880025192,32.31098513719976,1,0,0,0,0,0,141.21199808219862,4,2.2,0,1,0,0,500,31.709571965613,37.403208418530085,2.7,34.62657938636157,34.496373576304066
575,29.9833287011299,26.429148880025192,32.31098513719976,1,0,0,0,0,0,141.21199808219862,4,2.2,0,1,0,0,500,31.709571965613,19.836582366930045,1.1,30.166206257996713,29.981994594902375
185,31.495835455754325,38.66522985836241,32.31098513719976,1,0,0,0,0,0,165.6321180513006,8,1.23,1,0,0,0,256,31.709571965613,30.935399707564464,1.6,30.166206257996713,29.981994594902375
123,23.643180835073778,26.429148880025192,32.31098513719976,1,1,1,0,0,0,141.21199808219862,6,2.1,0,1,0,0,1024,31.709571965613,22.338307903688676,2.4,30.166206257996713,29.981994594902375
1043,31.622776601683793,26.429148880025192,32.31098513719976,1,0,0,0,0,0,127.33567457123111,8,2.63,1,0,0,0,256,31.709571965613,30.935399707564464,2.5,34.62657938636157,34.496373576304066
761,30.740852297878796,26.429148880025192,22.338307903688676,0,0,0,0,0,0,100.45466986113651,4,2.45,0,1,0,0,1024,31.709571965613,30.935399707564464,2.3,34.62657938636157,34.496373576304066
633,17.58904606748493,26.429148880025192,32.31098513719976,1,0,0,0,0,0,157.3505121487356,2,1.4,0,0,1,0,32,31.709571965613,15.61809486617431,1.44,30.166206257996713,29.981994594902375
976,23.643180835073778,26.429148880025192,32.31098513719976,1,0,0,0,0,0,141.21199808219862,12,2.4,1,1,0,0,1152,31.709571965613,30.935399707564464,2.5,34.62657938636157,34.496373576304066
1261,31.495835455754325,38.06006489187098,32.31098513719976,1,0,1,0,0,0,127.33567457123111,16,2.77,1,0,0,0,512,31.709571965613,37.403208418530085,2.7,34.62657938636157,34.496373576304066
1279,30.740852297878796,38.66522985836241,32.31098513719976,1,1,0,0,0,0,165.6321180513006,8,1.2,1,0,0,0,512,31.709571965613,22.559939701738855,0.9,30.166206257996713,29.981994594902375
1054,29.9833287011299,38.06006489187098,32.31098513719976,1,1,1,0,0,0,141.21199808219862,4,1.8,1,0,0,0,256,31.709571965613,37.403208418530085,2.5,30.166206257996713,29.981994594902375
603,29.9833287011299,38.06006489187098,32.31098513719976,1,1,1,0,0,0,165.6321180513006,8,1.37,1,0,0,0,512,31.709571965613,37.403208418530085,2.7,30.166206257996713,29.981994594902375
1285,31.495835455754325,26.429148880025192,22.86897461627871,0,0,0,0,0,0,100.45466986113651,8,2.3,0,1,0,0,1024,31.709571965613,37.403208418530085,2.7,26.62639174419421,26.43860813280457
306,30.740852297878796,38.5586566156032,32.31098513719976,1,0,0,0,0,0,127.33567457123111,16,2.9,1,1,0,0,1280,31.709571965613,37.403208418530085,2.8,34.62657938636157,34.496373576304066
1030,31.622776601683793,26.429148880025192,32.31098513719976,0,0,0,0,0,0,100.45466986113651,4,2.04,1,0,0,0,256,31.709571965613,22.338307903688676,2.4,30.166206257996713,29.981994594902375
538,34.56877203488721,26.429148880025192,32.31098513719976,1,1,0,0,0,0,141.21199808219862,8,2.0,0,1,0,0,500,31.709571965613,30.935399707564464,2.5,30.166206257996713,29.981994594902375
1061,39.09432781989371,38.5586566156032,32.31098513719976,1,1,0,0,0,0,127.33567457123111,16,3.78,1,1,0,0,1280,31.709571965613,37.403208418530085,2.7,34.62657938636157,34.496373576304066
674,31.495835455754325,26.429148880025192,32.31098513719976,1,0,0,0,0,0,141.21199808219862,8,2.06,0,1,0,0,1024,31.709571965613,30.935399707564464,2.5,30.166206257996713,29.981994594902375
855,31.495835455754325,26.429148880025192,32.31098513719976,1,0,0,0,0,0,141.21199808219862,4,2.18,1,0,0,0,256,31.709571965613,37.403208418530085,2.7,26.62639174419421,26.43860813280457
347,29.9833287011299,26.429148880025192,32.31098513719976,1,0,0,0,0,0,141.21199808219862,12,2.2,0,1,0,0,2048,20.71231517720798,22.559939701738855,3.6,26.62639174419421,26.43860813280457
1271,29.9833287011299,26.429148880025192,32.31098513719976,1,1,0,0,0,0,157.3505121487356,8,1.9,1,0,0,0,256,31.709571965613,30.935399707564464,2.3,30.166206257996713,29.981994594902375
623,31.495835455754325,26.429148880025192,22.86897461627871,1,0,0,0,0,0,141.21199808219862,4,2.18,1,0,0,0,128,31.709571965613,30.935399707564464,2.5,26.62639174419421,26.43860813280457
1083,31.495835455754325,38.5586566156032,32.31098513719976,0,0,0,1,0,0,282.42399616439724,16,3.21,1,1,0,0,1280,31.709571965613,37.403208418530085,2.6,34.62657938636157,34.496373576304066
961,29.9833287011299,26.429148880025192,22.338307903688676,1,0,0,0,0,0,141.21199808219862,8,2.2,0,1,0,0,1024,31.709571965613,37.403208418530085,2.7,34.62657938636157,34.496373576304066
1290,29.9833287011299,26.429148880025192,32.31098513719976,0,0,0,0,0,0,111.93520355955211,2,1.5,0,0,1,0,64,31.709571965613,17.262652202702334,1.6,30.166206257996713,29.981994594902375
176,29.9833287011299,26.429148880025192,22.338307903688676,0,0,0,0,0,0,100.45466986113651,4,2.2,0,1,0,0,500,20.71231517720798,22.559939701738855,2.9,26.62639174419421,26.43860813280457
434,31.495835455754325,38.66522985836241,22.86897461627871,1,0,0,0,0,0,157.3505121487356,8,1.6,1,0,0,0,256,31.709571965613,37.403208418530085,2.8,30.166206257996713,29.981994594902375
592,39.09432781989371,38.5586566156032,32.31098513719976,1,0,0,0,0,0,127.33567457123111,16,4.5,1,1,0,0,1152,31.709571965613,37.403208418530085,2.7,34.62657938636157,34.496373576304066
362,29.9833287011299,26.429148880025192,22.338307903688676,0,0,0,0,0,0,100.45466986113651,4,2.2,0,1,0,0,1024,31.709571965613,17.262652202702334,1.1,30.166206257996713,29.981994594902375
92,30.740852297878796,38.5586566156032,32.31098513719976,1,0,0,0,0,0,141.21199808219862,8,2.45,0,1,0,0,1024,20.71231517720798,22.559939701738855,3.0,26.62639174419421,26.43860813280457
37,23.643180835073778,26.429148880025192,22.86897461627871,0,0,0,0,0,0,100.45466986113651,4,2.1,0,1,0,0,1024,31.709571965613,22.338307903688676,2.7,30.166206257996713,29.981994594902375
61,31.495835455754325,26.429148880025192,32.31098513719976,1,0,0,0,0,0,127.33567457123111,16,2.8,1,1,0,0,2304,31.709571965613,37.403208418530085,1.8,26.62639174419421,26.43860813280457
1074,31.622776601683793,26.429148880025192,32.31098513719976,1,0,0,0,0,0,141.21199808219862,8,2.04,1,0,0,0,256,31.709571965613,37.403208418530085,2.7,30.166206257996713,29.981994594902375
1315,30.740852297878796,26.429148880025192,32.31098513719976,0,0,0,0,0,0,100.45466986113651,4,2.2,0,1,0,0,500,31.709571965613,37.403208418530085,2.5,34.62657938636157,34.496373576304066
951,39.09432781989371,38.5586566156032,32.31098513719976,1,0,0,0,0,0,141.21199808219862,8,2.2,1,1,0,0,1152,31.709571965613,37.403208418530085,2.8,34.62657938636157,34.496373576304066
670,29.9833287011299,26.429148880025192,32.31098513719976,1,0,0,0,0,0,141.21199808219862,4,2.2,0,1,0,0,500,31.709571965613,30.935399707564464,2.3,30.166206257996713,29.981994594902375
1002,31.495835455754325,26.429148880025192,32.31098513719976,0,0,0,0,0,0,100.45466986113651,8,2.36,0,1,0,0,1024,31.709571965613,37.403208418530085,2.7,26.62639174419421,26.43860813280457
657,29.9833287011299,38.66522985836241,32.31098513719976,1,1,0,0,0,0,176.23257360658386,8,1.36,1,0,0,0,256,31.709571965613,37.403208418530085,2.7,30.166206257996713,29.981994594902375
595,29.9833287011299,26.429148880025192,32.31098513719976,0,0,1,0,0,0,100.45466986113651,12,2.2,0,1,0,0,1024,31.709571965613,37.403208418530085,1.8,30.166206257996713,29.981994594902375
144,29.9833287011299,26.429148880025192,32.31098513719976,1,1,0,0,0,0,157.3505121487356,8,1.75,1,0,0,0,256,31.709571965613,30.935399707564464,1.6,26.62639174419421,26.43860813280457
972,31.495835455754325,38.66522985836241,32.31098513719976,0,0,0,0,0,1,276.053530085501,8,1.3,1,0,0,0,256,31.709571965613,37.403208418530085,2.5,30.166206257996713,29.981994594902375
995,34.56877203488721,26.429148880025192,37.900584364392415,1,0,0,0,0,0,165.6321180513006,4,1.2,1,0,0,0,128,31.709571965613,30.935399707564464,2.3,30.166206257996713,29.981994594902375
318,23.643180835073778,26.429148880025192,32.31098513719976,1,0,0,0,0,0,141.21199808219862,8,2.23,1,0,0,0,256,20.71231517720798,22.559939701738855,2.2,26.62639174419421,26.43860813280457
1056,34.56877203488721,26.429148880025192,32.31098513719976,1,1,0,0,0,0,141.21199808219862,16,2.4,1,0,0,0,256,31.709571965613,37.403208418530085,2.5,34.62657938636157,34.496373576304066
840,29.9833287011299,38.66522985836241,32.31098513719976,0,1,0,0,0,1,209.8006828649808,16,1.1,1,0,0,0,512,31.709571965613,37.403208418530085,2.6,30.166206257996713,29.981994594902375
619,31.495835455754325,26.429148880025192,22.86897461627871,0,0,0,0,0,0,100.45466986113651,4,2.18,0,1,0,0,1024,31.709571965613,22.338307903688676,2.0,30.166206257996713,29.981994594902375
447,29.9833287011299,26.429148880025192,32.31098513719976,0,0,0,0,0,0,106.11306214269258,8,2.8,0,1,0,0,1024,20.71231517720798,22.559939701738855,2.5,26.62639174419421,26.43860813280457
780,41.2189276910499,38.06006489187098,32.31098513719976,1,0,1,0,0,0,146.86047800548656,16,1.71,1,0,0,0,256,31.709571965613,37.403208418530085,2.7,26.62639174419421,26.43860813280457
654,23.643180835073778,38.66522985836241,32.31098513719976,1,1,0,0,0,0,157.3505121487356,8,1.8,1,0,0,0,256,31.709571965613,30.935399707564464,2.5,30.166206257996713,28.513154858766505
838,23.643180835073778,26.429148880025192,32.31098513719976,1,1,0,0,0,0,157.3505121487356,8,1.5,1,0,0,0,128,31.709571965613,22.338307903688676,2.4,30.166206257996713,29.981994594902375
655,52.411375445005376,38.5586566156032,32.31098513719976,1,0,0,0,0,0,157.3505121487356,16,1.95,1,0,0,0,256,31.709571965613,37.403208418530085,2.8,34.62657938636157,34.496373576304066
384,30.740852297878796,26.429148880025192,32.31098513719976,0,0,0,0,0,0,111.93520355955211,4,1.5,0,0,1,0,32,31.709571965613,17.262652202702334,1.1,30.166206257996713,29.981994594902375
813,31.495835455754325,17.204625988465878,32.31098513719976,0,0,0,0,0,0,135.0942111925629,4,1.63,1,0,0,0,128,31.709571965613,19.836582366930045,1.1,30.166206257996713,29.981994594902375
1038,31.495835455754325,26.429148880025192,32.31098513719976,1,0,0,0,0,0,141.21199808219862,8,2.09,0,1,0,0,500,31.709571965613,30.935399707564464,2.4,30.166206257996713,29.981994594902375
1232,30.740852297878796,38.5586566156032,32.31098513719976,1,0,0,0,0,0,127.33567457123111,16,2.9,1,1,0,0,1280,31.709571965613,37.403208418530085,2.8,34.62657938636157,34.496373576304066
808,31.495835455754325,26.429148880025192,32.31098513719976,1,0,0,0,0,0,141.21199808219862,8,2.0,1,0,0,0,256,31.709571965613,22.338307903688676,2.0,26.62639174419421,26.43860813280457
509,29.9833287011299,38.06006489187098,32.31098513719976,1,1,1,0,0,0,158.48253022174808,8,1.4,1,0,0,0,256,31.709571965613,30.935399707564464,1.6,30.166206257996713,29.981994594902375
366,31.622776601683793,26.429148880025192,32.31098513719976,0,0,0,0,0,0,100.45466986113651,4,1.86,0,1,0,0,500,31.709571965613,22.338307903688676,2.0,30.166206257996713,29.981994594902375
267,31.622776601683793,26.429148880025192,32.31098513719976,1,1,0,0,0,0,141.21199808219862,4,2.1,0,1,0,0,500,31.709571965613,30.935399707564464,1.6,30.166206257996713,29.981994594902375
1228,35.76310948449533,38.66522985836241,33.62697735923071,0,1,0,0,1,0,226.41554716935852,8,0.92,0,0,1,0,512,31.709571965613,22.559939701738855,1.2,30.166206257996713,29.981994594902375
112,29.9833287011299,26.429148880025192,32.31098513719976,1,1,0,0,0,0,157.3505121487356,8,1.58,1,0,0,0,256,31.709571965613,37.403208418530085,2.7,30.166206257996713,29.981994594902375
354,30.740852297878796,38.06006489187098,32.31098513719976,0,0,1,0,0,0,135.0942111925629,4,1.5,0,0,1,0,32,31.709571965613,17.262652202702334,1.1,30.166206257996713,29.981994594902375
792,29.9833287011299,26.429148880025192,22.338307903688676,0,0,0,0,0,0,100.45466986113651,8,2.2,0,1,0,0,1024,31.709571965613,17.262652202702334,1.6,30.166206257996713,29.981994594902375
2,35.76310948449533,38.66522985836241,38.96857708462037,0,0,0,0,0,0,127.67794013309688,8,1.34,0,0,1,0,128,31.709571965613,30.935399707564464,1.8,30.166206257996713,29.981994594902375
616,23.643180835073778,26.429148880025192,32.31098513719976,0,0,0,0,0,0,111.93520355955211,4,1.6,0,0,1,0,128,31.709571965613,19.836582366930045,1.6,30.166206257996713,29.981994594902375
1197,31.622776601683793,26.429148880025192,32.31098513719976,0,0,0,0,0,0,100.45466986113651,4,2.07,0,1,0,0,500,31.709571965613,22.338307903688676,2.3,30.166206257996713,29.981994594902375
610,39.09432781989371,38.5586566156032,32.31098513719976,1,0,0,0,0,0,127.33567457123111,16,4.14,1,1,0,0,1152,31.709571965613,37.403208418530085,2.7,34.62657938636157,34.496373576304066
894,29.9833287011299,26.429148880025192,32.31098513719976,1,1,0,0,0,0,141.21199808219862,8,2.2,0,1,0,0,1024,31.709571965613,37.403208418530085,2.5,34.62657938636157,34.496373576304066
204,31.495835455754325,38.5586566156032,32.31098513719976,0,1,0,1,0,0,282.42399616439724,16,2.65,1,1,0,0,1536,31.709571965613,37.403208418530085,2.8,34.62657938636157,34.496373576304066
924,31.622776601683793,38.66522985836241,32.31098513719976,0,0,1,1,0,0,352.4651472131677,8,1.09,1,0,0,0,240,31.709571965613,22.559939701738855,1.2,30.166206257996713,29.981994594902375
644,31.495835455754325,38.66522985836241,32.31098513719976,0,0,1,0,0,1,276.053530085501,8,1.23,1,0,0,0,256,31.709571965613,30.935399707564464,1.6,30.166206257996713,29.981994594902375
568,29.9833287011299,26.429148880025192,32.31098513719976,1,0,0,0,0,0,141.21199808219862,4,2.05,1,0,0,0,128,31.709571965613,22.338307903688676,2.7,30.166206257996713,29.981994594902375
1263,30.740852297878796,38.5586566156032,32.31098513719976,1,1,0,0,0,0,141.21199808219862,16,2.5,1,1,0,0,1280,31.709571965613,37.403208418530085,2.8,34.62657938636157,34.496373576304066
23,31.622776601683793,26.429148880025192,22.338307903688676,0,0,0,0,0,0,100.45466986113651,4,1.86,0,1,0,0,500,20.71231517720798,22.559939701738855,1.5,26.62639174419421,26.43860813280457
5,35.76310948449533,38.66522985836241,38.96857708462037,0,1,0,0,1,0,226.98300468106115,8,1.37,1,0,0,0,256,31.709571965613,30.935399707564464,3.1,30.166206257996713,42.41462012089699
255,31.495835455754325,38.06006489187098,32.31098513719976,1,1,1,0,0,0,141.21199808219862,8,2.08,0,1,0,0,1024,31.709571965613,37.403208418530085,1.8,30.166206257996713,29.981994594902375
440,29.9833287011299,44.44097208657794,32.31098513719976,0,1,0,1,0,0,282.42399616439724,16,2.3,1,0,0,0,512,31.709571965613,37.403208418530085,2.8,34.62657938636157,34.496373576304066
166,31.495835455754325,26.429148880025192,32.31098513719976,1,0,0,0,0,0,141.21199808219862,8,2.13,1,0,0,0,256,31.709571965613,30.935399707564464,1.6,26.62639174419421,26.43860813280457
470,29.9833287011299,26.429148880025192,22.338307903688676,1,1,0,0,0,0,157.3505121487356,8,1.5,1,0,0,0,512,31.709571965613,37.403208418530085,2.7,26.62639174419421,26.43860813280457
236,31.622776601683793,26.429148880025192,32.31098513719976,0,0,0,0,0,0,100.45466986113651,4,2.1,0,1,0,0,500,20.71231517720798,22.559939701738855,1.5,26.62639174419421,26.43860813280457
431,31.495835455754325,38.5586566156032,32.31098513719976,0,1,0,0,0,0,169.78089942830815,16,4.42,1,1,0,0,1280,31.709571965613,37.403208418530085,2.9,34.62657938636157,34.496373576304066
387,29.9833287011299,26.429148880025192,22.338307903688676,1,0,0,0,0,0,141.21199808219862,4,1.85,1,0,0,0,128,31.709571965613,22.338307903688676,2.0,30.166206257996713,29.981994594902375
978,31.622776601683793,26.429148880025192,32.31098513719976,0,0,0,0,0,0,100.45466986113651,8,2.04,0,1,0,0,1024,31.709571965613,30.935399707564464,2.5,34.62657938636157,34.496373576304066
136,23.643180835073778,26.429148880025192,32.31098513719976,1,0,0,0,0,0,141.21199808219862,4,2.2,1,0,0,0,256,31.709571965613,22.338307903688676,2.7,34.62657938636157,34.496373576304066
475,31.622776601683793,38.5586566156032,32.31098513719976,1,1,0,0,0,0,127.33567457123111,12,3.78,0,1,0,0,1024,31.709571965613,37.403208418530085,2.8,34.62657938636157,34.496373576304066
270,31.495835455754325,38.06006489187098,32.31098513719976,1,0,1,0,0,0,141.21199808219862,8,2.67,1,0,0,0,256,31.709571965613,30.935399707564464,1.6,30.166206257996713,29.981994594902375
339,29.9833287011299,26.429148880025192,32.31098513719976,1,0,0,0,0,0,141.21199808219862,4,1.85,0,1,0,0,1024,31.709571965613,22.338307903688676,2.0,30.166206257996713,29.981994594902375
1114,30.740852297878796,38.5586566156032,32.31098513719976,1,1,0,0,0,0,127.33567457123111,16,4.3,1,1,0,0,1152,31.709571965613,37.403208418530085,2.6,34.62657938636157,34.496373576304066
493,31.495835455754325,44.44097208657794,32.31098513719976,1,1,0,0,0,0,141.21199808219862,16,2.17,1,0,0,0,512,31.709571965613,37.403208418530085,2.7,34.62657938636157,45.49881984843928
197,29.9833287011299,26.429148880025192,22.338307903688676,0,0,0,0,0,0,106.11306214269258,8,2.8,1,0,0,0,256,31.709571965613,30.935399707564464,1.6,34.62657938636157,34.496373576304066
427,29.9833287011299,38.06006489187098,32.31098513719976,0,1,1,1,0,0,282.42399616439724,16,2.0,1,0,0,0,512,31.709571965613,37.403208418530085,2.8,34.62657938636157,34.496373576304066
748,31.495835455754325,26.429148880025192,32.31098513719976,1,0,0,0,0,0,141.21199808219862,8,2.0,1,1,0,0,1152,31.709571965613,37.403208418530085,2.7,34.62657938636157,34.496373576304066
78,29.9833287011299,26.429148880025192,22.338307903688676,1,0,0,0,0,0,141.21199808219862,8,2.2,0,1,0,0,2048,31.709571965613,30.935399707564464,2.5,30.166206257996713,29.981994594902375
788,30.740852297878796,26.429148880025192,32.31098513719976,0,0,0,0,0,0,141.21199808219862,8,2.0,1,0,0,0,128,31.709571965613,19.836582366930045,1.1,30.166206257996713,29.981994594902375
376,30.740852297878796,38.06006489187098,32.31098513719976,1,0,1,0,0,0,141.21199808219862,12,2.26,1,1,0,0,2560,31.709571965613,37.403208418530085,2.7,34.62657938636157,34.496373576304066
984,31.495835455754325,38.06006489187098,32.31098513719976,0,0,1,0,0,1,276.053530085501,16,1.22,1,0,0,0,512,31.709571965613,37.403208418530085,1.3,30.166206257996713,29.981994594902375
1125,31.622776601683793,26.429148880025192,32.31098513719976,0,0,1,0,0,1,276.053530085501,8,1.16,1,0,0,0,256,31.709571965613,22.559939701738855,1.1,30.166206257996713,29.981994594902375
749,31.495835455754325,26.429148880025192,32.31098513719976,0,0,0,0,0,0,100.45466986113651,8,2.0,1,0,0,0,256,31.709571965613,22.338307903688676,2.0,30.166206257996713,29.981994594902375
1147,30.740852297878796,26.429148880025192,32.31098513719976,0,0,0,0,0,0,111.93520355955211,4,1.5,0,0,1,0,32,31.709571965613,17.262652202702334,1.1,30.166206257996713,29.981994594902375
373,29.9833287011299,38.5586566156032,22.338307903688676,1,1,0,0,0,0,141.21199808219862,8,2.4,1,1,0,0,1152,31.709571965613,30.935399707564464,2.5,34.62657938636157,34.496373576304066
151,39.09432781989371,38.5586566156032,32.31098513719976,1,0,0,0,0,0,127.33567457123111,16,2.9,1,1,0,0,1280,31.709571965613,37.403208418530085,2.8,34.62657938636157,34.496373576304066
1129,29.9833287011299,38.06006489187098,23.430749027719962,0,1,1,0,0,0,224.17380907857276,4,0.69,0,0,1,0,64,31.709571965613,15.61809486617431,1.44,30.166206257996713,29.981994594902375
488,31.495835455754325,26.429148880025192,32.31098513719976,0,0,0,0,0,0,100.45466986113651,4,2.18,0,1,0,0,1024,31.709571965613,22.338307903688676,2.4,30.166206257996713,29.981994594902375
1207,23.643180835073778,38.5586566156032,32.31098513719976,1,1,0,0,0,0,127.33567457123111,16,4.2,1,1,0,0,1280,31.709571965613,37.403208418530085,2.8,34.62657938636157,34.496373576304066
895,31.495835455754325,26.429148880025192,32.31098513719976,0,0,0,0,0,0,100.45466986113651,4,2.2,0,1,0,0,500,31.709571965613,19.836582366930045,1.6,30.166206257996713,29.981994594902375
228,31.622776601683793,26.429148880025192,32.31098513719976,1,0,0,0,0,0,141.21199808219862,8,2.1,0,1,0,0,1024,31.709571965613,30.935399707564464,1.6,30.166206257996713,29.981994594902375
1130,31.495835455754325,38.66522985836241,32.31098513719976,1,0,0,0,0,0,165.6321180513006,8,1.23,1,0,0,0,256,31.709571965613,37.403208418530085,2.4,30.166206257996713,42.41462012089699
1229,30.740852297878796,26.429148880025192,32.31098513719976,1,0,0,0,0,0,141.21199808219862,16,2.2,1,1,0,0,1152,31.709571965613,37.403208418530085,2.8,34.62657938636157,34.496373576304066
727,31.622776601683793,26.429148880025192,32.31098513719976,1,0,0,0,0,0,127.33567457123111,8,2.63,1,0,0,0,256,31.709571965613,37.403208418530085,2.7,34.62657938636157,34.496373576304066
1048,31.622776601683793,26.429148880025192,32.31098513719976,1,0,0,0,0,0,141.21199808219862,8,1.84,1,0,0,0,256,31.709571965613,37.403208418530085,2.5,30.166206257996713,29.981994594902375
647,31.495835455754325,26.429148880025192,32.31098513719976,0,0,1,1,0,0,282.42399616439724,16,2.06,1,0,0,0,1024,31.709571965613,37.403208418530085,2.8,34.62657938636157,34.496373576304066
148,30.740852297878796,38.66522985836241,32.31098513719976,1,0,0,0,0,0,157.3505121487356,8,1.25,1,0,0,0,256,31.709571965613,37.403208418530085,1.8,30.166206257996713,29.981994594902375
53,31.622776601683793,26.429148880025192,32.31098513719976,1,0,0,0,0,0,141.21199808219862,4,1.86,1,0,0,0,256,20.71231517720798,22.559939701738855,2.5,26.62639174419421,26.43860813280457
490,15.776564898608315,26.429148880025192,32.31098513719976,1,0,0,0,0,0,141.21199808219862,4,1.89,0,0,1,0,64,31.709571965613,15.61809486617431,1.44,30.166206257996713,29.981994594902375
1166,31.622776601683793,26.429148880025192,37.900584364392415,1,0,0,0,0,0,141.21199808219862,8,1.88,1,0,0,0,256,31.709571965613,30.935399707564464,2.3,30.166206257996713,29.981994594902375
1035,34.56877203488721,38.66522985836241,32.31098513719976,1,0,0,0,0,0,165.6321180513006,8,1.2,1,0,0,0,256,31.709571965613,30.935399707564464,2.3,30.166206257996713,29.981994594902375
1072,31.495835455754325,38.06006489187098,32.31098513719976,1,1,1,0,0,0,165.6321180513006,12,1.6,1,0,0,0,256,31.709571965613,37.403208418530085,2.7,30.166206257996713,29.981994594902375
796,29.9833287011299,38.5586566156032,32.31098513719976,1,1,0,0,0,0,141.21199808219862,4,2.4,0,1,0,0,1024,31.709571965613,37.403208418530085,2.8,34.62657938636157,34.496373576304066
1234,23.643180835073778,26.429148880025192,32.31098513719976,0,0,0,0,0,0,106.11306214269258,4,3.3,0,1,0,0,1024,31.709571965613,22.338307903688676,2.0,34.62657938636157,34.496373576304066
1091,29.9833287011299,26.429148880025192,32.31098513719976,1,1,0,0,0,0,141.21199808219862,4,2.3,0,1,0,0,1024,31.709571965613,30.935399707564464,2.3,34.62657938636157,34.496373576304066
559,31.495835455754325,38.5586566156032,32.31098513719976,1,1,0,0,0,0,127.33567457123111,16,4.42,1,1,0,0,1280,31.709571965613,37.403208418530085,2.8,34.62657938636157,34.496373576304066
755,31.622776601683793,26.429148880025192,32.31098513719976,1,0,0,0,0,0,141.21199808219862,8,1.86,1,0,0,0,256,31.709571965613,22.338307903688676,2.0,30.166206257996713,29.981994594902375
188,34.62657938636157,26.429148880025192,22.338307903688676,1,1,0,0,0,0,141.21199808219862,8,1.95,1,0,0,0,256,31.709571965613,30.935399707564464,1.6,34.62657938636157,34.496373576304066
847,29.9833287011299,26.429148880025192,19.23143027588268,0,0,0,0,0,0,111.93520355955211,4,1.5,0,0,1,0,16,31.709571965613,17.262652202702334,1.6,30.166206257996713,29.981994594902375
982,31.495835455754325,38.5586566156032,32.31098513719976,1,1,0,0,0,0,127.33567457123111,32,4.42,1,1,0,0,1280,31.709571965613,37.403208418530085,2.8,34.62657938636157,34.496373576304066
669,29.9833287011299,26.429148880025192,32.31098513719976,0,0,0,0,0,0,100.45466986113651,4,2.2,0,1,0,0,500,31.709571965613,17.262652202702334,1.1,30.166206257996713,29.981994594902375
899,23.643180835073778,17.204625988465878,19.23143027588268,0,1,0,0,0,0,135.0942111925629,4,1.25,0,0,1,0,32,31.709571965613,17.262652202702334,1.6,30.166206257996713,29.981994594902375
710,29.9833287011299,26.429148880025192,32.31098513719976,0,0,0,0,0,0,100.45466986113651,8,2.2,0,1,0,0,1024,20.71231517720798,22.559939701738855,3.6,26.62639174419421,26.43860813280457
946,31.622776601683793,26.429148880025192,22.338307903688676,0,0,0,0,0,0,100.45466986113651,4,1.86,0,1,0,0,1024,31.709571965613,17.262652202702334,1.6,30.166206257996713,29.981994594902375
1138,31.495835455754325,26.429148880025192,22.86897461627871,0,0,0,0,0,0,100.45466986113651,4,2.09,0,1,0,0,500,31.709571965613,30.935399707564464,2.3,30.166206257996713,29.981994594902375
650,29.9833287011299,38.66522985836241,32.31098513719976,1,1,0,0,0,0,157.3505121487356,16,1.14,1,0,0,0,512,31.709571965613,37.403208418530085,2.7,30.166206257996713,29.981994594902375
7,35.76310948449533,38.66522985836241,33.62697735923071,0,1,0,0,1,0,220.53462386625827,16,2.04,0,0,1,0,256,31.709571965613,37.403208418530085,2.2,30.166206257996713,42.41462012089699
403,29.9833287011299,26.429148880025192,32.31098513719976,1,1,0,0,0,0,141.21199808219862,8,2.1,1,0,0,0,256,31.709571965613,37.403208418530085,1.8,26.62639174419421,26.43860813280457
27,35.76310948449533,38.66522985836241,33.62697735923071,0,0,0,0,0,0,127.67794013309688,8,1.35,0,0,1,0,128,31.709571965613,30.935399707564464,1.6,30.166206257996713,29.981994594902375
1286,31.622776601683793,17.204625988465878,32.31098513719976,0,0,0,0,0,0,135.0942111925629,2,1.17,0,0,1,0,32,31.709571965613,17.262652202702334,1.6,30.166206257996713,29.981994594902375
266,29.9833287011299,26.429148880025192,22.338307903688676,1,0,0,0,0,0,141.21199808219862,4,2.2,1,0,0,0,256,31.709571965613,22.338307903688676,2.0,30.166206257996713,29.981994594902375
1198,29.9833287011299,38.06006489187098,32.31098513719976,0,1,1,0,0,0,209.8006828649808,8,1.36,1,0,0,0,256,31.709571965613,30.935399707564464,2.3,30.166206257996713,29.981994594902375
246,30.740852297878796,26.429148880025192,32.31098513719976,1,0,0,0,0,0,127.33567457123111,8,2.1,1,1,0,0,1152,31.709571965613,37.403208418530085,1.8,34.62657938636157,34.496373576304066
1311,29.9833287011299,26.429148880025192,32.31098513719976,1,1,0,0,0,0,141.21199808219862,8,2.6,0,1,0,0,1024,31.709571965613,37.403208418530085,2.6,34.62657938636157,34.496373576304066
579,31.622776601683793,26.429148880025192,32.31098513719976,1,1,0,0,0,0,141.21199808219862,6,1.95,1,0,0,0,256,20.71231517720798,22.559939701738855,3.0,26.62639174419421,26.43860813280457
503,29.9833287011299,26.429148880025192,32.31098513719976,1,0,0,0,0,0,141.21199808219862,8,2.17,1,0,0,0,256,31.709571965613,37.403208418530085,1.8,30.166206257996713,29.981994594902375
766,31.622776601683793,44.44097208657794,37.900584364392415,1,0,0,0,0,0,141.21199808219862,8,2.59,1,0,0,0,256,31.709571965613,37.403208418530085,2.6,34.62657938636157,45.49881984843928
879,23.643180835073778,26.429148880025192,32.31098513719976,1,1,0,0,0,0,157.3505121487356,8,1.56,1,0,0,0,256,31.709571965613,30.935399707564464,2.5,30.166206257996713,29.981994594902375
370,29.9833287011299,26.429148880025192,22.338307903688676,0,0,0,0,0,0,100.45466986113651,8,2.2,1,0,0,0,256,31.709571965613,22.338307903688676,2.0,34.62657938636157,34.496373576304066
586,31.495835455754325,26.429148880025192,22.86897461627871,1,0,0,0,0,0,141.21199808219862,8,2.2,1,0,0,0,256,31.709571965613,37.403208418530085,2.7,26.62639174419421,26.43860813280457
99,31.495835455754325,26.429148880025192,22.86897461627871,1,0,0,0,0,0,141.21199808219862,4,2.2,1,0,0,0,256,31.709571965613,22.338307903688676,2.0,26.62639174419421,26.43860813280457
171,31.495835455754325,38.5586566156032,32.31098513719976,1,0,0,0,0,0,141.21199808219862,8,2.56,1,1,0,0,1152,31.709571965613,37.403208418530085,2.8,34.62657938636157,34.496373576304066
40,31.622776601683793,26.429148880025192,32.31098513719976,1,0,0,0,0,0,141.21199808219862,8,2.1,1,0,0,0,256,31.709571965613,30.935399707564464,1.6,34.62657938636157,34.496373576304066
992,31.622776601683793,26.429148880025192,32.31098513719976,0,0,0,0,0,0,100.45466986113651,6,2.04,0,1,0,0,1024,31.709571965613,37.403208418530085,2.7,30.166206257996713,29.981994594902375
1081,30.740852297878796,38.5586566156032,32.31098513719976,1,1,0,0,0,0,127.33567457123111,64,3.58,1,0,0,0,1024,31.709571965613,37.403208418530085,2.7,34.62657938636157,34.496373576304066
890,31.622776601683793,26.429148880025192,32.31098513719976,1,0,0,0,0,0,141.21199808219862,4,2.04,1,0,0,0,256,31.709571965613,30.935399707564464,2.5,30.166206257996713,29.981994594902375
278,29.9833287011299,38.06006489187098,32.31098513719976,0,0,1,0,0,0,209.8006828649808,16,1.36,1,0,0,0,512,31.709571965613,37.403208418530085,2.6,30.166206257996713,29.981994594902375
57,31.622776601683793,26.429148880025192,32.31098513719976,1,0,0,0,0,0,141.21199808219862,4,1.91,1,0,0,0,128,31.709571965613,22.338307903688676,2.0,30.166206257996713,29.981994594902375
778,23.643180835073778,26.429148880025192,22.86897461627871,0,0,0,0,0,0,100.45466986113651,4,2.1,0,1,0,0,1024,31.709571965613,19.836582366930045,1.1,30.166206257996713,29.981994594902375
848,30.740852297878796,26.429148880025192,32.31098513719976,1,0,0,0,0,0,141.21199808219862,8,2.3,0,1,0,0,128,31.709571965613,30.935399707564464,2.5,30.166206257996713,29.981994594902375
1320,30.740852297878796,26.429148880025192,32.31098513719976,0,0,0,0,0,0,100.45466986113651,4,2.2,0,1,0,0,500,31.709571965613,17.262652202702334,1.6,30.166206257996713,29.981994594902375
449,29.9833287011299,38.66522985836241,32.31098513719976,1,1,0,0,0,0,176.23257360658386,8,1.36,1,0,0,0,256,31.709571965613,30.935399707564464,2.5,30.166206257996713,29.981994594902375
537,31.495835455754325,38.5586566156032,32.31098513719976,1,1,0,0,0,0,127.33567457123111,16,4.42,1,1,0,0,1152,31.709571965613,37.403208418530085,2.8,34.62657938636157,34.496373576304066
983,29.9833287011299,26.429148880025192,32.31098513719976,1,0,0,0,0,0,141.21199808219862,6,2.4,1,0,0,0,256,31.709571965613,30.935399707564464,2.5,34.62657938636157,34.496373576304066
229,31.495835455754325,38.5586566156032,32.31098513719976,1,1,0,0,0,0,127.33567457123111,16,4.42,1,1,0,0,1280,31.709571965613,37.403208418530085,2.8,34.62657938636157,34.496373576304066
411,39.09432781989371,38.5586566156032,32.31098513719976,1,0,0,0,0,0,127.33567457123111,16,2.8,1,1,0,0,1280,31.709571965613,37.403208418530085,2.8,34.62657938636157,34.496373576304066
216,30.740852297878796,38.5586566156032,32.31098513719976,1,0,0,0,0,0,127.33567457123111,16,2.9,1,1,0,0,1280,31.709571965613,37.403208418530085,2.8,34.62657938636157,34.496373576304066
1063,30.740852297878796,17.204625988465878,19.23143027588268,0,0,0,0,0,0,135.0942111925629,4,1.2,0,0,1,0,16,31.709571965613,17.262652202702334,1.6,30.166206257996713,29.981994594902375
896,31.622776601683793,38.06006489187098,32.31098513719976,1,0,1,0,0,0,165.6321180513006,4,1.28,1,0,0,0,256,31.709571965613,30.935399707564464,2.5,30.166206257996713,29.981994594902375
824,29.9833287011299,38.66522985836241,32.31098513719976,1,0,0,0,0,0,157.3505121487356,8,1.32,1,0,0,0,256,31.709571965613,37.403208418530085,2.7,30.166206257996713,29.981994594902375
1085,31.495835455754325,26.429148880025192,32.31098513719976,0,0,0,0,0,0,100.45466986113651,4,2.06,0,1,0,0,500,31.709571965613,22.338307903688676,2.3,30.166206257996713,29.981994594902375
6,23.643180835073778,26.429148880025192,32.31098513719976,0,0,0,0,0,0,100.45466986113651,4,2.1,0,1,0,0,500,20.71231517720798,22.559939701738855,3.0,26.62639174419421,26.43860813280457
44,23.643180835073778,26.429148880025192,32.31098513719976,1,1,0,0,0,0,141.21199808219862,4,2.2,1,0,0,0,256,31.709571965613,30.935399707564464,1.6,30.166206257996713,29.981994594902375
1140,29.9833287011299,38.06006489187098,32.31098513719976,1,1,1,0,0,0,157.3505121487356,8,1.8,1,0,0,0,256,31.709571965613,37.403208418530085,2.5,30.166206257996713,29.981994594902375
1016,31.495835455754325,26.429148880025192,32.31098513719976,0,0,0,0,0,0,100.45466986113651,4,2.18,1,0,0,0,128,31.709571965613,22.338307903688676,2.4,30.166206257996713,29.981994594902375
513,30.740852297878796,26.429148880025192,32.31098513719976,1,0,0,0,0,0,141.21199808219862,8,2.0,1,1,0,0,1280,31.709571965613,37.403208418530085,2.7,30.166206257996713,29.981994594902375
884,29.9833287011299,26.429148880025192,32.31098513719976,1,1,0,0,0,0,165.6321180513006,4,1.44,1,0,0,0,180,31.709571965613,22.338307903688676,2.4,30.166206257996713,29.981994594902375
957,34.56877203488721,26.429148880025192,32.31098513719976,0,0,0,0,0,0,100.45466986113651,8,2.2,1,0,0,0,256,31.709571965613,30.935399707564464,2.3,30.166206257996713,29.981994594902375
253,31.622776601683793,26.429148880025192,32.31098513719976,1,1,0,0,0,0,165.6321180513006,4,1.49,0,1,0,0,500,31.709571965613,30.935399707564464,1.6,30.166206257996713,29.981994594902375
1033,31.622776601683793,26.429148880025192,32.31098513719976,1,0,0,0,0,0,157.3505121487356,8,1.43,1,0,0,0,256,31.709571965613,37.403208418530085,2.5,30.166206257996713,29.981994594902375
798,31.495835455754325,38.5586566156032,32.31098513719976,1,0,0,0,0,0,141.21199808219862,8,2.62,1,0,0,0,256,31.709571965613,30.935399707564464,2.5,34.62657938636157,34.496373576304066
557,29.9833287011299,26.429148880025192,32.31098513719976,1,0,0,0,0,0,141.21199808219862,4,2.2,1,0,0,0,128,31.709571965613,22.338307903688676,2.0,30.166206257996713,29.981994594902375
764,29.9833287011299,38.06006489187098,32.31098513719976,0,1,1,0,0,1,276.053530085501,8,1.3,1,0,0,0,256,31.709571965613,30.935399707564464,1.8,30.166206257996713,29.981994594902375
516,29.9833287011299,38.5586566156032,22.338307903688676,1,1,0,0,0,0,141.21199808219862,8,2.4,1,1,0,0,1280,31.709571965613,37.403208418530085,2.8,34.62657938636157,34.496373576304066
873,34.56877203488721,26.429148880025192,32.31098513719976,1,0,0,0,0,0,165.6321180513006,4,1.05,1,0,0,0,128,31.709571965613,30.935399707564464,2.5,30.166206257996713,29.981994594902375
12,31.622776601683793,26.429148880025192,22.338307903688676,1,0,0,0,0,0,141.21199808219862,4,1.86,0,1,0,0,500,31.709571965613,22.338307903688676,2.0,30.166206257996713,29.981994594902375
629,31.495835455754325,26.429148880025192,32.31098513719976,1,0,0,0,0,0,141.21199808219862,4,2.2,0,1,0,0,1024,31.709571965613,30.935399707564464,1.6,26.62639174419421,26.43860813280457
711,29.9833287011299,26.429148880025192,32.31098513719976,1,0,0,0,0,0,141.21199808219862,4,2.1,0,1,0,0,2048,31.709571965613,30.935399707564464,2.5,30.166206257996713,29.981994594902375
96,30.740852297878796,38.66522985836241,32.31098513719976,1,0,0,0,0,0,157.3505121487356,8,1.25,1,0,0,0,256,31.709571965613,37.403208418530085,2.7,30.166206257996713,29.981994594902375
741,23.643180835073778,26.429148880025192,32.31098513719976,0,0,0,0,0,0,100.45466986113651,4,2.4,0,1,0,0,500,31.709571965613,30.935399707564464,2.5,30.166206257996713,29.981994594902375
833,29.9833287011299,38.66522985836241,32.31098513719976,1,1,0,0,0,0,157.3505121487356,8,1.13,0,0,1,0,256,31.709571965613,30.935399707564464,2.5,30.166206257996713,29.981994594902375
1180,31.622776601683793,38.5586566156032,32.31098513719976,1,1,0,0,0,0,141.21199808219862,8,2.62,0,1,0,0,1024,31.709571965613,37.403208418530085,2.8,34.62657938636157,34.496373576304066
549,31.622776601683793,38.66522985836241,32.31098513719976,0,1,0,0,0,1,276.053530085501,8,1.34,1,0,0,0,256,31.709571965613,37.403208418530085,2.7,30.166206257996713,29.981994594902375
115,29.9833287011299,38.06006489187098,32.31098513719976,1,1,1,0,0,0,165.6321180513006,8,1.37,1,0,0,0,256,31.709571965613,30.935399707564464,2.5,30.166206257996713,29.981994594902375
469,30.740852297878796,26.429148880025192,32.31098513719976,1,0,0,0,0,0,141.21199808219862,8,2.37,0,1,0,0,1024,31.709571965613,30.935399707564464,2.5,30.166206257996713,29.981994594902375
435,31.622776601683793,38.5586566156032,32.31098513719976,1,0,0,0,0,0,127.33567457123111,12,3.35,1,1,0,0,1280,31.709571965613,37.403208418530085,2.8,34.62657938636157,34.496373576304066
221,29.9833287011299,26.429148880025192,22.338307903688676,0,0,0,0,0,0,106.11306214269258,8,2.8,0,1,0,0,1024,31.709571965613,30.935399707564464,2.5,34.62657938636157,34.496373576304066
156,39.09432781989371,38.5586566156032,32.31098513719976,1,0,0,0,0,0,127.33567457123111,16,2.8,1,1,0,0,1280,31.709571965613,37.403208418530085,2.8,34.62657938636157,34.496373576304066
1186,31.622776601683793,26.429148880025192,32.31098513719976,0,0,0,0,0,0,111.93520355955211,2,1.44,0,0,1,0,32,31.709571965613,17.262652202702334,1.6,30.166206257996713,29.981994594902375
8,35.76310948449533,38.66522985836241,38.96857708462037,0,0,0,0,0,0,127.67794013309688,8,1.34,0,0,1,0,256,31.709571965613,30.935399707564464,1.8,30.166206257996713,29.981994594902375
728,29.9833287011299,38.66522985836241,32.31098513719976,0,1,0,0,0,1,209.8006828649808,8,1.17,1,0,0,0,512,31.709571965613,37.403208418530085,2.5,30.166206257996713,29.981994594902375
196,34.62657938636157,38.66522985836241,22.338307903688676,1,1,0,0,0,0,165.6321180513006,8,1.3,1,0,0,0,256,31.709571965613,30.935399707564464,2.5,34.62657938636157,34.496373576304066
309,30.740852297878796,38.5586566156032,32.31098513719976,1,0,0,0,0,0,141.21199808219862,8,2.5,1,1,0,0,1152,31.709571965613,37.403208418530085,2.8,34.62657938636157,34.496373576304066
480,31.495835455754325,38.66522985836241,32.31098513719976,1,0,1,0,0,0,165.6321180513006,8,1.42,1,0,0,0,256,31.709571965613,30.935399707564464,1.6,30.166206257996713,29.981994594902375
960,31.495835455754325,38.66522985836241,32.31098513719976,1,0,1,0,0,0,176.23257360658386,8,1.36,1,0,0,0,256,31.709571965613,30.935399707564464,2.5,30.166206257996713,29.981994594902375
365,31.495835455754325,26.429148880025192,32.31098513719976,1,0,0,0,0,0,157.3505121487356,8,1.36,1,0,0,0,256,31.709571965613,30.935399707564464,2.6,30.166206257996713,29.981994594902375
10,23.643180835073778,38.66522985836241,32.31098513719976,1,1,0,0,0,0,157.3505121487356,8,1.6,1,0,0,0,256,31.709571965613,30.935399707564464,1.6,30.166206257996713,29.981994594902375
424,31.622776601683793,38.66522985836241,32.31098513719976,1,0,0,0,0,0,157.3505121487356,8,1.43,1,0,0,0,256,31.709571965613,37.403208418530085,2.5,30.166206257996713,29.981994594902375
311,31.622776601683793,38.06006489187098,32.31098513719976,1,0,1,0,0,0,165.6321180513006,16,1.28,1,0,0,0,256,31.709571965613,37.403208418530085,2.8,30.166206257996713,29.981994594902375
1108,31.495835455754325,38.66522985836241,32.31098513719976,1,1,0,0,0,0,165.6321180513006,4,1.4,1,0,0,0,256,31.709571965613,30.935399707564464,1.6,26.62639174419421,26.43860813280457
822,31.495835455754325,26.429148880025192,32.31098513719976,1,0,0,0,0,0,141.21199808219862,8,1.98,0,1,0,0,1024,31.709571965613,37.403208418530085,2.7,34.62657938636157,34.496373576304066
70,29.9833287011299,26.429148880025192,32.31098513719976,1,0,0,0,0,0,141.21199808219862,4,1.9,0,1,0,0,1024,31.709571965613,30.935399707564464,2.5,30.166206257996713,29.981994594902375
926,31.622776601683793,26.429148880025192,32.31098513719976,1,0,0,0,0,0,141.21199808219862,8,2.04,1,0,0,0,256,31.709571965613,37.403208418530085,2.7,34.62657938636157,34.496373576304066
1015,31.622776601683793,26.429148880025192,32.31098513719976,1,1,0,0,0,0,165.6321180513006,8,1.34,1,0,0,0,256,31.709571965613,30.935399707564464,2.5,30.166206257996713,29.981994594902375
714,23.643180835073778,38.06006489187098,32.31098513719976,1,1,1,0,0,0,165.6321180513006,8,1.6,1,0,0,0,256,31.709571965613,30.935399707564464,1.6,30.166206257996713,29.981994594902375
293,29.9833287011299,38.5586566156032,32.31098513719976,1,1,0,0,0,0,141.21199808219862,16,2.5,1,1,0,0,1280,31.709571965613,37.403208418530085,2.8,34.62657938636157,34.496373576304066
661,39.09432781989371,38.5586566156032,32.31098513719976,1,0,0,0,0,0,141.21199808219862,8,2.2,1,1,0,0,1152,31.709571965613,37.403208418530085,2.8,34.62657938636157,34.496373576304066
725,29.9833287011299,26.429148880025192,32.31098513719976,0,0,0,0,0,0,100.45466986113651,4,2.19,0,1,0,0,500,20.71231517720798,22.559939701738855,2.0,26.62639174419421,26.43860813280457
1210,31.622776601683793,26.429148880025192,32.31098513719976,0,0,0,0,0,0,100.45466986113651,4,1.86,0,1,0,0,500,31.709571965613,30.935399707564464,2.5,30.166206257996713,29.981994594902375
622,30.740852297878796,38.5586566156032,32.31098513719976,1,0,0,0,0,0,127.33567457123111,8,3.0,1,1,0,0,1152,31.709571965613,37.403208418530085,2.8,34.62657938636157,34.496373576304066
893,30.740852297878796,26.429148880025192,32.31098513719976,0,0,0,0,0,0,111.1413368676404,4,1.65,0,0,1,0,32,31.709571965613,17.262652202702334,1.1,30.166206257996713,29.981994594902375
372,31.495835455754325,26.429148880025192,32.31098513719976,1,0,0,0,0,0,127.33567457123111,8,2.8,1,1,0,0,1152,31.709571965613,30.935399707564464,1.6,26.62639174419421,26.43860813280457
870,29.9833287011299,26.429148880025192,22.338307903688676,1,0,0,0,0,0,141.21199808219862,4,2.2,0,1,0,0,1024,31.709571965613,22.338307903688676,2.0,30.166206257996713,29.981994594902375
358,39.09432781989371,38.5586566156032,32.31098513719976,1,0,0,0,0,0,127.33567457123111,8,2.7,1,1,0,0,1152,31.709571965613,37.403208418530085,2.8,34.62657938636157,34.496373576304066
237,29.9833287011299,38.5586566156032,32.31098513719976,1,1,0,0,0,0,141.21199808219862,16,3.2,1,1,0,0,1280,31.709571965613,37.403208418530085,2.8,34.62657938636157,34.496373576304066
378,30.740852297878796,38.5586566156032,32.31098513719976,1,1,0,0,0,0,127.33567457123111,16,3.25,1,1,0,0,1280,20.71231517720798,22.559939701738855,3.0,26.62639174419421,26.43860813280457
508,31.622776601683793,26.429148880025192,32.31098513719976,0,0,0,0,0,0,100.45466986113651,8,1.91,1,0,0,0,256,31.709571965613,30.935399707564464,2.5,26.62639174419421,26.43860813280457
902,31.622776601683793,38.06006489187098,32.31098513719976,0,0,1,0,0,1,276.053530085501,16,1.42,1,0,0,0,256,31.709571965613,37.403208418530085,2.7,30.166206257996713,29.981994594902375
26,31.495835455754325,26.429148880025192,32.31098513719976,0,0,0,0,0,0,100.45466986113651,4,2.3,0,1,0,0,1024,31.709571965613,22.338307903688676,2.0,30.166206257996713,29.981994594902375
400,39.09432781989371,38.5586566156032,32.31098513719976,1,0,0,0,0,0,127.33567457123111,8,2.7,1,0,0,0,256,31.709571965613,37.403208418530085,2.8,34.62657938636157,34.496373576304066
625,39.09432781989371,38.5586566156032,32.31098513719976,1,0,0,0,0,0,141.21199808219862,16,2.94,1,1,0,0,1280,31.709571965613,37.403208418530085,2.8,34.62657938636157,34.496373576304066
271,30.740852297878796,38.06006489187098,32.31098513719976,1,0,1,0,0,0,165.6321180513006,8,1.1,1,0,0,0,1024,31.709571965613,37.403208418530085,1.8,30.166206257996713,29.981994594902375
63,29.9833287011299,26.429148880025192,22.338307903688676,1,1,0,0,0,0,157.3505121487356,8,1.7,1,0,0,0,256,31.709571965613,22.338307903688676,2.7,30.166206257996713,29.981994594902375
489,31.622776601683793,26.429148880025192,32.31098513719976,1,1,0,0,0,0,165.6321180513006,4,1.49,1,0,0,0,128,31.709571965613,30.935399707564464,1.6,30.166206257996713,29.981994594902375
1024,31.495835455754325,38.5586566156032,32.31098513719976,1,0,0,0,0,0,141.21199808219862,8,2.65,0,0,0,1,1024,31.709571965613,30.935399707564464,2.5,34.62657938636157,34.496373576304066
856,31.622776601683793,38.06006489187098,19.23143027588268,0,0,1,0,0,0,135.0942111925629,4,1.4,0,0,1,0,32,31.709571965613,17.262652202702334,1.1,30.166206257996713,29.981994594902375
883,34.56877203488721,26.429148880025192,32.31098513719976,1,1,0,0,0,0,141.21199808219862,8,2.0,1,0,0,0,256,31.709571965613,37.403208418530085,2.7,30.166206257996713,29.981994594902375
346,31.495835455754325,26.429148880025192,22.86897461627871,0,0,0,0,0,0,100.45466986113651,4,2.2,0,1,0,0,500,31.709571965613,17.262652202702334,1.6,30.166206257996713,29.981994594902375
504,31.622776601683793,26.429148880025192,32.31098513719976,1,0,0,0,0,0,157.3505121487356,8,1.48,1,0,0,0,1024,31.709571965613,37.403208418530085,2.8,30.166206257996713,29.981994594902375
114,31.495835455754325,38.66522985836241,32.31098513719976,0,0,1,0,0,1,276.053530085501,8,1.23,1,0,0,0,256,31.709571965613,37.403208418530085,2.4,30.166206257996713,42.41462012089699
342,31.495835455754325,38.66522985836241,32.31098513719976,1,1,0,0,0,0,141.21199808219862,8,1.9,1,1,0,0,1152,31.709571965613,30.935399707564464,1.6,34.62657938636157,34.496373576304066
615,29.9833287011299,38.06006489187098,32.31098513719976,1,1,1,0,0,0,141.21199808219862,8,2.0,1,0,0,0,256,31.709571965613,37.403208418530085,2.8,30.166206257996713,29.981994594902375
1134,30.740852297878796,38.5586566156032,32.31098513719976,1,0,0,0,0,0,127.33567457123111,8,3.52,1,1,0,0,1152,31.709571965613,37.403208418530085,2.6,34.62657938636157,34.496373576304066
956,23.643180835073778,26.429148880025192,32.31098513719976,0,0,0,0,0,0,100.45466986113651,4,2.23,0,1,0,0,500,31.709571965613,30.935399707564464,2.5,30.166206257996713,29.981994594902375
703,23.643180835073778,17.204625988465878,32.31098513719976,0,0,0,0,0,0,135.0942111925629,4,1.4,0,0,1,0,32,31.709571965613,17.262652202702334,1.6,30.166206257996713,29.981994594902375
724,31.495835455754325,26.429148880025192,32.31098513719976,1,0,0,0,0,0,141.21199808219862,8,1.9,1,0,0,0,256,31.709571965613,30.935399707564464,2.6,30.166206257996713,29.981994594902375
1214,29.9833287011299,26.429148880025192,22.338307903688676,0,0,0,0,0,0,100.45466986113651,4,1.9,0,1,0,0,1024,31.709571965613,22.338307903688676,2.0,26.62639174419421,26.43860813280457
212,31.495835455754325,38.66522985836241,32.31098513719976,1,0,0,0,0,0,165.6321180513006,8,1.2,1,0,0,0,256,31.709571965613,37.403208418530085,1.8,30.166206257996713,29.981994594902375
459,31.622776601683793,44.44097208657794,32.31098513719976,1,1,0,0,0,0,141.21199808219862,8,2.31,1,0,0,0,512,31.709571965613,37.403208418530085,2.9,30.166206257996713,29.981994594902375
699,29.9833287011299,26.429148880025192,32.31098513719976,1,0,0,0,0,0,157.3505121487356,4,1.7,1,0,0,0,256,31.709571965613,30.935399707564464,2.5,30.166206257996713,29.981994594902375
1191,29.9833287011299,26.429148880025192,22.338307903688676,0,0,0,0,0,0,100.45466986113651,4,2.1,0,1,0,0,500,31.709571965613,30.935399707564464,2.3,30.166206257996713,29.981994594902375
17,31.495835455754325,26.429148880025192,32.31098513719976,1,0,0,0,0,0,141.21199808219862,8,2.2,1,0,0,0,256,31.709571965613,37.403208418530085,2.7,26.62639174419421,26.43860813280457
867,30.740852297878796,26.429148880025192,32.31098513719976,0,0,0,0,0,0,100.45466986113651,4,2.0,0,1,0,0,1024,31.709571965613,19.836582366930045,1.1,30.166206257996713,29.981994594902375
1227,30.740852297878796,38.5586566156032,32.31098513719976,1,0,0,0,0,0,141.21199808219862,16,2.2,1,1,0,0,1280,31.709571965613,37.403208418530085,2.8,34.62657938636157,34.496373576304066
20,31.495835455754325,38.66522985836241,32.31098513719976,1,1,1,0,0,0,165.6321180513006,8,1.22,1,0,0,0,128,31.709571965613,30.935399707564464,1.6,30.166206257996713,29.981994594902375
1179,39.09432781989371,38.5586566156032,32.31098513719976,1,0,0,0,0,0,157.3505121487356,16,1.7,1,1,0,0,1280,31.709571965613,37.403208418530085,2.6,34.62657938636157,34.496373576304066
520,31.495835455754325,26.429148880025192,32.31098513719976,1,0,0,0,0,0,141.21199808219862,16,2.2,1,1,0,0,2304,31.709571965613,37.403208418530085,1.8,26.62639174419421,26.43860813280457
887,30.740852297878796,26.429148880025192,22.86897461627871,0,0,0,0,0,0,100.45466986113651,4,2.0,0,1,0,0,1024,31.709571965613,19.836582366930045,1.1,30.166206257996713,29.981994594902375
637,30.740852297878796,38.66522985836241,32.31098513719976,1,0,0,0,0,0,157.3505121487356,16,1.1,1,0,0,0,512,31.709571965613,37.403208418530085,2.7,30.166206257996713,29.981994594902375
1090,29.9833287011299,26.429148880025192,32.31098513719976,0,0,0,0,0,0,106.11306214269258,8,3.0,0,1,0,0,1024,31.709571965613,30.935399707564464,2.3,26.62639174419421,26.43860813280457
169,39.09432781989371,38.5586566156032,32.31098513719976,1,1,0,0,0,0,141.21199808219862,16,2.4,1,1,0,0,1280,31.709571965613,37.403208418530085,2.8,34.62657938636157,34.496373576304066
1196,39.09432781989371,38.5586566156032,32.31098513719976,1,0,0,0,0,0,141.21199808219862,16,1.91,1,1,0,0,1152,31.709571965613,37.403208418530085,2.6,34.62657938636157,34.496373576304066
452,31.495835455754325,26.429148880025192,32.31098513719976,1,0,0,0,0,0,157.3505121487356,8,1.64,1,0,0,0,256,31.709571965613,30.935399707564464,2.8,34.62657938636157,34.496373576304066
394,31.495835455754325,44.44097208657794,32.31098513719976,1,1,0,0,0,0,141.21199808219862,8,2.0,1,0,0,0,256,31.709571965613,37.403208418530085,2.7,34.62657938636157,45.49881984843928
762,29.9833287011299,38.66522985836241,32.31098513719976,1,0,0,0,0,0,157.3505121487356,4,1.7,1,0,0,0,180,31.709571965613,30.935399707564464,2.3,30.166206257996713,29.981994594902375
719,31.495835455754325,26.429148880025192,22.86897461627871,1,0,0,0,0,0,157.3505121487356,8,1.64,1,0,0,0,256,31.709571965613,30.935399707564464,2.8,34.62657938636157,34.496373576304066
889,31.495835455754325,26.429148880025192,32.31098513719976,1,0,0,0,0,0,141.21199808219862,4,2.18,1,1,0,0,1152,31.709571965613,30.935399707564464,2.5,34.62657938636157,34.496373576304066
783,31.622776601683793,38.66522985836241,32.31098513719976,0,0,0,0,0,0,125.36742798669837,4,1.26,1,0,0,0,256,31.709571965613,30.935399707564464,2.3,30.166206257996713,29.981994594902375
878,29.9833287011299,38.06006489187098,32.31098513719976,1,1,1,0,0,0,165.6321180513006,8,1.37,1,0,0,0,256,31.709571965613,37.403208418530085,2.7,30.166206257996713,29.981994594902375
1291,31.622776601683793,26.429148880025192,32.31098513719976,0,0,0,0,0,0,100.45466986113651,6,2.19,0,1,0,0,1024,31.709571965613,37.403208418530085,2.5,26.62639174419421,26.43860813280457
1275,31.495835455754325,26.429148880025192,32.31098513719976,0,0,0,0,0,0,100.45466986113651,4,2.29,0,1,0,0,500,31.709571965613,22.338307903688676,2.0,30.166206257996713,29.981994594902375
564,29.9833287011299,26.429148880025192,32.31098513719976,0,0,0,0,0,0,106.11306214269258,6,2.8,1,1,0,0,1152,31.709571965613,37.403208418530085,2.7,34.62657938636157,34.496373576304066
297,31.622776601683793,26.429148880025192,32.31098513719976,0,0,0,0,0,0,106.11306214269258,8,2.54,0,1,0,0,1024,31.709571965613,22.338307903688676,2.0,30.166206257996713,29.981994594902375
69,31.622776601683793,26.429148880025192,32.31098513719976,0,0,0,0,0,0,111.93520355955211,4,1.44,1,0,0,0,32,31.709571965613,17.262652202702334,1.6,30.166206257996713,29.981994594902375
1116,31.495835455754325,38.66522985836241,37.900584364392415,0,0,0,0,0,0,125.36742798669837,4,1.5,1,0,0,0,128,31.709571965613,22.338307903688676,2.3,30.166206257996713,29.981994594902375
1313,31.495835455754325,26.429148880025192,22.86897461627871,0,0,0,0,0,0,100.45466986113651,8,2.3,0,1,0,0,1024,31.709571965613,37.403208418530085,2.7,26.62639174419421,26.43860813280457
732,39.09432781989371,38.5586566156032,32.31098513719976,1,0,0,0,0,0,127.33567457123111,8,2.7,1,1,0,0,1152,31.709571965613,37.403208418530085,2.8,34.62657938636157,34.496373576304066
201,31.622776601683793,26.429148880025192,32.31098513719976,1,0,0,0,0,0,165.6321180513006,8,1.49,1,0,0,0,512,31.709571965613,30.935399707564464,1.6,30.166206257996713,29.981994594902375
860,31.622776601683793,26.429148880025192,22.338307903688676,0,0,0,0,0,0,100.45466986113651,4,1.86,1,0,0,0,128,31.709571965613,17.262652202702334,1.6,30.166206257996713,29.981994594902375
666,29.9833287011299,38.5586566156032,32.31098513719976,1,1,0,0,0,0,141.21199808219862,8,3.31,1,1,0,0,1152,31.709571965613,37.403208418530085,2.6,34.62657938636157,34.496373576304066
891,31.622776601683793,38.06006489187098,32.31098513719976,1,0,1,0,0,0,165.6321180513006,4,1.28,1,0,0,0,256,31.709571965613,30.935399707564464,2.5,30.166206257996713,29.981994594902375
345,31.495835455754325,26.429148880025192,32.31098513719976,1,0,0,0,0,0,141.21199808219862,8,2.0,1,0,0,0,256,31.709571965613,30.935399707564464,1.6,34.62657938636157,34.496373576304066
1062,29.9833287011299,38.5586566156032,32.31098513719976,1,1,0,0,0,0,127.33567457123111,16,4.6,1,1,0,0,1152,31.709571965613,37.403208418530085,2.6,34.62657938636157,34.496373576304066
871,29.9833287011299,26.429148880025192,32.31098513719976,1,1,0,0,0,0,141.21199808219862,8,2.3,0,1,0,0,1024,31.709571965613,30.935399707564464,2.5,30.166206257996713,29.981994594902375
222,31.622776601683793,26.429148880025192,32.31098513719976,1,0,0,0,0,0,157.3505121487356,8,1.63,1,0,0,0,256,31.709571965613,37.403208418530085,1.8,34.62657938636157,34.496373576304066
74,31.495835455754325,26.429148880025192,32.31098513719976,1,0,0,0,0,0,141.21199808219862,8,2.2,1,0,0,0,256,31.709571965613,37.403208418530085,1.8,26.62639174419421,26.43860813280457
1034,31.495835455754325,38.06006489187098,32.31098513719976,1,1,1,0,0,0,141.21199808219862,4,2.08,0,1,0,0,1024,31.709571965613,22.338307903688676,2.3,30.166206257996713,29.981994594902375
754,41.2189276910499,38.66522985836241,32.31098513719976,1,0,0,0,0,0,165.6321180513006,16,0.81,1,0,0,0,256,31.709571965613,37.403208418530085,2.7,30.166206257996713,29.981994594902375
1316,29.9833287011299,38.06006489187098,32.31098513719976,1,1,1,0,0,0,157.3505121487356,4,1.8,1,0,0,0,128,31.709571965613,37.403208418530085,2.5,30.166206257996713,29.981994594902375
1145,31.622776601683793,26.429148880025192,32.31098513719976,0,0,0,0,0,0,100.45466986113651,8,2.04,0,1,0,0,2048,31.709571965613,37.403208418530085,2.7,30.166206257996713,29.981994594902375
195,15.321734313451163,26.429148880025192,32.31098513719976,1,1,0,0,0,0,157.3505121487356,4,1.3,0,0,1,0,32,31.709571965613,17.262652202702334,1.1,30.166206257996713,29.981994594902375
446,30.740852297878796,26.429148880025192,22.86897461627871,1,0,0,0,0,0,141.21199808219862,4,2.0,1,0,0,0,256,31.709571965613,30.935399707564464,2.5,30.166206257996713,29.981994594902375
1018,34.56877203488721,26.429148880025192,32.31098513719976,1,0,0,0,0,0,165.6321180513006,4,1.2,1,0,0,0,128,31.709571965613,30.935399707564464,2.3,30.166206257996713,29.981994594902375
1305,31.622776601683793,26.429148880025192,32.31098513719976,0,0,0,0,0,0,100.45466986113651,6,2.19,0,1,0,0,1024,31.709571965613,37.403208418530085,2.5,26.62639174419421,26.43860813280457
42,31.495835455754325,38.5586566156032,32.31098513719976,1,1,0,0,0,0,141.21199808219862,16,2.65,1,1,0,0,1280,31.709571965613,37.403208418530085,2.8,34.62657938636157,34.496373576304066
688,39.09432781989371,38.5586566156032,32.31098513719976,1,0,0,0,0,0,141.21199808219862,8,2.2,1,0,0,0,256,31.709571965613,30.935399707564464,2.5,34.62657938636157,34.496373576304066
48,30.740852297878796,38.5586566156032,32.31098513719976,1,0,0,0,0,0,127.33567457123111,8,3.2,1,1,0,0,1280,20.71231517720798,22.559939701738855,3.0,26.62639174419421,26.43860813280457
50,30.740852297878796,26.429148880025192,32.31098513719976,0,0,0,0,0,0,90.58340172449303,4,2.8,0,1,0,0,1024,31.709571965613,19.836582366930045,1.1,34.62657938636157,34.496373576304066
124,39.09432781989371,38.5586566156032,32.31098513719976,1,0,0,0,0,0,141.21199808219862,16,1.8,1,1,0,0,2304,31.709571965613,37.403208418530085,2.8,34.62657938636157,34.496373576304066
877,34.56877203488721,38.66522985836241,32.31098513719976,0,0,0,0,0,0,117.82653006268643,8,1.2,1,0,0,0,256,31.709571965613,30.935399707564464,2.3,30.166206257996713,29.981994594902375
667,31.495835455754325,38.5586566156032,32.31098513719976,0,1,0,1,0,0,254.67134914246222,32,4.42,1,1,0,0,1536,31.709571965613,37.403208418530085,2.8,34.62657938636157,34.496373576304066
291,29.9833287011299,26.429148880025192,32.31098513719976,1,1,0,0,0,0,141.21199808219862,8,1.95,1,0,0,0,256,31.709571965613,37.403208418530085,2.7,30.166206257996713,29.981994594902375
695,31.495835455754325,26.429148880025192,32.31098513719976,0,0,0,0,0,0,100.45466986113651,4,2.2,0,1,0,0,1024,31.709571965613,22.338307903688676,2.0,26.62639174419421,26.43860813280457
321,31.622776601683793,38.06006489187098,32.31098513719976,0,1,1,1,0,0,331.2642361026012,16,1.29,1,0,0,0,1024,31.709571965613,37.403208418530085,1.8,30.166206257996713,29.981994594902375
75,39.09432781989371,38.5586566156032,32.31098513719976,1,0,0,0,0,0,127.33567457123111,8,2.7,1,1,0,0,1152,31.709571965613,30.935399707564464,2.5,34.62657938636157,34.496373576304066
1055,15.321734313451163,26.429148880025192,32.31098513719976,0,0,0,0,0,0,111.93520355955211,2,1.45,0,0,1,0,32,31.709571965613,15.61809486617431,1.44,30.166206257996713,29.981994594902375
199,31.622776601683793,26.429148880025192,32.31098513719976,1,1,0,0,0,0,127.33567457123111,8,2.5,0,1,0,0,1024,31.709571965613,30.935399707564464,1.6,34.62657938636157,34.496373576304066
1115,31.495835455754325,38.66522985836241,37.900584364392415,0,0,0,0,0,0,125.36742798669837,4,1.5,0,1,0,0,500,31.709571965613,22.338307903688676,2.3,30.166206257996713,29.981994594902375
30,31.622776601683793,26.429148880025192,32.31098513719976,1,0,0,0,0,0,127.33567457123111,8,2.5,0,1,0,0,1024,31.709571965613,30.935399707564464,1.6,34.62657938636157,34.496373576304066
66,31.622776601683793,26.429148880025192,32.31098513719976,1,0,0,0,0,0,141.21199808219862,8,1.86,1,0,0,0,256,31.709571965613,30.935399707564464,2.5,30.166206257996713,29.981994594902375
760,31.622776601683793,26.429148880025192,32.31098513719976,1,0,0,0,0,0,141.21199808219862,8,1.84,1,0,0,0,256,31.709571965613,30.935399707564464,2.4,30.166206257996713,29.981994594902375
1088,31.622776601683793,26.429148880025192,32.31098513719976,1,0,0,0,0,0,165.6321180513006,8,1.49,1,0,0,0,256,31.709571965613,37.403208418530085,2.7,30.166206257996713,29.981994594902375
967,30.740852297878796,38.06006489187098,19.23143027588268,1,0,0,0,0,0,176.23257360658386,8,1.2,0,0,1,0,64,31.709571965613,22.559939701738855,1.2,30.166206257996713,29.981994594902375
1310,31.495835455754325,26.429148880025192,32.31098513719976,0,0,0,0,0,0,100.45466986113651,2,2.2,0,1,0,0,500,31.709571965613,17.262652202702334,1.6,30.166206257996713,29.981994594902375
1036,31.622776601683793,26.429148880025192,32.31098513719976,1,1,0,0,0,0,165.6321180513006,8,1.11,1,0,0,0,256,31.709571965613,30.935399707564464,2.5,30.166206257996713,29.981994594902375
593,31.622776601683793,38.5586566156032,32.31098513719976,1,1,0,0,0,0,127.33567457123111,16,3.78,1,1,0,0,1280,31.709571965613,37.403208418530085,2.8,34.62657938636157,34.496373576304066
223,31.495835455754325,38.66522985836241,32.31098513719976,1,0,0,0,0,0,157.3505121487356,8,1.6,1,0,0,0,256,31.709571965613,30.935399707564464,1.6,30.166206257996713,29.981994594902375
137,31.622776601683793,26.429148880025192,32.31098513719976,0,0,0,0,0,0,100.45466986113651,8,2.05,0,1,0,0,1024,31.709571965613,37.403208418530085,2.7,30.166206257996713,29.981994594902375
1282,31.495835455754325,26.429148880025192,32.31098513719976,0,0,0,0,0,0,100.45466986113651,2,2.2,0,1,0,0,500,31.709571965613,17.262652202702334,1.6,30.166206257996713,29.981994594902375
1292,30.740852297878796,26.429148880025192,32.31098513719976,0,0,0,0,0,0,100.45466986113651,4,2.2,0,1,0,0,500,31.709571965613,17.262652202702334,1.6,30.166206257996713,29.981994594902375
155,29.9833287011299,26.429148880025192,32.31098513719976,0,0,0,0,0,0,100.45466986113651,4,1.9,1,0,0,0,128,31.709571965613,30.935399707564464,2.5,30.166206257996713,29.981994594902375
701,29.9833287011299,38.06006489187098,32.31098513719976,0,0,1,0,0,0,209.8006828649808,8,1.42,1,0,0,0,256,31.709571965613,37.403208418530085,2.7,30.166206257996713,29.981994594902375
337,34.56877203488721,26.429148880025192,32.31098513719976,1,1,0,0,0,0,141.21199808219862,8,2.0,1,0,0,0,256,31.709571965613,30.935399707564464,2.5,30.166206257996713,29.981994594902375
468,23.643180835073778,17.204625988465878,32.31098513719976,0,0,0,0,0,0,135.0942111925629,4,1.4,1,0,0,0,128,31.709571965613,17.262652202702334,1.6,30.166206257996713,29.981994594902375
76,23.643180835073778,26.429148880025192,32.31098513719976,0,0,0,0,0,0,111.93520355955211,8,2.1,0,1,0,0,1024,31.709571965613,22.338307903688676,2.0,30.166206257996713,29.981994594902375
269,31.495835455754325,26.429148880025192,32.31098513719976,1,0,0,0,0,0,141.21199808219862,8,2.24,0,1,0,0,1024,31.709571965613,30.935399707564464,2.5,26.62639174419421,26.43860813280457
795,39.09432781989371,38.5586566156032,32.31098513719976,1,0,0,0,0,0,141.21199808219862,8,2.2,1,1,0,0,1152,31.709571965613,30.935399707564464,2.5,34.62657938636157,34.496373576304066
1240,31.622776601683793,26.429148880025192,32.31098513719976,1,0,0,0,0,0,141.21199808219862,6,2.1,0,1,0,0,1024,20.71231517720798,22.559939701738855,2.7,26.62639174419421,26.43860813280457
980,31.495835455754325,26.429148880025192,32.31098513719976,0,0,0,0,0,0,100.45466986113651,4,1.9,0,1,0,0,500,31.709571965613,30.935399707564464,2.5,30.166206257996713,29.981994594902375
630,27.72557124417076,26.429148880025192,32.31098513719976,0,0,0,0,0,0,100.45466986113651,8,2.2,1,0,0,0,256,31.709571965613,30.935399707564464,2.5,30.166206257996713,29.981994594902375
587,17.58904606748493,26.429148880025192,32.31098513719976,1,1,0,0,0,0,157.3505121487356,4,1.45,1,0,0,0,32,31.709571965613,17.262652202702334,1.1,30.166206257996713,29.981994594902375
643,30.740852297878796,26.429148880025192,32.31098513719976,1,0,0,0,0,0,141.21199808219862,8,1.99,0,1,0,0,1024,31.709571965613,30.935399707564464,2.5,34.62657938636157,34.496373576304066
187,34.56877203488721,26.429148880025192,32.31098513719976,0,0,0,0,0,0,100.45466986113651,8,2.0,1,0,0,0,128,31.709571965613,30.935399707564464,2.5,30.166206257996713,29.981994594902375
423,31.495835455754325,26.429148880025192,32.31098513719976,0,0,0,0,0,0,117.82653006268643,4,1.65,1,0,0,0,128,31.709571965613,22.338307903688676,2.0,30.166206257996713,29.981994594902375
745,31.495835455754325,38.06006489187098,32.31098513719976,1,0,1,0,0,0,165.6321180513006,8,1.55,0,1,0,0,1024,31.709571965613,30.935399707564464,1.6,30.166206257996713,29.981994594902375
263,39.09432781989371,38.5586566156032,32.31098513719976,1,0,0,0,0,0,127.33567457123111,16,4.14,1,1,0,0,1536,31.709571965613,37.403208418530085,2.8,34.62657938636157,34.496373576304066
441,29.9833287011299,26.429148880025192,32.31098513719976,1,0,0,0,0,0,141.21199808219862,16,2.5,1,0,0,0,512,31.709571965613,37.403208418530085,2.9,34.62657938636157,45.49881984843928
178,31.622776601683793,26.429148880025192,32.31098513719976,1,0,0,0,0,0,127.33567457123111,8,2.5,1,0,0,0,256,31.709571965613,30.935399707564464,1.6,34.62657938636157,34.496373576304066
826,31.622776601683793,17.204625988465878,19.23143027588268,0,0,0,0,0,0,135.0942111925629,4,1.23,0,0,1,0,16,31.709571965613,17.262652202702334,1.6,30.166206257996713,29.981994594902375
1119,29.9833287011299,38.5586566156032,32.31098513719976,1,0,0,0,0,0,141.21199808219862,16,2.4,1,0,0,0,512,31.709571965613,37.403208418530085,2.8,34.62657938636157,34.496373576304066
600,41.2189276910499,26.429148880025192,32.31098513719976,1,0,0,0,0,0,141.21199808219862,16,2.5,1,1,0,0,1152,31.709571965613,37.403208418530085,2.8,34.62657938636157,34.496373576304066
132,31.622776601683793,26.429148880025192,32.31098513719976,1,0,0,0,0,0,127.33567457123111,8,2.5,1,0,0,0,256,31.709571965613,30.935399707564464,1.6,30.166206257996713,29.981994594902375
324,23.643180835073778,26.429148880025192,32.31098513719976,0,0,0,0,0,0,135.0942111925629,4,1.4,0,0,1,0,128,31.709571965613,19.836582366930045,1.6,30.166206257996713,29.981994594902375
781,34.56877203488721,26.429148880025192,32.31098513719976,0,1,0,0,0,0,111.93520355955211,4,1.75,1,0,0,0,128,31.709571965613,30.935399707564464,2.3,30.166206257996713,29.981994594902375
110,30.740852297878796,38.66522985836241,32.31098513719976,1,1,0,0,0,0,157.3505121487356,8,1.3,1,0,0,0,256,31.709571965613,37.403208418530085,2.7,34.62657938636157,34.496373576304066
180,23.643180835073778,26.429148880025192,32.31098513719976,0,0,0,0,0,0,100.45466986113651,4,2.1,1,0,0,0,128,31.709571965613,22.338307903688676,2.0,30.166206257996713,29.981994594902375
1187,39.09432781989371,38.5586566156032,32.31098513719976,1,1,0,0,0,0,141.21199808219862,8,2.2,0,1,0,0,1024,31.709571965613,37.403208418530085,2.7,34.62657938636157,34.496373576304066
467,23.643180835073778,26.429148880025192,32.31098513719976,1,0,0,0,0,0,141.21199808219862,4,2.23,0,1,0,0,1024,31.709571965613,22.338307903688676,2.0,34.62657938636157,34.496373576304066
138,31.622776601683793,26.429148880025192,32.31098513719976,1,0,0,0,0,0,157.3505121487356,8,1.63,1,0,0,0,256,31.709571965613,37.403208418530085,1.8,30.166206257996713,29.981994594902375
1243,30.740852297878796,26.429148880025192,32.31098513719976,0,0,0,0,0,0,100.45466986113651,4,2.65,0,1,0,0,1024,31.709571965613,19.836582366930045,1.6,30.166206257996713,29.981994594902375
397,30.740852297878796,38.5586566156032,32.31098513719976,1,0,0,0,0,0,127.33567457123111,16,3.0,1,1,0,0,1280,31.709571965613,37.403208418530085,2.8,34.62657938636157,34.496373576304066
88,31.622776601683793,38.66522985836241,32.31098513719976,1,1,0,0,0,0,141.21199808219862,8,1.83,1,0,0,0,256,31.709571965613,37.403208418530085,1.8,34.62657938636157,34.496373576304066
45,31.495835455754325,38.06006489187098,32.31098513719976,1,0,1,0,0,0,127.33567457123111,12,2.77,0,1,0,0,1024,31.709571965613,30.935399707564464,1.6,34.62657938636157,34.496373576304066
747,23.643180835073778,26.429148880025192,32.31098513719976,0,0,0,0,0,0,100.45466986113651,4,2.4,0,1,0,0,500,31.709571965613,22.338307903688676,2.0,30.166206257996713,29.981994594902375
944,29.9833287011299,26.429148880025192,32.31098513719976,0,0,0,0,0,0,100.45466986113651,4,2.2,0,1,0,0,1024,31.709571965613,19.836582366930045,1.1,30.166206257996713,29.981994594902375
107,36.60601043544625,38.66522985836241,31.448370387032774,0,0,1,0,0,0,200.84255993695703,8,1.252,1,0,0,0,256,31.709571965613,30.935399707564464,2.5,30.166206257996713,29.981994594902375
818,29.9833287011299,26.429148880025192,32.31098513719976,1,0,0,0,0,0,141.21199808219862,4,2.4,0,1,0,0,1024,31.709571965613,30.935399707564464,2.5,34.62657938636157,34.496373576304066
281,31.495835455754325,26.429148880025192,22.86897461627871,1,0,0,0,0,0,127.33567457123111,8,2.8,1,1,0,0,1152,31.709571965613,37.403208418530085,1.8,26.62639174419421,26.43860813280457
1219,29.9833287011299,26.429148880025192,22.338307903688676,0,0,0,0,0,0,100.45466986113651,8,2.2,0,1,0,0,500,31.709571965613,37.403208418530085,2.5,34.62657938636157,34.496373576304066
1011,23.643180835073778,26.429148880025192,32.31098513719976,0,0,0,0,0,0,100.45466986113651,4,2.4,0,1,0,0,500,31.709571965613,19.836582366930045,1.1,30.166206257996713,29.981994594902375
9,30.740852297878796,38.66522985836241,32.31098513719976,1,0,0,0,0,0,157.3505121487356,16,1.3,1,0,0,0,512,31.709571965613,37.403208418530085,1.8,34.62657938636157,34.496373576304066
247,30.740852297878796,26.429148880025192,22.338307903688676,1,0,0,0,0,0,127.33567457123111,8,2.69,1,1,0,0,1152,31.709571965613,37.403208418530085,2.7,34.62657938636157,34.496373576304066
25,31.622776601683793,38.66522985836241,32.31098513719976,1,0,0,0,0,0,141.21199808219862,8,1.91,1,0,0,0,256,31.709571965613,37.403208418530085,1.8,30.166206257996713,29.981994594902375
190,31.495835455754325,26.429148880025192,32.31098513719976,0,0,1,1,0,0,282.42399616439724,16,2.06,1,0,0,0,512,31.709571965613,37.403208418530085,2.8,34.62657938636157,34.496373576304066
1304,29.9833287011299,26.429148880025192,32.31098513719976,0,0,0,0,0,0,111.93520355955211,2,1.5,0,0,1,0,64,31.709571965613,17.262652202702334,1.6,30.166206257996713,29.981994594902375
1289,29.9833287011299,38.06006489187098,32.31098513719976,0,1,1,0,0,1,276.053530085501,16,1.3,1,0,0,0,512,31.709571965613,37.403208418530085,2.5,30.166206257996713,29.981994594902375
1053,31.622776601683793,26.429148880025192,32.31098513719976,1,0,0,0,0,0,157.3505121487356,8,1.64,1,0,0,0,256,31.709571965613,30.935399707564464,2.5,30.166206257996713,29.981994594902375
71,30.740852297878796,38.5586566156032,22.86897461627871,1,0,0,0,0,0,127.33567457123111,12,3.0,0,1,0,0,1024,31.709571965613,37.403208418530085,2.8,34.62657938636157,34.496373576304066
705,30.740852297878796,38.06006489187098,19.23143027588268,1,0,1,0,0,0,176.23257360658386,4,1.2,0,0,1,0,64,31.709571965613,28.656702349893948,0.9,30.166206257996713,29.981994594902375
390,30.740852297878796,38.66522985836241,32.31098513719976,1,0,1,0,0,0,165.6321180513006,16,1.1,1,0,0,0,512,31.709571965613,37.403208418530085,2.7,30.166206257996713,29.981994594902375
845,30.740852297878796,38.5586566156032,32.31098513719976,1,0,0,0,0,0,127.33567457123111,16,2.9,1,1,0,0,1280,31.709571965613,37.403208418530085,2.8,34.62657938636157,34.496373576304066
1298,31.622776601683793,26.429148880025192,32.31098513719976,1,0,0,0,0,0,141.21199808219862,6,2.04,0,0,0,1,1024,20.71231517720798,22.559939701738855,2.9,26.62639174419421,26.43860813280457
1099,31.495835455754325,26.429148880025192,32.31098513719976,1,0,0,0,0,0,141.21199808219862,8,2.18,1,0,0,0,256,31.709571965613,30.935399707564464,2.5,30.166206257996713,29.981994594902375
305,30.740852297878796,26.429148880025192,32.31098513719976,0,0,0,0,0,0,111.93520355955211,4,1.3,1,0,0,0,128,31.709571965613,22.338307903688676,2.4,30.166206257996713,29.981994594902375
1065,31.622776601683793,26.429148880025192,32.31098513719976,1,1,0,0,0,0,141.21199808219862,8,1.91,0,1,0,0,1024,31.709571965613,37.403208418530085,2.7,34.62657938636157,34.496373576304066
631,31.622776601683793,26.429148880025192,37.900584364392415,0,0,0,0,0,0,100.45466986113651,4,1.88,0,1,0,0,500,31.709571965613,30.935399707564464,2.3,30.166206257996713,29.981994594902375
642,30.740852297878796,26.429148880025192,32.31098513719976,0,0,0,0,0,0,100.45466986113651,8,2.0,0,1,0,0,1024,31.709571965613,17.262652202702334,1.1,30.166206257996713,29.981994594902375
43,30.740852297878796,26.429148880025192,22.86897461627871,0,0,0,0,0,0,100.45466986113651,8,2.3,0,1,0,0,1024,31.709571965613,30.935399707564464,2.5,34.62657938636157,34.496373576304066
111,39.09432781989371,38.5586566156032,32.31098513719976,1,0,0,0,0,0,141.21199808219862,16,2.2,1,1,0,0,1280,31.709571965613,37.403208418530085,2.8,34.62657938636157,34.496373576304066
672,39.09432781989371,38.5586566156032,32.31098513719976,1,0,0,0,0,0,127.33567457123111,8,2.7,1,1,0,0,1152,31.709571965613,37.403208418530085,2.8,34.62657938636157,34.496373576304066
1276,29.9833287011299,26.429148880025192,37.900584364392415,1,0,0,0,0,0,141.21199808219862,8,2.32,0,0,0,1,1024,31.709571965613,37.403208418530085,2.5,26.62639174419421,26.43860813280457
1241,31.495835455754325,38.66522985836241,37.900584364392415,1,0,1,0,0,0,176.23257360658386,8,1.26,1,0,0,0,256,31.709571965613,30.935399707564464,2.4,30.166206257996713,29.981994594902375
1014,23.643180835073778,38.5586566156032,32.31098513719976,1,1,0,0,0,0,141.21199808219862,8,2.7,1,1,0,0,1152,31.709571965613,37.403208418530085,2.8,34.62657938636157,34.496373576304066
259,23.643180835073778,26.429148880025192,32.31098513719976,1,1,0,0,0,0,127.33567457123111,4,3.0,1,0,0,0,256,31.709571965613,22.338307903688676,2.7,34.62657938636157,34.496373576304066
1049,31.622776601683793,38.66522985836241,32.31098513719976,1,0,0,0,0,0,176.23257360658386,8,1.26,1,0,0,0,256,31.709571965613,37.403208418530085,2.5,30.166206257996713,29.981994594902375
563,17.58904606748493,26.429148880025192,32.31098513719976,1,1,0,0,0,0,165.6321180513006,4,1.35,0,0,1,0,32,31.709571965613,15.61809486617431,1.44,30.166206257996713,29.981994594902375
443,31.622776601683793,26.429148880025192,32.31098513719976,0,0,0,0,0,0,100.45466986113651,4,2.1,0,1,0,0,500,31.709571965613,17.262652202702334,1.6,30.166206257996713,29.981994594902375
928,29.9833287011299,26.429148880025192,32.31098513719976,1,0,0,0,0,0,165.6321180513006,4,1.44,1,0,0,0,128,31.709571965613,30.935399707564464,2.5,30.166206257996713,29.981994594902375
94,31.622776601683793,26.429148880025192,32.31098513719976,1,0,0,0,0,0,165.6321180513006,16,1.49,1,0,0,0,512,31.709571965613,37.403208418530085,1.8,30.166206257996713,29.981994594902375
338,30.740852297878796,26.429148880025192,32.31098513719976,1,0,0,0,0,0,157.3505121487356,8,2.0,1,1,0,0,1280,31.709571965613,37.403208418530085,2.7,30.166206257996713,29.981994594902375
700,31.622776601683793,44.44097208657794,32.31098513719976,1,0,0,0,0,0,127.33567457123111,8,3.14,0,1,0,0,500,31.709571965613,37.403208418530085,2.8,34.62657938636157,45.49881984843928
1109,31.622776601683793,17.204625988465878,37.900584364392415,0,0,0,0,0,0,125.36742798669837,4,2.4,1,0,0,0,128,31.709571965613,30.935399707564464,2.3,30.166206257996713,29.981994594902375
613,34.56877203488721,26.429148880025192,32.31098513719976,1,1,0,0,0,0,141.21199808219862,8,2.2,1,0,0,0,256,31.709571965613,37.403208418530085,2.5,30.166206257996713,29.981994594902375
106,31.622776601683793,38.66522985836241,32.31098513719976,1,1,0,0,0,0,165.6321180513006,8,1.38,1,0,0,0,256,31.709571965613,37.403208418530085,2.7,34.62657938636157,34.496373576304066
580,29.9833287011299,26.429148880025192,32.31098513719976,1,0,0,0,0,0,141.21199808219862,8,2.3,1,0,0,0,256,31.709571965613,30.935399707564464,2.5,30.166206257996713,29.981994594902375
39,31.622776601683793,26.429148880025192,32.31098513719976,0,0,0,0,0,0,100.45466986113651,4,1.86,0,1,0,0,1024,31.709571965613,30.935399707564464,2.5,30.166206257996713,29.981994594902375
977,34.56877203488721,38.66522985836241,32.31098513719976,1,0,1,0,0,0,176.23257360658386,8,1.1,1,0,0,0,512,31.709571965613,37.403208418530085,2.7,30.166206257996713,29.981994594902375
85,29.9833287011299,26.429148880025192,32.31098513719976,1,0,0,0,0,0,141.21199808219862,4,2.2,1,0,0,0,128,20.71231517720798,22.559939701738855,2.5,26.62639174419421,28.513154858766505
1057,29.9833287011299,26.429148880025192,32.31098513719976,1,0,0,0,0,0,141.21199808219862,8,2.3,1,0,0,0,256,31.709571965613,30.935399707564464,2.3,30.166206257996713,29.981994594902375
58,30.740852297878796,26.429148880025192,32.31098513719976,0,0,0,0,0,0,100.45466986113651,4,2.0,1,0,0,0,256,31.709571965613,30.935399707564464,2.5,30.166206257996713,29.981994594902375
974,34.56877203488721,26.429148880025192,32.31098513719976,1,0,0,0,0,0,165.6321180513006,8,1.2,1,0,0,0,256,31.709571965613,30.935399707564464,2.4,30.166206257996713,29.981994594902375
1294,31.495835455754325,26.429148880025192,32.31098513719976,0,0,0,0,0,0,100.45466986113651,6,2.3,0,1,0,0,1024,31.709571965613,22.338307903688676,2.4,30.166206257996713,29.981994594902375
79,31.495835455754325,26.429148880025192,32.31098513719976,1,0,0,0,0,0,141.21199808219862,8,2.02,1,1,0,0,1152,31.709571965613,37.403208418530085,1.8,30.166206257996713,29.981994594902375
1025,31.622776601683793,38.66522985836241,32.31098513719976,1,0,0,0,0,0,176.23257360658386,4,1.26,0,1,0,0,500,31.709571965613,30.935399707564464,2.5,30.166206257996713,29.981994594902375
859,31.622776601683793,38.66522985836241,32.31098513719976,1,0,0,0,0,0,157.3505121487356,8,1.54,1,0,0,0,512,31.709571965613,37.403208418530085,2.5,30.166206257996713,29.981994594902375
139,29.9833287011299,26.429148880025192,22.338307903688676,0,0,0,0,0,0,100.45466986113651,4,1.9,0,1,0,0,1024,31.709571965613,17.262652202702334,1.1,30.166206257996713,29.981994594902375
486,34.56877203488721,26.429148880025192,32.31098513719976,1,1,0,0,0,0,165.6321180513006,8,1.05,1,0,0,0,256,31.709571965613,30.935399707564464,2.5,30.166206257996713,29.981994594902375
1052,31.495835455754325,26.429148880025192,37.900584364392415,1,0,0,0,0,0,141.21199808219862,8,2.09,1,0,0,0,256,31.709571965613,30.935399707564464,2.4,30.166206257996713,29.981994594902375
790,30.740852297878796,38.5586566156032,32.31098513719976,1,1,0,0,0,0,127.33567457123111,16,4.3,1,1,0,0,1280,31.709571965613,37.403208418530085,2.6,34.62657938636157,34.496373576304066
1154,39.09432781989371,38.5586566156032,32.31098513719976,1,0,0,0,0,0,127.33567457123111,16,3.78,1,1,0,0,1280,31.709571965613,37.403208418530085,2.7,34.62657938636157,34.496373576304066
930,31.622776601683793,26.429148880025192,32.31098513719976,1,0,0,0,0,0,165.6321180513006,8,1.49,1,0,0,0,256,31.709571965613,30.935399707564464,2.5,30.166206257996713,29.981994594902375
34,31.495835455754325,38.66522985836241,32.31098513719976,0,0,1,0,0,1,276.053530085501,16,1.2,1,0,0,0,512,31.709571965613,37.403208418530085,1.8,30.166206257996713,29.981994594902375
286,31.495835455754325,26.429148880025192,22.86897461627871,1,0,0,0,0,0,141.21199808219862,4,2.25,0,1,0,0,1024,31.709571965613,22.338307903688676,2.0,26.62639174419421,26.43860813280457
1086,31.622776601683793,26.429148880025192,32.31098513719976,0,0,0,0,0,0,100.45466986113651,4,2.31,0,1,0,0,500,31.709571965613,30.935399707564464,2.3,30.166206257996713,29.981994594902375
834,34.56877203488721,26.429148880025192,32.31098513719976,0,0,0,0,0,0,111.93520355955211,4,1.75,1,0,0,0,128,31.709571965613,19.836582366930045,2.1,30.166206257996713,29.981994594902375
1223,31.495835455754325,26.429148880025192,32.31098513719976,1,0,0,0,0,0,141.21199808219862,8,2.36,1,0,0,0,256,31.709571965613,30.935399707564464,2.5,26.62639174419421,26.43860813280457
645,29.9833287011299,26.429148880025192,32.31098513719976,0,0,0,0,0,0,111.93520355955211,2,1.42,0,0,1,0,32,31.709571965613,17.262652202702334,1.6,30.166206257996713,29.981994594902375
234,31.622776601683793,26.429148880025192,32.31098513719976,1,0,0,0,0,0,141.21199808219862,8,1.9,0,1,0,0,1024,31.709571965613,37.403208418530085,2.7,26.62639174419421,37.0
687,23.643180835073778,38.5586566156032,32.31098513719976,1,0,0,0,0,0,141.21199808219862,16,2.5,1,0,0,0,256,31.709571965613,30.935399707564464,2.5,34.62657938636157,34.496373576304066
226,29.9833287011299,38.06006489187098,32.31098513719976,1,1,0,0,0,0,157.3505121487356,8,1.74,1,0,0,0,256,31.709571965613,30.935399707564464,1.6,30.166206257996713,29.981994594902375
409,29.9833287011299,26.429148880025192,32.31098513719976,1,1,0,0,0,0,141.21199808219862,8,2.1,1,1,0,0,1280,31.709571965613,30.935399707564464,1.6,26.62639174419421,26.43860813280457
539,30.740852297878796,26.429148880025192,32.31098513719976,0,1,0,1,0,0,282.42399616439724,8,2.0,1,1,0,0,1280,31.709571965613,37.403208418530085,2.7,34.62657938636157,34.496373576304066
590,31.495835455754325,26.429148880025192,32.31098513719976,1,0,0,0,0,0,141.21199808219862,16,1.93,1,0,0,0,256,31.709571965613,37.403208418530085,2.8,34.62657938636157,34.496373576304066
991,30.740852297878796,38.06006489187098,32.31098513719976,0,0,1,1,0,0,282.42399616439724,16,2.3,1,1,0,0,2560,31.709571965613,37.403208418530085,2.7,34.62657938636157,34.496373576304066
1215,30.740852297878796,38.5586566156032,32.31098513719976,1,1,0,0,0,0,127.33567457123111,16,4.3,1,1,0,0,1536,31.709571965613,37.403208418530085,2.6,34.62657938636157,34.496373576304066
787,52.411375445005376,38.5586566156032,32.31098513719976,1,0,0,0,0,0,157.3505121487356,16,1.95,1,0,0,0,512,31.709571965613,37.403208418530085,2.8,34.62657938636157,34.496373576304066
519,31.495835455754325,26.429148880025192,32.31098513719976,1,0,0,0,0,0,141.21199808219862,8,2.18,0,1,0,0,1024,31.709571965613,30.935399707564464,2.5,30.166206257996713,29.981994594902375
333,30.740852297878796,38.66522985836241,32.31098513719976,1,0,0,0,0,0,141.21199808219862,8,1.7,1,0,0,0,256,31.709571965613,37.403208418530085,2.7,34.62657938636157,34.496373576304066
1041,31.622776601683793,26.429148880025192,32.31098513719976,0,0,0,0,0,0,111.93520355955211,4,1.95,0,1,0,0,500,31.709571965613,30.935399707564464,2.5,30.166206257996713,29.981994594902375
499,30.740852297878796,38.5586566156032,32.31098513719976,1,0,0,0,0,0,141.21199808219862,8,1.99,1,1,0,0,1152,31.709571965613,37.403208418530085,2.8,34.62657938636157,34.496373576304066
391,29.9833287011299,38.66522985836241,32.31098513719976,0,1,0,0,0,0,209.8006828649808,8,1.13,1,0,0,0,512,31.709571965613,37.403208418530085,2.7,30.166206257996713,29.981994594902375
1307,30.740852297878796,38.66522985836241,32.31098513719976,1,1,0,0,0,0,165.6321180513006,8,1.2,1,0,0,0,512,31.709571965613,22.559939701738855,0.9,30.166206257996713,29.981994594902375
1007,29.9833287011299,26.429148880025192,32.31098513719976,1,0,0,0,0,0,141.21199808219862,8,2.3,1,0,0,0,256,31.709571965613,30.935399707564464,2.3,30.166206257996713,29.981994594902375
1262,31.622776601683793,26.429148880025192,37.900584364392415,1,0,0,0,0,0,157.3505121487356,4,1.54,1,0,0,0,256,31.709571965613,30.935399707564464,2.3,30.166206257996713,29.981994594902375
1175,29.9833287011299,38.66522985836241,37.900584364392415,1,0,0,0,0,0,157.3505121487356,12,1.4,1,0,0,0,512,31.709571965613,37.403208418530085,2.6,30.166206257996713,29.981994594902375
945,31.622776601683793,38.66522985836241,32.31098513719976,1,0,0,0,0,0,176.23257360658386,4,1.26,0,1,0,0,500,31.709571965613,30.935399707564464,2.3,30.166206257996713,29.981994594902375
52,23.643180835073778,26.429148880025192,32.31098513719976,1,1,0,0,0,0,141.21199808219862,8,2.2,1,0,0,0,256,31.709571965613,37.403208418530085,1.8,34.62657938636157,34.496373576304066
581,29.9833287011299,26.429148880025192,32.31098513719976,1,0,0,0,0,0,141.21199808219862,4,2.05,0,1,0,0,500,31.709571965613,30.935399707564464,1.6,30.166206257996713,29.981994594902375
640,29.9833287011299,26.429148880025192,32.31098513719976,1,0,0,0,0,0,141.21199808219862,4,1.8,1,0,0,0,256,31.709571965613,30.935399707564464,1.6,30.166206257996713,29.981994594902375
277,31.495835455754325,26.429148880025192,22.86897461627871,1,0,0,0,0,0,141.21199808219862,8,2.14,1,0,0,0,256,31.709571965613,37.403208418530085,1.8,26.62639174419421,26.43860813280457
1149,23.643180835073778,26.429148880025192,32.31098513719976,1,0,0,0,0,0,141.21199808219862,4,2.23,0,1,0,0,1024,31.709571965613,30.935399707564464,2.5,34.62657938636157,34.496373576304066
521,34.62657938636157,26.429148880025192,22.338307903688676,1,1,0,0,0,0,141.21199808219862,16,1.95,1,0,0,0,256,31.709571965613,37.403208418530085,1.8,34.62657938636157,34.496373576304066
1105,31.495835455754325,26.429148880025192,22.86897461627871,0,0,0,0,0,0,100.45466986113651,4,2.2,0,1,0,0,500,31.709571965613,19.836582366930045,1.6,30.166206257996713,29.981994594902375
506,29.9833287011299,26.429148880025192,32.31098513719976,1,1,0,0,0,0,141.21199808219862,8,2.3,1,0,0,0,256,31.709571965613,30.935399707564464,2.5,30.166206257996713,29.981994594902375
134,31.495835455754325,26.429148880025192,32.31098513719976,1,0,0,0,0,0,141.21199808219862,4,2.2,0,1,0,0,1024,31.709571965613,22.338307903688676,2.0,26.62639174419421,26.43860813280457
1309,23.643180835073778,26.429148880025192,22.86897461627871,0,0,0,0,0,0,100.45466986113651,4,2.4,0,1,0,0,500,31.709571965613,17.262652202702334,1.6,30.166206257996713,29.981994594902375
904,29.9833287011299,38.66522985836241,32.31098513719976,1,1,0,0,0,0,157.3505121487356,8,1.32,1,0,0,0,256,31.709571965613,30.935399707564464,2.5,30.166206257996713,29.981994594902375
312,34.56877203488721,26.429148880025192,32.31098513719976,1,1,0,0,0,0,141.21199808219862,8,2.2,1,0,0,0,256,31.709571965613,37.403208418530085,2.5,34.62657938636157,34.496373576304066
1001,29.9833287011299,38.5586566156032,32.31098513719976,1,1,0,0,0,0,141.21199808219862,8,2.5,1,1,0,0,1152,31.709571965613,37.403208418530085,2.8,34.62657938636157,34.496373576304066
29,31.495835455754325,38.66522985836241,32.31098513719976,1,0,0,0,0,0,141.21199808219862,8,1.88,1,0,0,0,512,31.709571965613,37.403208418530085,1.9,30.166206257996713,29.981994594902375
1317,29.9833287011299,38.06006489187098,32.31098513719976,0,1,1,0,0,1,276.053530085501,16,1.3,1,0,0,0,512,31.709571965613,37.403208418530085,2.5,30.166206257996713,29.981994594902375
417,29.9833287011299,44.44097208657794,32.31098513719976,1,0,0,0,0,0,141.21199808219862,8,2.67,1,0,0,0,512,31.709571965613,37.403208418530085,2.8,34.62657938636157,45.49881984843928
716,29.9833287011299,26.429148880025192,32.31098513719976,1,0,0,0,0,0,157.3505121487356,8,1.8,1,0,0,0,256,31.709571965613,30.935399707564464,2.3,30.166206257996713,29.981994594902375
1266,29.9833287011299,26.429148880025192,22.338307903688676,1,1,0,0,0,0,141.21199808219862,8,2.3,1,0,0,0,256,31.709571965613,30.935399707564464,2.5,30.166206257996713,29.981994594902375
439,29.9833287011299,26.429148880025192,32.31098513719976,1,1,0,0,0,0,157.3505121487356,4,1.7,1,0,0,0,128,31.709571965613,22.338307903688676,2.7,30.166206257996713,29.981994594902375
191,29.9833287011299,38.5586566156032,22.338307903688676,1,1,0,0,0,0,141.21199808219862,8,2.4,1,0,0,0,256,31.709571965613,30.935399707564464,2.5,34.62657938636157,34.496373576304066
367,30.740852297878796,26.429148880025192,32.31098513719976,1,0,0,0,0,0,157.3505121487356,8,2.0,1,0,0,0,256,31.709571965613,30.935399707564464,2.5,30.166206257996713,29.981994594902375
1110,23.643180835073778,26.429148880025192,32.31098513719976,1,0,0,0,0,0,141.21199808219862,8,2.4,1,1,0,0,1280,31.709571965613,30.935399707564464,2.5,34.62657938636157,34.496373576304066
200,52.411375445005376,38.5586566156032,32.31098513719976,0,0,1,1,0,0,254.67134914246222,32,3.49,1,0,0,0,1024,31.709571965613,37.403208418530085,2.9,34.62657938636157,34.496373576304066
786,23.643180835073778,26.429148880025192,32.31098513719976,1,1,0,0,0,0,157.3505121487356,4,1.8,1,0,0,0,128,31.709571965613,22.338307903688676,2.4,30.166206257996713,29.981994594902375
706,34.56877203488721,38.66522985836241,32.31098513719976,1,0,1,0,0,0,165.6321180513006,16,1.36,1,0,0,0,512,31.709571965613,37.403208418530085,2.5,30.166206257996713,29.981994594902375
517,31.495835455754325,38.66522985836241,32.31098513719976,1,1,1,0,0,0,165.6321180513006,8,1.29,1,0,0,0,128,31.709571965613,30.935399707564464,2.5,30.166206257996713,29.981994594902375
572,31.495835455754325,38.66522985836241,32.31098513719976,0,1,1,1,0,0,331.2642361026012,8,1.21,1,0,0,0,128,31.709571965613,30.935399707564464,1.6,30.166206257996713,29.981994594902375
635,30.740852297878796,38.06006489187098,32.31098513719976,1,0,1,0,0,0,165.6321180513006,6,1.5,0,1,0,0,1024,31.709571965613,30.935399707564464,2.5,30.166206257996713,29.981994594902375
1013,31.622776601683793,38.66522985836241,32.31098513719976,1,0,0,0,0,0,157.3505121487356,8,1.48,1,0,0,0,512,31.709571965613,37.403208418530085,2.7,30.166206257996713,29.981994594902375
979,31.495835455754325,26.429148880025192,22.86897461627871,0,0,0,0,0,0,100.45466986113651,4,2.25,0,1,0,0,1024,31.709571965613,22.338307903688676,2.0,26.62639174419421,26.43860813280457
14,31.495835455754325,26.429148880025192,32.31098513719976,1,0,0,0,0,0,141.21199808219862,4,2.2,1,0,0,0,256,31.709571965613,22.338307903688676,2.0,26.62639174419421,26.43860813280457
810,30.740852297878796,26.429148880025192,32.31098513719976,1,0,0,0,0,0,141.21199808219862,8,2.37,1,0,0,0,256,31.709571965613,30.935399707564464,2.5,30.166206257996713,29.981994594902375
1301,30.740852297878796,26.429148880025192,32.31098513719976,0,0,0,0,0,0,100.45466986113651,4,2.2,0,1,0,0,500,31.709571965613,37.403208418530085,2.5,34.62657938636157,34.496373576304066
1160,31.622776601683793,38.06006489187098,32.31098513719976,1,0,1,0,0,0,165.6321180513006,8,1.48,1,0,0,0,256,31.709571965613,30.935399707564464,2.4,30.166206257996713,29.981994594902375
360,34.56877203488721,26.429148880025192,32.31098513719976,1,1,0,0,0,0,141.21199808219862,16,2.4,1,0,0,0,512,31.709571965613,37.403208418530085,2.5,34.62657938636157,34.496373576304066
146,34.56877203488721,26.429148880025192,32.31098513719976,0,0,0,0,0,0,100.45466986113651,4,2.1,0,1,0,0,500,31.709571965613,30.935399707564464,2.3,30.166206257996713,29.981994594902375
350,31.495835455754325,38.66522985836241,32.31098513719976,1,0,0,0,0,0,165.6321180513006,8,1.2,1,0,0,0,256,31.709571965613,37.403208418530085,1.8,30.166206257996713,29.981994594902375
1302,29.9833287011299,38.06006489187098,32.31098513719976,1,1,1,0,0,0,157.3505121487356,4,1.8,1,0,0,0,128,31.709571965613,37.403208418530085,2.5,30.166206257996713,29.981994594902375
183,31.622776601683793,38.06006489187098,32.31098513719976,0,1,1,1,0,0,331.2642361026012,8,1.29,1,0,0,0,256,31.709571965613,30.935399707564464,1.6,30.166206257996713,29.981994594902375
1123,31.622776601683793,26.429148880025192,32.31098513719976,1,0,0,0,0,0,141.21199808219862,4,2.1,0,1,0,0,1024,20.71231517720798,22.559939701738855,2.5,26.62639174419421,26.43860813280457
120,31.495835455754325,26.429148880025192,32.31098513719976,1,1,0,0,0,0,141.21199808219862,8,2.16,1,1,0,0,1280,31.709571965613,37.403208418530085,1.8,34.62657938636157,34.496373576304066
1133,34.56877203488721,38.66522985836241,32.31098513719976,1,0,0,0,0,0,165.6321180513006,16,1.05,1,0,0,0,512,31.709571965613,37.403208418530085,2.7,30.166206257996713,29.981994594902375
472,30.740852297878796,26.429148880025192,32.31098513719976,0,0,0,0,0,0,100.45466986113651,4,2.0,0,1,0,0,500,31.709571965613,19.836582366930045,1.1,30.166206257996713,29.981994594902375
163,34.56877203488721,26.429148880025192,32.31098513719976,0,0,0,0,0,0,100.45466986113651,4,2.1,0,1,0,0,500,31.709571965613,22.338307903688676,2.2,30.166206257996713,29.981994594902375
161,31.495835455754325,38.06006489187098,32.31098513719976,1,0,1,0,0,0,141.21199808219862,8,1.56,1,0,0,0,256,31.709571965613,37.403208418530085,1.8,30.166206257996713,29.981994594902375
943,31.622776601683793,26.429148880025192,32.31098513719976,0,0,0,0,0,0,111.93520355955211,4,1.95,0,1,0,0,500,31.709571965613,30.935399707564464,2.3,30.166206257996713,29.981994594902375
511,29.9833287011299,17.204625988465878,19.23143027588268,0,0,0,0,0,0,135.0942111925629,4,1.25,1,0,0,0,16,31.709571965613,17.262652202702334,1.6,30.166206257996713,29.981994594902375
540,17.58904606748493,26.429148880025192,32.31098513719976,1,1,0,0,0,0,165.6321180513006,4,1.2,1,0,0,0,32,31.709571965613,17.262652202702334,1.1,30.166206257996713,29.981994594902375
618,31.495835455754325,38.5586566156032,32.31098513719976,1,0,0,0,0,0,141.21199808219862,16,2.59,0,1,0,0,1024,31.709571965613,37.403208418530085,2.6,34.62657938636157,34.496373576304066
496,30.740852297878796,38.66522985836241,32.31098513719976,1,0,0,0,0,0,176.23257360658386,16,0.91,1,0,0,0,512,31.709571965613,37.403208418530085,2.7,30.166206257996713,29.981994594902375
1106,31.622776601683793,26.429148880025192,22.338307903688676,0,0,0,0,0,0,100.45466986113651,4,1.86,0,1,0,0,1024,31.709571965613,22.338307903688676,2.0,30.166206257996713,29.981994594902375
1208,29.9833287011299,38.5586566156032,32.31098513719976,1,1,0,0,0,0,141.21199808219862,8,2.4,0,1,0,0,1024,31.709571965613,30.935399707564464,2.5,34.62657938636157,34.496373576304066
1242,31.495835455754325,38.06006489187098,32.31098513719976,1,0,1,0,0,0,146.86047800548656,4,2.08,0,1,0,0,500,31.709571965613,22.338307903688676,2.4,30.166206257996713,29.981994594902375
1058,31.622776601683793,26.429148880025192,32.31098513719976,1,0,0,0,0,0,157.3505121487356,4,1.54,0,1,0,0,500,31.709571965613,30.935399707564464,2.3,30.166206257996713,29.981994594902375
16,35.76310948449533,38.66522985836241,38.96857708462037,0,1,0,0,1,0,226.98300468106115,8,1.37,1,0,0,0,256,31.709571965613,30.935399707564464,2.3,30.166206257996713,42.41462012089699
1132,52.411375445005376,38.66522985836241,32.31098513719976,0,0,1,1,0,0,352.4651472131677,8,1.25,1,0,0,0,256,31.709571965613,37.403208418530085,2.5,30.166206257996713,29.981994594902375
763,30.740852297878796,26.429148880025192,32.31098513719976,0,0,0,0,0,0,100.45466986113651,4,2.37,1,0,0,0,256,31.709571965613,37.403208418530085,2.7,30.166206257996713,29.981994594902375
949,31.622776601683793,17.204625988465878,32.31098513719976,1,0,0,0,0,0,176.23257360658386,8,1.26,1,0,0,0,256,31.709571965613,30.935399707564464,2.3,30.166206257996713,29.981994594902375
1300,31.622776601683793,17.204625988465878,32.31098513719976,0,0,0,0,0,0,135.0942111925629,2,1.17,0,0,1,0,32,31.709571965613,17.262652202702334,1.6,30.166206257996713,29.981994594902375
1089,29.9833287011299,38.66522985836241,32.31098513719976,1,1,1,0,0,0,176.23257360658386,8,1.3,1,0,0,0,256,31.709571965613,37.403208418530085,2.5,30.166206257996713,29.981994594902375
1218,31.495835455754325,26.429148880025192,32.31098513719976,0,0,0,0,0,0,100.45466986113651,4,2.3,1,0,0,0,128,31.709571965613,22.338307903688676,2.0,26.62639174419421,26.43860813280457
1216,23.643180835073778,26.429148880025192,22.86897461627871,0,0,0,0,0,0,100.45466986113651,4,2.1,0,1,0,0,1024,31.709571965613,17.262652202702334,2.0,30.166206257996713,29.981994594902375
1235,29.9833287011299,26.429148880025192,22.338307903688676,0,0,0,0,0,0,106.11306214269258,8,2.8,0,1,0,0,1024,31.709571965613,30.935399707564464,2.5,30.166206257996713,29.981994594902375
491,29.9833287011299,26.429148880025192,32.31098513719976,0,0,0,0,0,0,100.45466986113651,4,2.3,1,0,0,0,128,31.709571965613,22.338307903688676,2.0,30.166206257996713,29.981994594902375
958,29.9833287011299,38.06006489187098,32.31098513719976,1,1,1,0,0,0,194.94753717542463,8,1.1,1,0,0,0,256,31.709571965613,22.559939701738855,1.2,30.166206257996713,29.981994594902375
413,34.56877203488721,38.66522985836241,32.31098513719976,1,0,0,0,0,0,165.6321180513006,16,1.2,1,0,0,0,512,31.709571965613,37.403208418530085,2.5,30.166206257996713,29.981994594902375
104,31.622776601683793,26.429148880025192,32.31098513719976,1,0,0,0,0,0,141.21199808219862,4,2.1,0,1,0,0,500,20.71231517720798,22.559939701738855,1.5,26.62639174419421,26.43860813280457
1189,31.622776601683793,26.429148880025192,32.31098513719976,1,0,0,0,0,0,141.21199808219862,16,2.1,1,0,0,0,512,31.709571965613,37.403208418530085,1.8,30.166206257996713,29.981994594902375
1190,30.740852297878796,26.429148880025192,32.31098513719976,0,0,0,0,0,0,100.45466986113651,4,2.2,0,1,0,0,500,31.709571965613,17.262652202702334,1.6,30.166206257996713,29.981994594902375
1000,31.622776601683793,26.429148880025192,32.31098513719976,1,0,0,0,0,0,141.21199808219862,8,2.04,0,1,0,0,1024,31.709571965613,30.935399707564464,2.5,30.166206257996713,29.981994594902375
689,30.740852297878796,26.429148880025192,32.31098513719976,0,0,0,0,0,0,100.45466986113651,4,1.86,1,0,0,0,128,31.709571965613,17.262652202702334,1.1,30.166206257996713,29.981994594902375
750,34.56877203488721,26.429148880025192,32.31098513719976,1,1,1,0,0,0,157.3505121487356,8,1.25,1,0,0,0,256,31.709571965613,30.935399707564464,2.5,30.166206257996713,29.981994594902375
660,31.495835455754325,38.66522985836241,32.31098513719976,1,0,0,0,0,0,165.6321180513006,8,1.2,1,0,0,0,256,31.709571965613,30.935399707564464,1.6,30.166206257996713,29.981994594902375
912,31.495835455754325,38.06006489187098,32.31098513719976,0,0,1,0,0,1,276.053530085501,8,1.24,1,0,0,0,512,31.709571965613,37.403208418530085,1.3,30.166206257996713,29.981994594902375
307,29.9833287011299,26.429148880025192,32.31098513719976,0,0,0,0,0,0,106.11306214269258,6,2.8,0,1,0,0,1024,31.709571965613,30.935399707564464,2.5,34.62657938636157,34.496373576304066
1094,31.622776601683793,26.429148880025192,37.900584364392415,1,0,0,0,0,0,141.21199808219862,4,2.31,0,1,0,0,500,31.709571965613,30.935399707564464,2.3,30.166206257996713,29.981994594902375
285,29.9833287011299,26.429148880025192,32.31098513719976,0,0,0,0,0,0,106.11306214269258,6,2.8,1,1,0,0,1152,31.709571965613,37.403208418530085,2.7,34.62657938636157,34.496373576304066
476,29.9833287011299,38.66522985836241,32.31098513719976,0,1,0,0,0,1,209.8006828649808,12,1.4,1,0,0,0,256,31.709571965613,37.403208418530085,2.6,30.166206257996713,29.981994594902375
1199,29.9833287011299,38.66522985836241,32.31098513719976,1,0,0,0,0,0,141.21199808219862,6,1.54,1,0,0,0,256,31.709571965613,37.403208418530085,2.7,34.62657938636157,34.496373576304066
250,31.495835455754325,26.429148880025192,32.31098513719976,1,0,0,0,0,0,141.21199808219862,8,2.2,1,1,0,0,2176,31.709571965613,37.403208418530085,1.8,26.62639174419421,26.43860813280457
471,29.9833287011299,26.429148880025192,32.31098513719976,1,0,0,0,0,0,141.21199808219862,8,2.67,1,0,0,0,256,31.709571965613,37.403208418530085,2.9,34.62657938636157,45.49881984843928
990,29.9833287011299,26.429148880025192,37.900584364392415,0,0,0,0,0,0,111.93520355955211,4,1.7,0,0,0,1,508,31.709571965613,30.935399707564464,2.3,30.166206257996713,29.981994594902375
466,31.622776601683793,26.429148880025192,32.31098513719976,0,0,0,0,0,0,106.11306214269258,8,2.5,1,0,0,0,256,31.709571965613,22.338307903688676,2.0,30.166206257996713,29.981994594902375
157,31.622776601683793,38.66522985836241,32.31098513719976,1,0,0,0,0,0,157.3505121487356,4,1.48,1,0,0,0,256,31.709571965613,30.935399707564464,2.7,30.166206257996713,29.981994594902375
541,30.740852297878796,38.5586566156032,32.31098513719976,1,1,0,0,0,0,141.21199808219862,8,2.3,1,1,0,0,1152,31.709571965613,30.935399707564464,2.5,34.62657938636157,34.496373576304066
206,23.643180835073778,26.429148880025192,32.31098513719976,1,0,0,0,0,0,141.21199808219862,8,2.23,0,1,0,0,1024,31.709571965613,37.403208418530085,2.7,34.62657938636157,34.496373576304066
81,31.622776601683793,26.429148880025192,32.31098513719976,1,0,0,0,0,0,127.33567457123111,8,2.5,1,1,0,0,1152,31.709571965613,30.935399707564464,1.6,34.62657938636157,34.496373576304066
1303,29.9833287011299,38.06006489187098,32.31098513719976,0,1,1,0,0,1,276.053530085501,16,1.3,1,0,0,0,512,31.709571965613,37.403208418530085,2.5,30.166206257996713,29.981994594902375
1003,31.495835455754325,26.429148880025192,32.31098513719976,1,0,0,0,0,0,157.3505121487356,8,1.6,1,0,0,0,128,31.709571965613,30.935399707564464,2.5,30.166206257996713,29.981994594902375
1268,31.495835455754325,26.429148880025192,22.86897461627871,0,0,0,0,0,0,100.45466986113651,4,2.2,0,1,0,0,500,31.709571965613,19.836582366930045,1.6,30.166206257996713,29.981994594902375
1260,23.643180835073778,26.429148880025192,22.86897461627871,0,0,0,0,0,0,100.45466986113651,4,2.4,0,1,0,0,500,31.709571965613,22.338307903688676,2.0,30.166206257996713,29.981994594902375
817,31.495835455754325,38.5586566156032,32.31098513719976,0,0,0,1,0,0,282.42399616439724,16,2.62,1,0,0,0,512,31.709571965613,37.403208418530085,2.8,34.62657938636157,34.496373576304066
290,23.643180835073778,26.429148880025192,32.31098513719976,1,1,1,0,0,0,141.21199808219862,12,2.15,0,1,0,0,1024,31.709571965613,37.403208418530085,2.7,30.166206257996713,29.981994594902375
648,29.9833287011299,38.5586566156032,32.31098513719976,1,1,0,0,0,0,141.21199808219862,8,2.5,1,1,0,0,1152,31.709571965613,37.403208418530085,2.8,34.62657938636157,34.496373576304066
801,29.9833287011299,38.06006489187098,32.31098513719976,1,1,1,0,0,0,165.6321180513006,8,1.37,1,0,0,0,512,31.709571965613,37.403208418530085,2.7,30.166206257996713,29.981994594902375
231,31.495835455754325,26.429148880025192,32.31098513719976,1,0,1,0,0,0,141.21199808219862,16,2.3,0,1,0,0,1024,31.709571965613,37.403208418530085,2.7,26.62639174419421,26.43860813280457
1177,31.622776601683793,38.06006489187098,32.31098513719976,0,0,1,0,0,0,220.84282406840083,8,1.48,1,0,0,0,512,31.709571965613,37.403208418530085,2.6,30.166206257996713,29.981994594902375
492,29.9833287011299,26.429148880025192,32.31098513719976,1,1,0,0,0,0,157.3505121487356,8,1.75,1,0,0,0,256,31.709571965613,30.935399707564464,1.6,30.166206257996713,29.981994594902375
734,31.495835455754325,26.429148880025192,32.31098513719976,1,0,0,0,0,0,141.21199808219862,8,2.2,1,1,0,0,1152,31.709571965613,30.935399707564464,1.6,26.62639174419421,26.43860813280457
167,29.9833287011299,38.5586566156032,32.31098513719976,1,1,0,0,0,0,141.21199808219862,16,2.5,1,0,0,0,256,31.709571965613,37.403208418530085,2.8,34.62657938636157,34.496373576304066
1246,29.9833287011299,38.5586566156032,32.31098513719976,1,1,1,0,0,0,141.21199808219862,16,2.6,1,1,0,0,1152,31.709571965613,37.403208418530085,2.6,34.62657938636157,34.496373576304066
349,29.9833287011299,38.06006489187098,32.31098513719976,0,1,1,1,0,0,316.96506044349616,16,1.4,1,0,0,0,512,31.709571965613,37.403208418530085,1.8,30.166206257996713,29.981994594902375
597,30.740852297878796,38.06006489187098,32.31098513719976,0,0,1,0,0,0,100.45466986113651,8,2.2,0,1,0,0,1024,31.709571965613,30.935399707564464,2.5,30.166206257996713,29.981994594902375
1139,30.740852297878796,26.429148880025192,32.31098513719976,0,0,0,0,0,0,100.45466986113651,4,2.0,0,1,0,0,1024,31.709571965613,22.338307903688676,2.4,30.166206257996713,29.981994594902375
673,34.56877203488721,26.429148880025192,32.31098513719976,0,0,0,0,0,0,100.45466986113651,4,2.1,1,0,0,0,128,31.709571965613,22.338307903688676,2.1,30.166206257996713,29.981994594902375
1211,35.76310948449533,38.66522985836241,33.62697735923071,0,1,0,0,1,0,226.41554716935852,8,0.92,0,0,1,0,256,31.709571965613,22.559939701738855,1.1,30.166206257996713,29.981994594902375
758,31.622776601683793,44.44097208657794,37.900584364392415,1,1,0,0,0,0,127.33567457123111,16,3.0,1,0,0,0,256,31.709571965613,66.24952830020754,2.9,34.62657938636157,45.49881984843928
141,29.9833287011299,26.429148880025192,22.338307903688676,1,0,0,0,0,0,141.21199808219862,4,2.2,0,1,0,0,1024,31.709571965613,30.935399707564464,2.5,34.62657938636157,34.496373576304066
182,29.9833287011299,26.429148880025192,32.31098513719976,1,0,0,0,0,0,141.21199808219862,8,1.9,1,1,0,0,1152,31.709571965613,30.935399707564464,2.5,26.62639174419421,28.513154858766505
54,31.622776601683793,26.429148880025192,32.31098513719976,1,0,0,0,0,0,165.6321180513006,8,1.49,1,0,0,0,512,31.709571965613,37.403208418530085,1.8,30.166206257996713,29.981994594902375
576,29.9833287011299,26.429148880025192,32.31098513719976,0,0,0,0,0,0,111.93520355955211,4,2.02,0,1,0,0,500,31.709571965613,30.935399707564464,2.5,30.166206257996713,29.981994594902375
815,34.56877203488721,26.429148880025192,32.31098513719976,0,0,0,0,0,0,100.45466986113651,4,2.1,0,1,0,0,500,31.709571965613,30.935399707564464,2.3,30.166206257996713,29.981994594902375
444,43.18883519778635,38.66522985836241,19.23143027588268,0,0,1,0,0,0,234.50740003017813,16,1.1,1,0,0,0,512,31.709571965613,37.403208418530085,1.3,30.166206257996713,29.981994594902375
371,31.622776601683793,26.429148880025192,32.31098513719976,0,0,0,0,0,0,100.45466986113651,8,2.04,0,1,0,0,2048,31.709571965613,19.836582366930045,1.6,30.166206257996713,29.981994594902375
323,31.622776601683793,26.429148880025192,32.31098513719976,1,0,0,0,0,0,157.3505121487356,8,1.95,1,0,0,0,256,31.709571965613,30.935399707564464,2.5,30.166206257996713,29.981994594902375
1098,31.622776601683793,38.66522985836241,32.31098513719976,0,1,0,1,0,0,331.2642361026012,16,1.3,1,0,0,0,512,31.709571965613,37.403208418530085,2.7,30.166206257996713,29.981994594902375
130,30.740852297878796,26.429148880025192,31.448370387032774,0,0,0,0,0,0,111.93520355955211,4,1.65,1,0,0,0,64,20.71231517720798,22.559939701738855,1.5,26.62639174419421,26.43860813280457
634,29.9833287011299,26.429148880025192,22.338307903688676,1,0,0,0,0,0,141.21199808219862,4,2.2,1,0,0,0,128,31.709571965613,30.935399707564464,2.5,30.166206257996713,29.981994594902375
340,30.740852297878796,38.5586566156032,32.31098513719976,1,0,0,0,0,0,141.21199808219862,8,2.5,1,0,0,0,256,31.709571965613,37.403208418530085,2.8,34.62657938636157,34.496373576304066
1222,30.740852297878796,38.5586566156032,32.31098513719976,1,0,0,0,0,0,141.21199808219862,8,2.2,0,1,0,0,1024,31.709571965613,37.403208418530085,2.6,34.62657938636157,34.496373576304066
1121,39.09432781989371,38.5586566156032,32.31098513719976,1,0,0,0,0,0,127.33567457123111,8,2.9,1,1,0,0,1152,31.709571965613,37.403208418530085,2.6,34.62657938636157,34.496373576304066
837,23.643180835073778,17.204625988465878,19.23143027588268,0,1,0,0,0,0,135.0942111925629,4,1.35,0,0,1,0,32,31.709571965613,17.262652202702334,1.6,30.166206257996713,29.981994594902375
545,31.622776601683793,38.5586566156032,32.31098513719976,1,0,0,0,0,0,127.33567457123111,12,2.62,0,1,0,0,1024,31.709571965613,37.403208418530085,2.8,34.62657938636157,34.496373576304066
916,29.9833287011299,26.429148880025192,32.31098513719976,1,1,0,0,0,0,141.21199808219862,8,1.95,1,0,0,0,512,31.709571965613,30.935399707564464,2.5,30.166206257996713,29.981994594902375
578,31.622776601683793,26.429148880025192,32.31098513719976,0,0,0,0,0,0,111.93520355955211,8,1.94,0,1,0,0,2048,31.709571965613,19.836582366930045,1.6,30.166206257996713,29.981994594902375
996,29.9833287011299,26.429148880025192,32.31098513719976,1,0,0,0,0,0,141.21199808219862,6,2.2,1,0,0,0,256,20.71231517720798,22.559939701738855,3.6,26.62639174419421,26.43860813280457
770,31.495835455754325,38.66522985836241,32.31098513719976,1,0,0,0,0,0,176.23257360658386,16,1.18,1,0,0,0,256,31.709571965613,37.403208418530085,2.8,30.166206257996713,29.981994594902375
407,29.9833287011299,26.429148880025192,32.31098513719976,0,0,0,0,0,0,100.45466986113651,4,2.2,0,1,0,0,1024,31.709571965613,17.262652202702334,1.1,30.166206257996713,29.981994594902375
418,29.9833287011299,38.66522985836241,32.31098513719976,1,1,0,0,0,0,209.8006828649808,8,1.7,1,0,0,0,512,31.709571965613,37.403208418530085,2.8,34.62657938636157,34.496373576304066
